OK: docs/plans/current-work.md matches the optid ledger and agent entry points.
FAILED: optid package contract
  - F2: verification receipt is stale — verified_commit 4e01cf4e182b is an ancestor of HEAD but the following declared proof paths were modified after it: crates/optid/src/kernel_io.rs. A fresh cold verification receipt is required before this package may remain `completed`. Demote to `merged_incomplete` and record the precise blocker in `blocking_reason`.
  - D0: verification receipt is stale — verified_commit 4e01cf4e182b is an ancestor of HEAD but the following declared proof paths were modified after it: crates/optid/src/capability_seal_test/landlock_syscall.rs. A fresh cold verification receipt is required before this package may remain `completed`. Demote to `merged_incomplete` and record the precise blocker in `blocking_reason`.
exact_stale_set=F2,D0
OK: README practical guide matches repository truth.
source_binding_and_prestate=pass
[1m[92m    Updating[0m crates.io index
[1m[92m   Compiling[0m optid v0.7.0-beta.4 (/home/runner/work/Rush-linux/Rush-linux/crates/optid)
[1m[92m    Finished[0m `dev` profile [unoptimized + debuginfo] target(s) in 12.44s
[1m[92m   Compiling[0m optid v0.7.0-beta.4 (/home/runner/work/Rush-linux/Rush-linux/crates/optid)
[1m[92m    Finished[0m `dev` profile [unoptimized + debuginfo] target(s) in 6.34s
acceptance_package=F2 test=f2_production_daemon_run_consumes_injected_kernel_io
   Compiling optid v0.7.0-beta.4 (/home/runner/work/Rush-linux/Rush-linux/crates/optid)
    Finished `test` profile [unoptimized + debuginfo] target(s) in 8.95s
     Running unittests src/lib.rs (target/debug/deps/optid-47dfb525877955b6)
0 tests, 0 benchmarks
     Running unittests src/main.rs (target/debug/deps/optid-7884dd5031955366)
tests::f2_production_surface::f2_production_daemon_run_consumes_injected_kernel_io: test

1 test, 0 benchmarks
     Running unittests src/bin/optid-capability-seal-test.rs (target/debug/deps/optid_capability_seal_test-f80e4c675a0d5e15)
0 tests, 0 benchmarks
     Running unittests src/bin/optid-lever-contracts.rs (target/debug/deps/optid_lever_contracts-f8f7e11092f3e6d7)
0 tests, 0 benchmarks
     Running unittests src/bin/optid-recover.rs (target/debug/deps/optid_recover-f5e117a768f90ad0)
0 tests, 0 benchmarks
     Running tests/capability_sealing_cli.rs (target/debug/deps/capability_sealing_cli-0da64ab3a0ed2682)
0 tests, 0 benchmarks
     Running tests/lever_contract_cli.rs (target/debug/deps/lever_contract_cli-1072268178105ecb)
0 tests, 0 benchmarks
     Running tests/recovery_cli.rs (target/debug/deps/recovery_cli-59e5fb7f60515e42)
0 tests, 0 benchmarks
     Running tests/s3d_systemd.rs (target/debug/deps/s3d_systemd-3eb41ce8c7645d99)
0 tests, 0 benchmarks
     Running tests/s4d_systemd.rs (target/debug/deps/s4d_systemd-35ada8e729369419)
0 tests, 0 benchmarks
tests::f2_production_surface::f2_production_daemon_run_consumes_injected_kernel_io: test
    Finished `test` profile [unoptimized + debuginfo] target(s) in 0.06s
     Running unittests src/lib.rs (target/debug/deps/optid-47dfb525877955b6)

running 0 tests

test result: ok. 0 passed; 0 failed; 0 ignored; 0 measured; 14 filtered out; finished in 0.00s

     Running unittests src/main.rs (target/debug/deps/optid-7884dd5031955366)

running 1 test
optid: failed to parse policy TOML from /tmp/optid_f2_production_surface_3556_1785861596703515862/policy.toml: TOML parse error at line 1, column 1
  |
1 | 
  | ^
missing field `thresholds`
. Using curated baseline.
optid: boot state — policy_load_state=invalid allowlist_load_state=ok allowlist_gate=false apply_armed=false baseline_armed=false; independent VM baseline retired into F4 complete desired state
test tests::f2_production_surface::f2_production_daemon_run_consumes_injected_kernel_io ... ok

test result: ok. 1 passed; 0 failed; 0 ignored; 0 measured; 451 filtered out; finished in 0.00s

     Running unittests src/bin/optid-capability-seal-test.rs (target/debug/deps/optid_capability_seal_test-f80e4c675a0d5e15)

running 0 tests

test result: ok. 0 passed; 0 failed; 0 ignored; 0 measured; 8 filtered out; finished in 0.00s

     Running unittests src/bin/optid-lever-contracts.rs (target/debug/deps/optid_lever_contracts-f8f7e11092f3e6d7)

running 0 tests

test result: ok. 0 passed; 0 failed; 0 ignored; 0 measured; 0 filtered out; finished in 0.00s

     Running unittests src/bin/optid-recover.rs (target/debug/deps/optid_recover-f5e117a768f90ad0)

running 0 tests

test result: ok. 0 passed; 0 failed; 0 ignored; 0 measured; 6 filtered out; finished in 0.00s

     Running tests/capability_sealing_cli.rs (target/debug/deps/capability_sealing_cli-0da64ab3a0ed2682)

running 0 tests

test result: ok. 0 passed; 0 failed; 0 ignored; 0 measured; 3 filtered out; finished in 0.00s

     Running tests/lever_contract_cli.rs (target/debug/deps/lever_contract_cli-1072268178105ecb)

running 0 tests

test result: ok. 0 passed; 0 failed; 0 ignored; 0 measured; 1 filtered out; finished in 0.00s

     Running tests/recovery_cli.rs (target/debug/deps/recovery_cli-59e5fb7f60515e42)

running 0 tests

test result: ok. 0 passed; 0 failed; 0 ignored; 0 measured; 2 filtered out; finished in 0.00s

     Running tests/s3d_systemd.rs (target/debug/deps/s3d_systemd-3eb41ce8c7645d99)

running 0 tests

test result: ok. 0 passed; 0 failed; 0 ignored; 0 measured; 2 filtered out; finished in 0.00s

     Running tests/s4d_systemd.rs (target/debug/deps/s4d_systemd-35ada8e729369419)

running 0 tests

test result: ok. 0 passed; 0 failed; 0 ignored; 0 measured; 3 filtered out; finished in 0.00s

acceptance_package=D0 test=abi_one_excludes_newer_rights
    Finished `test` profile [unoptimized + debuginfo] target(s) in 0.06s
     Running unittests src/lib.rs (target/debug/deps/optid-47dfb525877955b6)
0 tests, 0 benchmarks
     Running unittests src/main.rs (target/debug/deps/optid-7884dd5031955366)
capability_table::landlock::tests::abi_one_excludes_newer_rights: test

1 test, 0 benchmarks
     Running unittests src/bin/optid-capability-seal-test.rs (target/debug/deps/optid_capability_seal_test-f80e4c675a0d5e15)
landlock_syscall::tests::abi_one_excludes_newer_rights: test

1 test, 0 benchmarks
     Running unittests src/bin/optid-lever-contracts.rs (target/debug/deps/optid_lever_contracts-f8f7e11092f3e6d7)
0 tests, 0 benchmarks
     Running unittests src/bin/optid-recover.rs (target/debug/deps/optid_recover-f5e117a768f90ad0)
0 tests, 0 benchmarks
     Running tests/capability_sealing_cli.rs (target/debug/deps/capability_sealing_cli-0da64ab3a0ed2682)
0 tests, 0 benchmarks
     Running tests/lever_contract_cli.rs (target/debug/deps/lever_contract_cli-1072268178105ecb)
0 tests, 0 benchmarks
     Running tests/recovery_cli.rs (target/debug/deps/recovery_cli-59e5fb7f60515e42)
0 tests, 0 benchmarks
     Running tests/s3d_systemd.rs (target/debug/deps/s3d_systemd-3eb41ce8c7645d99)
0 tests, 0 benchmarks
     Running tests/s4d_systemd.rs (target/debug/deps/s4d_systemd-35ada8e729369419)
0 tests, 0 benchmarks
capability_table::landlock::tests::abi_one_excludes_newer_rights: test
landlock_syscall::tests::abi_one_excludes_newer_rights: test
    Finished `test` profile [unoptimized + debuginfo] target(s) in 0.06s
     Running unittests src/lib.rs (target/debug/deps/optid-47dfb525877955b6)

running 0 tests

test result: ok. 0 passed; 0 failed; 0 ignored; 0 measured; 14 filtered out; finished in 0.00s

     Running unittests src/main.rs (target/debug/deps/optid-7884dd5031955366)

running 1 test
test capability_table::landlock::tests::abi_one_excludes_newer_rights ... ok

test result: ok. 1 passed; 0 failed; 0 ignored; 0 measured; 451 filtered out; finished in 0.00s

     Running unittests src/bin/optid-capability-seal-test.rs (target/debug/deps/optid_capability_seal_test-f80e4c675a0d5e15)

running 1 test
test landlock_syscall::tests::abi_one_excludes_newer_rights ... ok

test result: ok. 1 passed; 0 failed; 0 ignored; 0 measured; 7 filtered out; finished in 0.00s

     Running unittests src/bin/optid-lever-contracts.rs (target/debug/deps/optid_lever_contracts-f8f7e11092f3e6d7)

running 0 tests

test result: ok. 0 passed; 0 failed; 0 ignored; 0 measured; 0 filtered out; finished in 0.00s

     Running unittests src/bin/optid-recover.rs (target/debug/deps/optid_recover-f5e117a768f90ad0)

running 0 tests

test result: ok. 0 passed; 0 failed; 0 ignored; 0 measured; 6 filtered out; finished in 0.00s

     Running tests/capability_sealing_cli.rs (target/debug/deps/capability_sealing_cli-0da64ab3a0ed2682)

running 0 tests

test result: ok. 0 passed; 0 failed; 0 ignored; 0 measured; 3 filtered out; finished in 0.00s

     Running tests/lever_contract_cli.rs (target/debug/deps/lever_contract_cli-1072268178105ecb)

running 0 tests

test result: ok. 0 passed; 0 failed; 0 ignored; 0 measured; 1 filtered out; finished in 0.00s

     Running tests/recovery_cli.rs (target/debug/deps/recovery_cli-59e5fb7f60515e42)

running 0 tests

test result: ok. 0 passed; 0 failed; 0 ignored; 0 measured; 2 filtered out; finished in 0.00s

     Running tests/s3d_systemd.rs (target/debug/deps/s3d_systemd-3eb41ce8c7645d99)

running 0 tests

test result: ok. 0 passed; 0 failed; 0 ignored; 0 measured; 2 filtered out; finished in 0.00s

     Running tests/s4d_systemd.rs (target/debug/deps/s4d_systemd-35ada8e729369419)

running 0 tests

test result: ok. 0 passed; 0 failed; 0 ignored; 0 measured; 3 filtered out; finished in 0.00s

acceptance_package=D0 test=abi_two_adds_refer_only
    Finished `test` profile [unoptimized + debuginfo] target(s) in 0.06s
     Running unittests src/lib.rs (target/debug/deps/optid-47dfb525877955b6)
0 tests, 0 benchmarks
     Running unittests src/main.rs (target/debug/deps/optid-7884dd5031955366)
capability_table::landlock::tests::abi_two_adds_refer_only: test

1 test, 0 benchmarks
     Running unittests src/bin/optid-capability-seal-test.rs (target/debug/deps/optid_capability_seal_test-f80e4c675a0d5e15)
landlock_syscall::tests::abi_two_adds_refer_only: test

1 test, 0 benchmarks
     Running unittests src/bin/optid-lever-contracts.rs (target/debug/deps/optid_lever_contracts-f8f7e11092f3e6d7)
0 tests, 0 benchmarks
     Running unittests src/bin/optid-recover.rs (target/debug/deps/optid_recover-f5e117a768f90ad0)
0 tests, 0 benchmarks
     Running tests/capability_sealing_cli.rs (target/debug/deps/capability_sealing_cli-0da64ab3a0ed2682)
0 tests, 0 benchmarks
     Running tests/lever_contract_cli.rs (target/debug/deps/lever_contract_cli-1072268178105ecb)
0 tests, 0 benchmarks
     Running tests/recovery_cli.rs (target/debug/deps/recovery_cli-59e5fb7f60515e42)
0 tests, 0 benchmarks
     Running tests/s3d_systemd.rs (target/debug/deps/s3d_systemd-3eb41ce8c7645d99)
0 tests, 0 benchmarks
     Running tests/s4d_systemd.rs (target/debug/deps/s4d_systemd-35ada8e729369419)
0 tests, 0 benchmarks
capability_table::landlock::tests::abi_two_adds_refer_only: test
landlock_syscall::tests::abi_two_adds_refer_only: test
    Finished `test` profile [unoptimized + debuginfo] target(s) in 0.06s
     Running unittests src/lib.rs (target/debug/deps/optid-47dfb525877955b6)

running 0 tests

test result: ok. 0 passed; 0 failed; 0 ignored; 0 measured; 14 filtered out; finished in 0.00s

     Running unittests src/main.rs (target/debug/deps/optid-7884dd5031955366)

running 1 test
test capability_table::landlock::tests::abi_two_adds_refer_only ... ok

test result: ok. 1 passed; 0 failed; 0 ignored; 0 measured; 451 filtered out; finished in 0.00s

     Running unittests src/bin/optid-capability-seal-test.rs (target/debug/deps/optid_capability_seal_test-f80e4c675a0d5e15)

running 1 test
test landlock_syscall::tests::abi_two_adds_refer_only ... ok

test result: ok. 1 passed; 0 failed; 0 ignored; 0 measured; 7 filtered out; finished in 0.00s

     Running unittests src/bin/optid-lever-contracts.rs (target/debug/deps/optid_lever_contracts-f8f7e11092f3e6d7)

running 0 tests

test result: ok. 0 passed; 0 failed; 0 ignored; 0 measured; 0 filtered out; finished in 0.00s

     Running unittests src/bin/optid-recover.rs (target/debug/deps/optid_recover-f5e117a768f90ad0)

running 0 tests

test result: ok. 0 passed; 0 failed; 0 ignored; 0 measured; 6 filtered out; finished in 0.00s

     Running tests/capability_sealing_cli.rs (target/debug/deps/capability_sealing_cli-0da64ab3a0ed2682)

running 0 tests

test result: ok. 0 passed; 0 failed; 0 ignored; 0 measured; 3 filtered out; finished in 0.00s

     Running tests/lever_contract_cli.rs (target/debug/deps/lever_contract_cli-1072268178105ecb)

running 0 tests

test result: ok. 0 passed; 0 failed; 0 ignored; 0 measured; 1 filtered out; finished in 0.00s

     Running tests/recovery_cli.rs (target/debug/deps/recovery_cli-59e5fb7f60515e42)

running 0 tests

test result: ok. 0 passed; 0 failed; 0 ignored; 0 measured; 2 filtered out; finished in 0.00s

     Running tests/s3d_systemd.rs (target/debug/deps/s3d_systemd-3eb41ce8c7645d99)

running 0 tests

test result: ok. 0 passed; 0 failed; 0 ignored; 0 measured; 2 filtered out; finished in 0.00s

     Running tests/s4d_systemd.rs (target/debug/deps/s4d_systemd-35ada8e729369419)

running 0 tests

test result: ok. 0 passed; 0 failed; 0 ignored; 0 measured; 3 filtered out; finished in 0.00s

acceptance_package=D0 test=abi_three_adds_truncate
    Finished `test` profile [unoptimized + debuginfo] target(s) in 0.06s
     Running unittests src/lib.rs (target/debug/deps/optid-47dfb525877955b6)
0 tests, 0 benchmarks
     Running unittests src/main.rs (target/debug/deps/optid-7884dd5031955366)
capability_table::landlock::tests::abi_three_adds_truncate: test

1 test, 0 benchmarks
     Running unittests src/bin/optid-capability-seal-test.rs (target/debug/deps/optid_capability_seal_test-f80e4c675a0d5e15)
landlock_syscall::tests::abi_three_adds_truncate: test

1 test, 0 benchmarks
     Running unittests src/bin/optid-lever-contracts.rs (target/debug/deps/optid_lever_contracts-f8f7e11092f3e6d7)
0 tests, 0 benchmarks
     Running unittests src/bin/optid-recover.rs (target/debug/deps/optid_recover-f5e117a768f90ad0)
0 tests, 0 benchmarks
     Running tests/capability_sealing_cli.rs (target/debug/deps/capability_sealing_cli-0da64ab3a0ed2682)
0 tests, 0 benchmarks
     Running tests/lever_contract_cli.rs (target/debug/deps/lever_contract_cli-1072268178105ecb)
0 tests, 0 benchmarks
     Running tests/recovery_cli.rs (target/debug/deps/recovery_cli-59e5fb7f60515e42)
0 tests, 0 benchmarks
     Running tests/s3d_systemd.rs (target/debug/deps/s3d_systemd-3eb41ce8c7645d99)
0 tests, 0 benchmarks
     Running tests/s4d_systemd.rs (target/debug/deps/s4d_systemd-35ada8e729369419)
0 tests, 0 benchmarks
capability_table::landlock::tests::abi_three_adds_truncate: test
landlock_syscall::tests::abi_three_adds_truncate: test
    Finished `test` profile [unoptimized + debuginfo] target(s) in 0.06s
     Running unittests src/lib.rs (target/debug/deps/optid-47dfb525877955b6)

running 0 tests

test result: ok. 0 passed; 0 failed; 0 ignored; 0 measured; 14 filtered out; finished in 0.00s

     Running unittests src/main.rs (target/debug/deps/optid-7884dd5031955366)

running 1 test
test capability_table::landlock::tests::abi_three_adds_truncate ... ok

test result: ok. 1 passed; 0 failed; 0 ignored; 0 measured; 451 filtered out; finished in 0.00s

     Running unittests src/bin/optid-capability-seal-test.rs (target/debug/deps/optid_capability_seal_test-f80e4c675a0d5e15)

running 1 test
test landlock_syscall::tests::abi_three_adds_truncate ... ok

test result: ok. 1 passed; 0 failed; 0 ignored; 0 measured; 7 filtered out; finished in 0.00s

     Running unittests src/bin/optid-lever-contracts.rs (target/debug/deps/optid_lever_contracts-f8f7e11092f3e6d7)

running 0 tests

test result: ok. 0 passed; 0 failed; 0 ignored; 0 measured; 0 filtered out; finished in 0.00s

     Running unittests src/bin/optid-recover.rs (target/debug/deps/optid_recover-f5e117a768f90ad0)

running 0 tests

test result: ok. 0 passed; 0 failed; 0 ignored; 0 measured; 6 filtered out; finished in 0.00s

     Running tests/capability_sealing_cli.rs (target/debug/deps/capability_sealing_cli-0da64ab3a0ed2682)

running 0 tests

test result: ok. 0 passed; 0 failed; 0 ignored; 0 measured; 3 filtered out; finished in 0.00s

     Running tests/lever_contract_cli.rs (target/debug/deps/lever_contract_cli-1072268178105ecb)

running 0 tests

test result: ok. 0 passed; 0 failed; 0 ignored; 0 measured; 1 filtered out; finished in 0.00s

     Running tests/recovery_cli.rs (target/debug/deps/recovery_cli-59e5fb7f60515e42)

running 0 tests

test result: ok. 0 passed; 0 failed; 0 ignored; 0 measured; 2 filtered out; finished in 0.00s

     Running tests/s3d_systemd.rs (target/debug/deps/s3d_systemd-3eb41ce8c7645d99)

running 0 tests

test result: ok. 0 passed; 0 failed; 0 ignored; 0 measured; 2 filtered out; finished in 0.00s

     Running tests/s4d_systemd.rs (target/debug/deps/s4d_systemd-35ada8e729369419)

running 0 tests

test result: ok. 0 passed; 0 failed; 0 ignored; 0 measured; 3 filtered out; finished in 0.00s

acceptance_package=D0 test=topology_rebuild_cli_exits_with_dedicated_status
    Finished `test` profile [unoptimized + debuginfo] target(s) in 0.06s
     Running unittests src/lib.rs (target/debug/deps/optid-47dfb525877955b6)
0 tests, 0 benchmarks
     Running unittests src/main.rs (target/debug/deps/optid-7884dd5031955366)
0 tests, 0 benchmarks
     Running unittests src/bin/optid-capability-seal-test.rs (target/debug/deps/optid_capability_seal_test-f80e4c675a0d5e15)
0 tests, 0 benchmarks
     Running unittests src/bin/optid-lever-contracts.rs (target/debug/deps/optid_lever_contracts-f8f7e11092f3e6d7)
0 tests, 0 benchmarks
     Running unittests src/bin/optid-recover.rs (target/debug/deps/optid_recover-f5e117a768f90ad0)
0 tests, 0 benchmarks
     Running tests/capability_sealing_cli.rs (target/debug/deps/capability_sealing_cli-0da64ab3a0ed2682)
topology_rebuild_cli_exits_with_dedicated_status: test

1 test, 0 benchmarks
     Running tests/lever_contract_cli.rs (target/debug/deps/lever_contract_cli-1072268178105ecb)
0 tests, 0 benchmarks
     Running tests/recovery_cli.rs (target/debug/deps/recovery_cli-59e5fb7f60515e42)
0 tests, 0 benchmarks
     Running tests/s3d_systemd.rs (target/debug/deps/s3d_systemd-3eb41ce8c7645d99)
0 tests, 0 benchmarks
     Running tests/s4d_systemd.rs (target/debug/deps/s4d_systemd-35ada8e729369419)
0 tests, 0 benchmarks
topology_rebuild_cli_exits_with_dedicated_status: test
    Finished `test` profile [unoptimized + debuginfo] target(s) in 0.06s
     Running unittests src/lib.rs (target/debug/deps/optid-47dfb525877955b6)

running 0 tests

test result: ok. 0 passed; 0 failed; 0 ignored; 0 measured; 14 filtered out; finished in 0.00s

     Running unittests src/main.rs (target/debug/deps/optid-7884dd5031955366)

running 0 tests

test result: ok. 0 passed; 0 failed; 0 ignored; 0 measured; 452 filtered out; finished in 0.00s

     Running unittests src/bin/optid-capability-seal-test.rs (target/debug/deps/optid_capability_seal_test-f80e4c675a0d5e15)

running 0 tests

test result: ok. 0 passed; 0 failed; 0 ignored; 0 measured; 8 filtered out; finished in 0.00s

     Running unittests src/bin/optid-lever-contracts.rs (target/debug/deps/optid_lever_contracts-f8f7e11092f3e6d7)

running 0 tests

test result: ok. 0 passed; 0 failed; 0 ignored; 0 measured; 0 filtered out; finished in 0.00s

     Running unittests src/bin/optid-recover.rs (target/debug/deps/optid_recover-f5e117a768f90ad0)

running 0 tests

test result: ok. 0 passed; 0 failed; 0 ignored; 0 measured; 6 filtered out; finished in 0.00s

     Running tests/capability_sealing_cli.rs (target/debug/deps/capability_sealing_cli-0da64ab3a0ed2682)

running 1 test
topology change accepted; requesting supervisor-managed cold restart
test topology_rebuild_cli_exits_with_dedicated_status ... ok

test result: ok. 1 passed; 0 failed; 0 ignored; 0 measured; 2 filtered out; finished in 0.00s

     Running tests/lever_contract_cli.rs (target/debug/deps/lever_contract_cli-1072268178105ecb)

running 0 tests

test result: ok. 0 passed; 0 failed; 0 ignored; 0 measured; 1 filtered out; finished in 0.00s

     Running tests/recovery_cli.rs (target/debug/deps/recovery_cli-59e5fb7f60515e42)

running 0 tests

test result: ok. 0 passed; 0 failed; 0 ignored; 0 measured; 2 filtered out; finished in 0.00s

     Running tests/s3d_systemd.rs (target/debug/deps/s3d_systemd-3eb41ce8c7645d99)

running 0 tests

test result: ok. 0 passed; 0 failed; 0 ignored; 0 measured; 2 filtered out; finished in 0.00s

     Running tests/s4d_systemd.rs (target/debug/deps/s4d_systemd-35ada8e729369419)

running 0 tests

test result: ok. 0 passed; 0 failed; 0 ignored; 0 measured; 3 filtered out; finished in 0.00s

acceptance_package=D0 test=recovery_step_cli_writes_a_valid_marker
    Finished `test` profile [unoptimized + debuginfo] target(s) in 0.06s
     Running unittests src/lib.rs (target/debug/deps/optid-47dfb525877955b6)
0 tests, 0 benchmarks
     Running unittests src/main.rs (target/debug/deps/optid-7884dd5031955366)
0 tests, 0 benchmarks
     Running unittests src/bin/optid-capability-seal-test.rs (target/debug/deps/optid_capability_seal_test-f80e4c675a0d5e15)
0 tests, 0 benchmarks
     Running unittests src/bin/optid-lever-contracts.rs (target/debug/deps/optid_lever_contracts-f8f7e11092f3e6d7)
0 tests, 0 benchmarks
     Running unittests src/bin/optid-recover.rs (target/debug/deps/optid_recover-f5e117a768f90ad0)
0 tests, 0 benchmarks
     Running tests/capability_sealing_cli.rs (target/debug/deps/capability_sealing_cli-0da64ab3a0ed2682)
recovery_step_cli_writes_a_valid_marker: test

1 test, 0 benchmarks
     Running tests/lever_contract_cli.rs (target/debug/deps/lever_contract_cli-1072268178105ecb)
0 tests, 0 benchmarks
     Running tests/recovery_cli.rs (target/debug/deps/recovery_cli-59e5fb7f60515e42)
0 tests, 0 benchmarks
     Running tests/s3d_systemd.rs (target/debug/deps/s3d_systemd-3eb41ce8c7645d99)
0 tests, 0 benchmarks
     Running tests/s4d_systemd.rs (target/debug/deps/s4d_systemd-35ada8e729369419)
0 tests, 0 benchmarks
recovery_step_cli_writes_a_valid_marker: test
    Finished `test` profile [unoptimized + debuginfo] target(s) in 0.06s
     Running unittests src/lib.rs (target/debug/deps/optid-47dfb525877955b6)

running 0 tests

test result: ok. 0 passed; 0 failed; 0 ignored; 0 measured; 14 filtered out; finished in 0.00s

     Running unittests src/main.rs (target/debug/deps/optid-7884dd5031955366)

running 0 tests

test result: ok. 0 passed; 0 failed; 0 ignored; 0 measured; 452 filtered out; finished in 0.00s

     Running unittests src/bin/optid-capability-seal-test.rs (target/debug/deps/optid_capability_seal_test-f80e4c675a0d5e15)

running 0 tests

test result: ok. 0 passed; 0 failed; 0 ignored; 0 measured; 8 filtered out; finished in 0.00s

     Running unittests src/bin/optid-lever-contracts.rs (target/debug/deps/optid_lever_contracts-f8f7e11092f3e6d7)

running 0 tests

test result: ok. 0 passed; 0 failed; 0 ignored; 0 measured; 0 filtered out; finished in 0.00s

     Running unittests src/bin/optid-recover.rs (target/debug/deps/optid_recover-f5e117a768f90ad0)

running 0 tests

test result: ok. 0 passed; 0 failed; 0 ignored; 0 measured; 6 filtered out; finished in 0.00s

     Running tests/capability_sealing_cli.rs (target/debug/deps/capability_sealing_cli-0da64ab3a0ed2682)

running 1 test
recovery step completed: /tmp/optid-capability-sealing-recovery-marker-3754-1785861597656428720
test recovery_step_cli_writes_a_valid_marker ... ok

test result: ok. 1 passed; 0 failed; 0 ignored; 0 measured; 2 filtered out; finished in 0.00s

     Running tests/lever_contract_cli.rs (target/debug/deps/lever_contract_cli-1072268178105ecb)

running 0 tests

test result: ok. 0 passed; 0 failed; 0 ignored; 0 measured; 1 filtered out; finished in 0.00s

     Running tests/recovery_cli.rs (target/debug/deps/recovery_cli-59e5fb7f60515e42)

running 0 tests

test result: ok. 0 passed; 0 failed; 0 ignored; 0 measured; 2 filtered out; finished in 0.00s

     Running tests/s3d_systemd.rs (target/debug/deps/s3d_systemd-3eb41ce8c7645d99)

running 0 tests

test result: ok. 0 passed; 0 failed; 0 ignored; 0 measured; 2 filtered out; finished in 0.00s

     Running tests/s4d_systemd.rs (target/debug/deps/s4d_systemd-35ada8e729369419)

running 0 tests

test result: ok. 0 passed; 0 failed; 0 ignored; 0 measured; 3 filtered out; finished in 0.00s

acceptance_package=D0 test=service_orders_recovery_before_fresh_capability_construction
    Finished `test` profile [unoptimized + debuginfo] target(s) in 0.06s
     Running unittests src/lib.rs (target/debug/deps/optid-47dfb525877955b6)
0 tests, 0 benchmarks
     Running unittests src/main.rs (target/debug/deps/optid-7884dd5031955366)
0 tests, 0 benchmarks
     Running unittests src/bin/optid-capability-seal-test.rs (target/debug/deps/optid_capability_seal_test-f80e4c675a0d5e15)
0 tests, 0 benchmarks
     Running unittests src/bin/optid-lever-contracts.rs (target/debug/deps/optid_lever_contracts-f8f7e11092f3e6d7)
0 tests, 0 benchmarks
     Running unittests src/bin/optid-recover.rs (target/debug/deps/optid_recover-f5e117a768f90ad0)
0 tests, 0 benchmarks
     Running tests/capability_sealing_cli.rs (target/debug/deps/capability_sealing_cli-0da64ab3a0ed2682)
service_orders_recovery_before_fresh_capability_construction: test

1 test, 0 benchmarks
     Running tests/lever_contract_cli.rs (target/debug/deps/lever_contract_cli-1072268178105ecb)
0 tests, 0 benchmarks
     Running tests/recovery_cli.rs (target/debug/deps/recovery_cli-59e5fb7f60515e42)
0 tests, 0 benchmarks
     Running tests/s3d_systemd.rs (target/debug/deps/s3d_systemd-3eb41ce8c7645d99)
0 tests, 0 benchmarks
     Running tests/s4d_systemd.rs (target/debug/deps/s4d_systemd-35ada8e729369419)
0 tests, 0 benchmarks
service_orders_recovery_before_fresh_capability_construction: test
    Finished `test` profile [unoptimized + debuginfo] target(s) in 0.06s
     Running unittests src/lib.rs (target/debug/deps/optid-47dfb525877955b6)

running 0 tests

test result: ok. 0 passed; 0 failed; 0 ignored; 0 measured; 14 filtered out; finished in 0.00s

     Running unittests src/main.rs (target/debug/deps/optid-7884dd5031955366)

running 0 tests

test result: ok. 0 passed; 0 failed; 0 ignored; 0 measured; 452 filtered out; finished in 0.00s

     Running unittests src/bin/optid-capability-seal-test.rs (target/debug/deps/optid_capability_seal_test-f80e4c675a0d5e15)

running 0 tests

test result: ok. 0 passed; 0 failed; 0 ignored; 0 measured; 8 filtered out; finished in 0.00s

     Running unittests src/bin/optid-lever-contracts.rs (target/debug/deps/optid_lever_contracts-f8f7e11092f3e6d7)

running 0 tests

test result: ok. 0 passed; 0 failed; 0 ignored; 0 measured; 0 filtered out; finished in 0.00s

     Running unittests src/bin/optid-recover.rs (target/debug/deps/optid_recover-f5e117a768f90ad0)

running 0 tests

test result: ok. 0 passed; 0 failed; 0 ignored; 0 measured; 6 filtered out; finished in 0.00s

     Running tests/capability_sealing_cli.rs (target/debug/deps/capability_sealing_cli-0da64ab3a0ed2682)

running 1 test
test service_orders_recovery_before_fresh_capability_construction ... ok

test result: ok. 1 passed; 0 failed; 0 ignored; 0 measured; 2 filtered out; finished in 0.00s

     Running tests/lever_contract_cli.rs (target/debug/deps/lever_contract_cli-1072268178105ecb)

running 0 tests

test result: ok. 0 passed; 0 failed; 0 ignored; 0 measured; 1 filtered out; finished in 0.00s

     Running tests/recovery_cli.rs (target/debug/deps/recovery_cli-59e5fb7f60515e42)

running 0 tests

test result: ok. 0 passed; 0 failed; 0 ignored; 0 measured; 2 filtered out; finished in 0.00s

     Running tests/s3d_systemd.rs (target/debug/deps/s3d_systemd-3eb41ce8c7645d99)

running 0 tests

test result: ok. 0 passed; 0 failed; 0 ignored; 0 measured; 2 filtered out; finished in 0.00s

     Running tests/s4d_systemd.rs (target/debug/deps/s4d_systemd-35ada8e729369419)

running 0 tests

test result: ok. 0 passed; 0 failed; 0 ignored; 0 measured; 3 filtered out; finished in 0.00s

acceptance_package=D0 test=invalid_recovery_marker_is_rejected
    Finished `test` profile [unoptimized + debuginfo] target(s) in 0.06s
     Running unittests src/lib.rs (target/debug/deps/optid-47dfb525877955b6)
0 tests, 0 benchmarks
     Running unittests src/main.rs (target/debug/deps/optid-7884dd5031955366)
0 tests, 0 benchmarks
     Running unittests src/bin/optid-capability-seal-test.rs (target/debug/deps/optid_capability_seal_test-f80e4c675a0d5e15)
tests::invalid_recovery_marker_is_rejected: test

1 test, 0 benchmarks
     Running unittests src/bin/optid-lever-contracts.rs (target/debug/deps/optid_lever_contracts-f8f7e11092f3e6d7)
0 tests, 0 benchmarks
     Running unittests src/bin/optid-recover.rs (target/debug/deps/optid_recover-f5e117a768f90ad0)
0 tests, 0 benchmarks
     Running tests/capability_sealing_cli.rs (target/debug/deps/capability_sealing_cli-0da64ab3a0ed2682)
0 tests, 0 benchmarks
     Running tests/lever_contract_cli.rs (target/debug/deps/lever_contract_cli-1072268178105ecb)
0 tests, 0 benchmarks
     Running tests/recovery_cli.rs (target/debug/deps/recovery_cli-59e5fb7f60515e42)
0 tests, 0 benchmarks
     Running tests/s3d_systemd.rs (target/debug/deps/s3d_systemd-3eb41ce8c7645d99)
0 tests, 0 benchmarks
     Running tests/s4d_systemd.rs (target/debug/deps/s4d_systemd-35ada8e729369419)
0 tests, 0 benchmarks
tests::invalid_recovery_marker_is_rejected: test
    Finished `test` profile [unoptimized + debuginfo] target(s) in 0.06s
     Running unittests src/lib.rs (target/debug/deps/optid-47dfb525877955b6)

running 0 tests

test result: ok. 0 passed; 0 failed; 0 ignored; 0 measured; 14 filtered out; finished in 0.00s

     Running unittests src/main.rs (target/debug/deps/optid-7884dd5031955366)

running 0 tests

test result: ok. 0 passed; 0 failed; 0 ignored; 0 measured; 452 filtered out; finished in 0.00s

     Running unittests src/bin/optid-capability-seal-test.rs (target/debug/deps/optid_capability_seal_test-f80e4c675a0d5e15)

running 1 test
test tests::invalid_recovery_marker_is_rejected ... ok

test result: ok. 1 passed; 0 failed; 0 ignored; 0 measured; 7 filtered out; finished in 0.00s

     Running unittests src/bin/optid-lever-contracts.rs (target/debug/deps/optid_lever_contracts-f8f7e11092f3e6d7)

running 0 tests

test result: ok. 0 passed; 0 failed; 0 ignored; 0 measured; 0 filtered out; finished in 0.00s

     Running unittests src/bin/optid-recover.rs (target/debug/deps/optid_recover-f5e117a768f90ad0)

running 0 tests

test result: ok. 0 passed; 0 failed; 0 ignored; 0 measured; 6 filtered out; finished in 0.00s

     Running tests/capability_sealing_cli.rs (target/debug/deps/capability_sealing_cli-0da64ab3a0ed2682)

running 0 tests

test result: ok. 0 passed; 0 failed; 0 ignored; 0 measured; 3 filtered out; finished in 0.00s

     Running tests/lever_contract_cli.rs (target/debug/deps/lever_contract_cli-1072268178105ecb)

running 0 tests

test result: ok. 0 passed; 0 failed; 0 ignored; 0 measured; 1 filtered out; finished in 0.00s

     Running tests/recovery_cli.rs (target/debug/deps/recovery_cli-59e5fb7f60515e42)

running 0 tests

test result: ok. 0 passed; 0 failed; 0 ignored; 0 measured; 2 filtered out; finished in 0.00s

     Running tests/s3d_systemd.rs (target/debug/deps/s3d_systemd-3eb41ce8c7645d99)

running 0 tests

test result: ok. 0 passed; 0 failed; 0 ignored; 0 measured; 2 filtered out; finished in 0.00s

     Running tests/s4d_systemd.rs (target/debug/deps/s4d_systemd-35ada8e729369419)

running 0 tests

test result: ok. 0 passed; 0 failed; 0 ignored; 0 measured; 3 filtered out; finished in 0.00s

[1m[92m   Compiling[0m optid v0.7.0-beta.4 (/home/runner/work/Rush-linux/Rush-linux/crates/optid)
[1m[92m    Finished[0m `test` profile [unoptimized + debuginfo] target(s) in 8.30s
[1m[92m     Running[0m unittests src/lib.rs (target/debug/deps/optid-2200fd0d9c445290)

running 14 tests
test kernel_io::adapter_tests::f2_real_kernel_override_is_visible_to_library_target ... ok
test kernel_io::implementation::tests::fault_rules_are_deterministic_and_one_shot ... ok
test kernel_io::implementation::tests::allowlist_preserves_expected_boundaries ... ok
test kernel_io::implementation::tests::memory_kernel_round_trip_and_clock ... ok
test kernel_io::implementation::tests::persistent_hide_and_malformed_rules_apply ... ok
test kernel_io::implementation::tests::short_write_truncates_once ... ok
test lever_contract::tests::s1d_current_defaults_are_allowed_and_unknown_values_fail_closed ... ok
test lever_contract::tests::s1d_each_lever_has_exact_rollback_and_distinct_stabilization ... ok
test lever_contract::tests::s1d_missing_identity_original_envelope_or_verification_denies_actuation ... ok
test lever_contract::tests::s1d_missing_stabilization_evidence_fails_closed ... ok
test lever_contract::tests::s1d_planned_levers_remain_fail_closed_until_their_write_packages_exist ... ok
test lever_contract::tests::s1d_tightening_an_envelope_never_authorizes_a_denied_value ... ok
test lever_contract::tests::s1d_registry_contains_all_eleven_complete_lever_contracts ... ok
test lever_contract::tests::s1d_fixture_requires_every_field_for_every_lever ... ok

test result: ok. 14 passed; 0 failed; 0 ignored; 0 measured; 0 filtered out; finished in 0.00s

[1m[92m     Running[0m unittests src/main.rs (target/debug/deps/optid-4f970aacbe342396)

running 452 tests
test action::tests::describe_handles_none_latency_values ... ok
test action::tests::every_action_variant_has_a_defined_journal_key_decision ... ok
test action::tests::test_t5_explainability ... ok
test action::tests::journal_key_matches_actuator_key_shapes ... ok
test actuators::display::tests::target_clamps_to_floor_and_never_zero ... ok
test actuators::display::tests::prefers_vendor_over_acpi_video ... ok
test actuators::runtime_pm::tests::carrier_down_or_absent_not_up ... ok
test actuators::runtime_pm::tests::carrier_up_detected ... ok
test actuators::storage::tests::default_alpm_policy_is_safe_dipm ... ok
test actuators::storage::tests::cnvi_detected_by_class ... ok
test allowlist::tests::default_deny_on_unknown_hwid ... ok
test actuators::runtime_pm::tests::hid_input_and_wakeup_warning ... ok
test actuators::storage::tests::non_cnvi_not_flagged ... ok
test allowlist::tests::malformed_override_is_skipped_not_fatal ... ok
test allowlist::tests::hwid_from_attr_path_reads_modalias ... ok
test allowlist::tests::max_state_denies_with_reason ... ok
test allowlist::tests::last_file_wins_within_dir ... ok
test allowlist::tests::seeded_deny_entry_is_denied ... ok
test allowlist::tests::unverified_seeded_candidate_is_denied ... ok
test args::tests::allowlist_default_is_enabled ... ok
test args::tests::allowlist_disabled_form_also_requires_single_run ... ok
test args::tests::allowlist_enabled_form_is_idempotent ... ok
test args::tests::foreground_auto_composes_with_other_flags ... ok
test args::tests::foreground_auto_enables_detection ... ok
test args::tests::foreground_default_is_off ... ok
test allowlist::tests::override_precedence_admin_beats_distro_beats_seeded ... ok
test args::tests::foreground_invalid_value_rejected ... ok
test allowlist::tests::seeded_version_is_non_empty ... ok
test args::tests::foreground_missing_value_rejected ... ok
test args::tests::no_allowlist_requires_single_run ... ok
test args::tests::foreground_off_disables_detection ... ok
test args::tests::foreground_space_separated_value ... ok
test args::tests::no_allowlist_can_be_combined_with_other_flags ... ok
test args::tests::version_flag_is_recognized ... ok
test capability::tests::all_capabilities_are_service_deployable ... ok
test capability::tests::all_capabilities_cover_every_action_variant ... ok
test capability::tests::capability_target_validation_accepts_legitimate_paths ... ok
test capability::tests::capability_target_validation_rejects_out_of_root ... ok
test capability::tests::capability_target_validation_rejects_wrong_file_name ... ok
test capability::tests::capability_target_validation_rejects_symlink_tree_confusion ... ok
test capability::tests::capability_target_validation_rejects_traversal ... ok
test capability::tests::parse_read_write_paths_extracts_entries ... ok
test capability::tests::dynamic_capability_paths_are_declared ... ok
test capability::tests::mkosi_mirror_matches_packaging ... ok
test capability::tests::no_general_sys_write_permission ... ok
test capability::tests::parse_read_write_paths_handles_continuations ... ok
test capability::tests::parse_read_write_paths_returns_empty_when_absent ... ok
test capability::tests::systemd_apply_service_grants_every_capability ... ok
test capability::tests::required_read_write_paths_is_nonempty_and_deduped ... ok
test capability_table::landlock::tests::abi_three_adds_truncate ... ok
test capability::tests::systemd_apply_service_has_protect_kernel_tunables ... ok
test capability::tests::systemd_dry_run_service_does_not_grant_apply_capabilities ... ok
test capability_table::landlock::tests::abi_one_excludes_newer_rights ... ok
test capability_table::landlock::tests::abi_two_adds_refer_only ... ok
test capability_table::landlock::tests::abi_zero_is_rejected ... ok
test capability_table::tests::s4d_operation_type_mismatch_is_rejected ... ok
test capability_table::tests::s4d_capability_descriptors_are_cloexec ... ok
test capability_table::tests::s4d_removed_device_fails_closed ... ok
test capability_table::tests::s4d_preopened_descriptor_survives_permission_tightening ... ok
test capability_table::tests::s4d_stale_identity_is_rejected ... ok
test contracts::tests::default_contracts_match_config_optid_contracts_toml ... ok
test capability_table::tests::s4d_symlink_path_replacement_is_rejected ... ok
test contracts::tests::device_resume_constraint_huge_positive_denied_as_above_floor ... ok
test capability_table::tests::s4d_topology_change_is_debounced ... ok
test contracts::tests::device_resume_constraint_above_floor_denies ... ok
test contracts::tests::device_resume_constraint_large_negative_denies ... ok
test capability_table::tests::s4d_cold_rebuild_opens_fresh_identity ... ok
test contracts::tests::device_resume_constraint_is_not_selected_state_latency ... ok
test contracts::tests::device_resume_constraint_missing_value_denies ... ok
test contracts::tests::device_resume_constraint_negative_requested_value_denies ... ok
test contracts::tests::device_resume_constraint_valid_tighter_than_floor_passes ... ok
test contracts::tests::fits_contract_basic_predicate ... ok
test contracts::tests::large_autosuspend_delay_does_not_imply_large_exit_latency ... ok
test contracts::tests::latency_critical_floors_are_one_millisecond ... ok
test contracts::tests::load_missing_file_returns_default ... ok
test contracts::tests::proven_latency_above_floor_fails ... ok
test contracts::tests::runtime_pm_hardware_proven_latency_above_floor_denies ... ok
test contracts::tests::load_published_contracts_toml_matches_default ... ok
test contracts::tests::proven_latency_below_floor_passes ... ok
test contracts::tests::resolve_maps_each_class ... ok
test contracts::tests::runtime_pm_hardware_proven_latency_below_floor_passes ... ok
test contracts::tests::runtime_pm_measured_latency_above_floor_denies ... ok
test contracts::tests::runtime_pm_measured_latency_below_floor_passes ... ok
test contracts::tests::runtime_pm_without_evidence_denies ... ok
test contracts::tests::vm_guest_resolve_does_not_return_latency_critical_floors ... ok
test contracts::tests::small_autosuspend_delay_does_not_prove_compliance ... ok
test contracts::tests::units_cannot_be_mixed ... ok
test contracts::tests::unknown_latency_fails_closed ... ok
test contracts::tests::vm_guest_resolve_returns_interactive_floors ... ok
test dbus::tests::validate_app_id_accepts_valid_ids ... ok
test dbus::tests::pin_application_allowed_env_var_semantics ... ok
test dbus::tests::validate_app_id_accepts_max_length ... ok
test dbus::tests::validate_app_id_rejects_forward_slash ... ok
test dbus::tests::validate_app_id_blocks_audit_attack_vector ... ok
test dbus::tests::validate_app_id_rejects_backslash ... ok
test dbus::tests::validate_app_id_rejects_empty ... ok
test dbus::tests::validate_app_id_rejects_global_token ... ok
test dbus::tests::validate_app_id_rejects_overlong ... ok
test dbus::tests::validate_app_id_rejects_leading_dot ... ok
test dbus::tests::validate_app_id_rejects_nul ... ok
test dbus::tests::validate_app_id_rejects_single_dot ... ok
test envelope::tests::f3_correlation_ids_are_deterministic_and_distinct ... ok
test dbus::tests::validate_app_id_rejects_spaces_and_special_chars ... ok
test dbus::tests::validate_app_id_rejects_traversal_dot_dot ... ok
test envelope::tests::f3_public_action_identity_does_not_leak_raw_path ... ok
test envelope::tests::f3_future_enum_values_fail_clearly ... ok
test envelope::tests::f3_missing_optional_fields_use_defaults ... ok
test envelope::tests::f3_outcomes_remain_machine_distinct ... ok
test envelope::tests::f3_readback_detects_mismatch ... ok
test foreground::tests::foreground_config_defaults_game_class_to_latency_critical ... ok
test envelope::tests::f3_unknown_fields_are_tolerated ... ok
test foreground::tests::foreground_config_parses_custom_game_class ... ok
test foreground::tests::foreground_config_parses_empty_toml_uses_default ... ok
test foreground::tests::foreground_config_parses_missing_game_class_uses_default ... ok
test io_util::tests::append_log_creates_and_appends ... ok
test io_util::tests::append_log_fault_is_injected_through_kernel_seam ... ok
test io_util::tests::atomic_state_write_fault_does_not_publish_target ... ok
test io_util::tests::atomic_write_persists_content ... ok
test io_util::tests::get_path_hash_differs_for_different_paths ... ok
test io_util::tests::failed_revert_keeps_journal_for_retry ... ok
test io_util::tests::get_path_hash_is_stable ... ok
test io_util::tests::guarded_write_rejects_directory_traversal ... ok
test io_util::tests::guarded_write_rejects_unallowlisted_paths ... ok
test io_util::tests::injected_sysctl_recovery_failure_keeps_journal_for_retry ... ok
test io_util::tests::injected_sysctl_recovery_restores_and_clears_journal ... ok
test kernel_io::adapter_tests::f2_real_kernel_override_is_visible_to_library_target ... ok
test kernel_io::implementation::tests::allowlist_preserves_expected_boundaries ... ok
test kernel_io::implementation::tests::fault_rules_are_deterministic_and_one_shot ... ok
test kernel_io::implementation::tests::memory_kernel_round_trip_and_clock ... ok
test kernel_io::implementation::tests::persistent_hide_and_malformed_rules_apply ... ok
test kernel_io::implementation::tests::short_write_truncates_once ... ok
test load_state::tests::as_str_is_stable ... ok
test load_state::tests::boot_state_summary_lists_all_fields ... ok
test load_state::tests::display_matches_as_str ... ok
test load_state::tests::is_fallback_for_non_ok_states ... ok
test load_state::tests::permits_dynamic_writes_only_when_ok ... ok
test policy::f1_tests::f1_action_domain_returns_some_for_every_kernel_write_variant ... ok
test policy::f1_tests::f1_action_domain_returns_some_for_systemd_set_property ... ok
test policy::f1_tests::f1_curated_baseline_still_uses_actuate_for_all_domains ... ok
test policy::f1_tests::f1_decide_actuate_mode_preserves_today_behavior ... ok
test policy::f1_tests::f1_curated_policy_toml_still_parses ... ok
test policy::f1_tests::f1_decide_default_policy_emits_actions_for_all_domains ... ok
test policy::f1_tests::f1_decide_mixed_modes_filter_independently ... ok
test policy::f1_tests::f1_decide_observe_mode_captures_would_be_action_for_render ... ok
test policy::f1_tests::f1_decide_observe_mode_suppresses_actions_but_surfaces_reason ... ok
test policy::f1_tests::f1_decide_off_mode_suppresses_domain_actions_silently ... ok
test policy::f1_tests::f1_decision_render_includes_effective_config_block ... ok
test policy::f1_tests::f1_decide_off_mode_does_not_capture_would_be_action ... ok
test policy::f1_tests::f1_domain_all_returns_ten_known_domains ... ok
test policy::f1_tests::f1_domain_as_str_matches_allowlist_strings ... ok
test policy::f1_tests::f1_decision_render_shows_off_observe_actuate_modes ... ok
test policy::f1_tests::f1_domain_config_rejects_unknown_field ... ok
test policy::f1_tests::f1_domain_default_mode_is_actuate_for_v0_6_domains ... ok
test policy::f1_tests::f1_domain_default_mode_is_fail_closed_for_unknown_domains ... ok
test policy::f1_tests::f1_domain_mode_ordering_is_off_observe_actuate ... ok
test policy::f1_tests::f1_domain_mode_serde_accepts_lowercase_off_observe_actuate ... ok
test policy::f1_tests::f1_domain_config_mode_defaults_to_actuate_when_omitted ... ok
test policy::f1_tests::f1_domain_mode_serde_rejects_invalid_strings ... ok
test policy::f1_tests::f1_domain_mode_serde_rejects_uppercase_variants ... ok
test policy::f1_tests::f1_domains_config_accepts_all_ten_known_domains ... ok
test policy::f1_tests::f1_domains_config_rejects_unknown_domain_key ... ok
test policy::f1_tests::f1_effective_config_allows_actuation_only_for_actuate ... ok
test policy::f1_tests::f1_effective_config_default_policy_all_actuate ... ok
test policy::f1_tests::f1_effective_config_render_lists_all_domains_in_canonical_order ... ok
test policy::f1_tests::f1_effective_config_respects_observe_mode ... ok
test policy::f1_tests::f1_domains_config_rejects_thermal_subtable ... ok
test policy::f1_tests::f1_effective_config_respects_off_mode ... ok
test policy::f1_tests::f1_production_pipeline_rejects_unknown_domain ... ok
test policy::f1_tests::f1_sensor_only_domains_default_to_observe ... ok
test policy::f1_tests::f1_systemd_set_property_is_domain_gated_by_default ... ok
test policy::tests::vm_guest_auto_mode_critical_thermal_overrides_to_balanced ... ok
test policy::f1_tests::f1_production_pipeline_policy_to_render ... ok
test policy::tests::vm_guest_auto_mode_dilated_psi_above_threshold_returns_performance ... ok
test policy::tests::vm_guest_auto_mode_low_load_returns_balanced_on_ac ... ok
test policy::tests::vm_guest_auto_mode_non_vm_uses_regular_psi_threshold ... ok
test policy::tests::vm_guest_auto_mode_high_load_returns_performance_on_ac ... ok
test policy::tests::vm_guest_auto_mode_on_battery_high_load_returns_balanced ... ok
test policy::tests::vm_guest_auto_mode_on_battery_low_battery_returns_battery ... ok
test policy::tests::vm_guest_auto_mode_on_battery_low_load_returns_battery ... ok
test foreground::tests::subscribe_does_not_panic_with_empty_config ... ok
test policy::tests::vm_guest_auto_mode_psi_is_dilated_by_half ... ok
test policy::tests::vm_guest_classify_explicit_app_pin_wins_over_vm_guest ... ok
test policy::tests::vm_guest_classify_explicit_global_pin_wins_over_vm_guest ... ok
test policy::tests::vm_guest_classify_non_vm_uses_regular_logic_idle ... ok
test policy::tests::vm_guest_classify_non_vm_uses_regular_logic_throughput ... ok
test policy::tests::vm_guest_classify_returns_vm_guest_on_battery ... ok
test policy::tests::vm_guest_classify_returns_vm_guest_regardless_of_load ... ok
test policy::tests::vm_guest_classify_returns_vm_guest_when_is_vm_guest_true ... ok
test policy::tests::vm_guest_classify_returns_vm_guest_even_when_idle ... ok
test reconciler::tests::f4_malformed_typed_state_fails_closed ... ok
test reconciler::tests::f4_missing_baseline_or_confirmation_never_plans_a_pretend_restore ... ok
test reconciler::tests::f4_multiple_targets_in_one_domain_remain_independent ... ok
test reconciler::tests::f4_active_kernel_drift_relinquishes_and_stays_handed_back ... ok
test reconciler::tests::f4_active_systemd_drift_relinquishes_and_stays_handed_back ... ok
test reconciler::tests::f4_production_device_disappearance_relinquishes_ownership ... ok
test reconciler::tests::f4_production_coalesces_confirmed_value_and_writes_one_change ... ok
test reconciler::tests::f4_production_multiple_targets_restore_only_disappeared_target ... ok
test reconciler::tests::f4_restart_hydrates_real_legacy_journal_and_ownership ... ok
test reconciler::tests::f4_production_external_drift_relinquishes_without_overwrite ... ok
test reconciler::tests::f4_retry_policy_is_bounded ... ok
test reconciler::tests::f4_production_runtime_pm_transition_restores_baseline ... ok
test reconciler::tests::f4_shadow_parity_reports_systemd_as_intentional_v1_only ... ok
test reconciler::tests::f4_restart_hydrates_typed_vm_state_and_restores ... ok
test reconciler::tests::f4_systemd_external_drift_is_not_overwritten ... ok
test reconciler::tests::f4_systemd_property_lifecycle_distinguishes_unset_and_explicit ... ok
test reconciler::tests::f4_systemd_partial_property_failure_is_typed_and_independent ... ok
test reconciler::tests::f4_systemd_readback_mismatch_never_claims_ownership ... ok
test reconciler::tests::f4_transition_detection_covers_ac_workload_mode_and_domain_off ... ok
test reconciler::tests::f4_systemd_multiple_properties_apply_restore_and_unset ... ok
test reconciler::tests::s2d_compensation_attempts_every_target_after_one_failure ... ok
test reconciler::tests::s2d_durable_record_is_synced_before_production_write ... ok
test reconciler::tests::s2d_external_drift_relinquishes_without_overwrite ... ok
test reconciler::tests::s2d_fsync_failure_refuses_mutation ... ok
test reconciler::tests::s2d_path_reuse_identity_mismatch_is_rejected ... ok
test reconciler::tests::s2d_full_disk_before_publish_refuses_mutation ... ok
test reconciler::tests::s2d_partial_publish_failure_refuses_mutation ... ok
test reconciler::tests::s2d_prepared_record_covers_crash_before_write ... ok
test reconciler::tests::s2d_readback_mismatch_compensates_and_cleans ... ok
test reconciler::tests::s2d_record_path_is_stable_across_generations ... ok
test reconciler::tests::s2d_repeated_compensation_is_idempotent ... ok
test reconciler::tests::s2d_stale_generation_handback_does_not_compact ... ok
test reconciler::tests::s2d_stale_generation_is_rejected ... ok
test reconciler::tests::s2d_production_commit_then_verified_restore_compacts ... ok
test reconciler::tests::s2d_write_failure_compensates_and_cleans ... ok
test reconciler::tests::s3d_complete_cycle_emits_ready_and_watchdog ... ok
test reconciler::tests::s3d_journal_failure_withholds_watchdog ... ok
test sensors::tests::f2_read_loadavg_with_real_kernel_returns_some_on_real_kernel ... ok
test sensors::tests::fmt_pressure_renders_all_fields_when_some ... ok
test sensors::tests::fmt_pressure_renders_unavailable_when_none ... ok
test sensors::tests::f2_collect_with_real_kernel_does_not_panic ... ok
test sensors::tests::vm_guest_detects_innotek_virtualbox ... ok
test sensors::tests::vm_guest_detects_kvm ... ok
test sensors::tests::vm_guest_detects_microsoft_hyperv ... ok
test sensors::tests::parses_psi_some_line ... ok
test sensors::tests::vm_guest_detects_parallels ... ok
test sensors::tests::vm_guest_detects_qemu ... ok
test sensors::tests::vm_guest_detects_vmware ... ok
test sensors::tests::vm_guest_detects_xen ... ok
test sensors::tests::vm_guest_handles_newline_trailing ... ok
test sensors::tests::vm_guest_rejects_empty_and_garbage ... ok
test shim::conflict::tests::detects_multiple_active_conflicts_in_input_order ... ok
test sensors::tests::vm_guest_rejects_real_hardware_vendors ... ok
test shim::conflict::tests::detects_single_active_conflict ... ok
test shim::conflict::tests::empty_daemon_list_is_never_blocking ... ok
test shim::conflict::tests::no_conflicts_when_no_daemons_active ... ok
test shim::conflict::tests::render_advice_is_empty_when_no_conflicts ... ok
test shim::conflict::tests::render_advice_mentions_adr_0004_and_mask_command ... ok
test shim::conflict::tests::unknown_daemons_in_list_are_ignored ... ok
test shim::gamemode::tests::pin_class_is_invalid_for_garbage ... ok
test shim::gamemode::tests::gamemode_writes_to_same_pins_dir_as_optidserver ... ok
test shim::gamemode::tests::query_status_client_returns_0_after_unregister ... ok
test shim::gamemode::tests::pin_class_is_valid_for_standard_classes ... ok
test shim::gamemode::tests::query_status_client_returns_0_for_unregistered_pid ... ok
test shim::gamemode::tests::query_status_client_returns_1_for_registered_pid ... ok
test shim::gamemode::tests::query_status_counts_active_games ... ok
test shim::gamemode::tests::query_status_returns_0_when_no_games_registered ... ok
test shim::gamemode::tests::query_status_excludes_unregistered_games ... ok
test shim::gamemode::tests::register_game_lazy_expires_before_registering ... ok
test shim::gamemode::tests::register_game_idempotent_pin_file ... ok
test shim::gamemode::tests::register_game_rejects_negative_pid ... ok
test shim::gamemode::tests::register_game_returns_1_for_new_pid ... ok
test shim::gamemode::tests::register_game_returns_2_for_existing_pid ... ok
test shim::gamemode::tests::register_game_uses_custom_pin_class_when_configured ... ok
test shim::gamemode::tests::registration_is_expired_false_when_within_ttl ... ok
test shim::gamemode::tests::register_game_writes_pin_file_with_configured_class ... ok
test shim::gamemode::tests::registration_is_expired_true_when_ttl_elapsed ... ok
test shim::gamemode::tests::registry_active_count_excludes_expired ... ok
test shim::gamemode::tests::registry_can_be_manipulated_to_simulate_expiration ... ok
test shim::gamemode::tests::registry_expire_stale_removes_expired_entries ... ok
test shim::gamemode::tests::registry_expire_stale_returns_empty_when_nothing_expired ... ok
test shim::gamemode::tests::registry_is_registered_excludes_expired ... ok
test shim::gamemode::tests::registry_is_registered_true_for_active ... ok
test shim::gamemode::tests::registry_register_returns_false_for_existing_pid ... ok
test shim::gamemode::tests::registry_register_refreshes_ttl_on_re_register ... ok
test shim::gamemode::tests::registry_register_returns_true_for_new_pid ... ok
test shim::gamemode::tests::registry_unregister_returns_false_for_unknown_pid ... ok
test shim::gamemode::tests::registry_unregister_returns_true_for_known_pid ... ok
test shim::gamemode::tests::unregister_game_removes_pin_file ... ok
test shim::gamemode::tests::unregister_game_returns_1_for_registered_pid ... ok
test shim::gamemode::tests::unregister_game_after_re_register_removes_pin ... ok
test shim::gamemode::tests::unregister_game_returns_2_for_unknown_pid ... ok
test shim::gamemode::tests::unregister_game_treats_negative_pid_as_not_registered ... ok
test shim::ppd::tests::actions_returns_empty_vec ... ok
test shim::ppd::tests::active_profile_defaults_to_balanced_when_no_mode_file ... ok
test shim::ppd::tests::active_profile_reads_persisted_mode_auto ... ok
test shim::ppd::tests::active_profile_reads_persisted_mode_battery ... ok
test shim::ppd::tests::active_profile_reads_persisted_mode_performance ... ok
test shim::ppd::tests::active_profile_realtime_collapses_to_performance ... ok
test shim::ppd::tests::active_profile_returns_held_profile_when_hold_active ... ok
test shim::ppd::tests::active_profile_unparseable_mode_file_falls_back_to_balanced ... ok
test shim::ppd::tests::default_mode_for_profile_known_profiles ... ok
test shim::ppd::tests::default_mode_for_profile_unknown_returns_none ... ok
test shim::ppd::tests::hold_profile_invalid_name_returns_invalid_args ... ok
test shim::ppd::tests::hold_profile_returns_monotonic_cookies ... ok
test shim::ppd::tests::hold_registry_effective_profile_is_most_recent ... ok
test shim::ppd::tests::hold_profile_writes_held_mode_to_state_dir ... ok
test shim::ppd::tests::hold_registry_effective_profile_none_when_empty ... ok
test shim::ppd::tests::hold_registry_first_cookie_is_one_not_zero ... ok
test shim::ppd::tests::hold_registry_is_empty_after_all_released ... ok
test shim::ppd::tests::hold_registry_register_returns_monotonic_cookies ... ok
test shim::ppd::tests::hold_registry_release_returns_false_for_unknown_cookie ... ok
test shim::ppd::tests::hold_registry_release_returns_true_for_known_cookie ... ok
test shim::ppd::tests::hold_release_reverts_to_auto_even_when_persisted_override_existed ... ok
test shim::ppd::tests::holds_can_be_released_in_reverse_order ... ok
test shim::ppd::tests::mode_for_profile_uses_defaults_when_map_empty ... ok
test shim::ppd::tests::mode_for_profile_uses_overrides_when_map_has_them ... ok
test shim::ppd::tests::performance_degraded_returns_empty_string ... ok
test shim::ppd::tests::ppd_server_with_full_custom_map_overrides_all ... ok
test shim::ppd::tests::ppd_server_writes_same_mode_file_format_as_optid_server ... ok
test shim::ppd::tests::profile_for_mode_round_trip ... ok
test shim::ppd::tests::profiles_returns_three_standard_entries ... ok
test shim::ppd::tests::release_profile_reverts_to_auto_when_no_holds_remain ... ok
test shim::ppd::tests::holds_mutex_survives_sequential_burst ... ok
test shim::ppd::tests::release_profile_unknown_cookie_returns_failed ... ok
test shim::ppd::tests::release_profile_with_multiple_holds_restores_previous ... ok
test shim::ppd::tests::set_active_profile_accepts_custom_profile_name_via_map ... ok
test shim::ppd::tests::set_active_profile_balanced_writes_auto ... ok
test shim::ppd::tests::set_active_profile_case_sensitive ... ok
test shim::ppd::tests::set_active_profile_falls_back_to_default_when_map_partial ... ok
test shim::ppd::tests::set_active_profile_invalid_name_returns_invalid_args ... ok
test shim::ppd::tests::set_active_profile_performance_writes_performance ... ok
test shim::ppd::tests::set_active_profile_rejects_invalid_mapped_mode ... ok
test shim::ppd::tests::set_active_profile_uses_custom_mapping_when_provided ... ok
test shim::ppd::tests::set_active_profile_power_saver_writes_battery ... ok
test tests::existing::f2_fault_injection_tests::f2_fault_disappearing_path_on_read_returns_not_found ... ok
test tests::existing::f2_fault_injection_tests::f2_actuator_with_real_kernel_matches_legacy_behavior ... ok
test tests::existing::f2_fault_injection_tests::f2_fault_hidden_dir_returns_empty_discovery ... ok
test tests::existing::f2_fault_injection_tests::f2_fault_kernel_preserves_allowlist ... ok
test tests::existing::f2_fault_injection_tests::f2_fault_malformed_content_on_read_returns_none ... ok
test tests::existing::f2_fault_injection_tests::f2_fault_missing_path_on_read_does_not_panic ... ok
test tests::existing::f2_fault_injection_tests::f2_fault_permission_denied_on_write_is_logged ... ok
test tests::existing::f2_fault_injection_tests::f2_fault_rule_fires_once_then_recovers ... ok
test tests::existing::integration_tests::phase6_runtime_pm_failure_on_first_write ... ok
test tests::existing::integration_tests::phase6_runtime_pm_failure_on_second_write_with_successful_rollback ... ok
test tests::existing::integration_tests::phase6_runtime_pm_no_false_applied_marker_after_partial_failure ... ok
test reconciler::tests::s2d_production_daemon_run_uses_persistent_transaction_protocol ... ok
test tests::existing::integration_tests::phase6_runtime_pm_recovery_retry_via_revert ... ok
test tests::existing::integration_tests::phase6_runtime_pm_rollback_failure_retains_journal ... ok
test tests::existing::integration_tests::phase6_runtime_pm_successful_multi_write_application ... ok
test tests::existing::integration_tests::test_context_change_retains_still_active_runtime_pm_action ... ok
test tests::existing::integration_tests::test_context_change_reverts_device_resume_latency ... ok
test tests::existing::integration_tests::test_contract_gate_allows_runtime_pm_within_floor ... ok
test tests::existing::integration_tests::test_context_change_reverts_removed_runtime_pm_action ... ok
test tests::existing::integration_tests::test_contract_gate_blocks_device_resume_latency_over_floor ... ok
test tests::existing::integration_tests::test_contract_gate_blocks_runtime_pm_over_floor ... ok
test tests::existing::integration_tests::test_contract_gate_ignores_non_latency_actions ... ok
test tests::existing::integration_tests::test_contract_gate_handles_negative_values_safely ... ok
test tests::existing::integration_tests::test_contract_gate_negative_floor_denies_depth_enablers ... ok
test tests::existing::integration_tests::test_contract_gate_huge_valid_floor_denies_runtime_pm_on_evidence ... ok
test tests::existing::integration_tests::test_contract_gate_no_floors_permits_ungated_actions ... ok
test tests::existing::integration_tests::test_contract_gate_no_floors_denies_depth_enablers ... ok
test tests::existing::integration_tests::test_n1_t10_negative_no_global_pin ... ok
test tests::existing::integration_tests::test_contract_gate_zero_floor_denies_depth_enablers ... ok
test tests::existing::integration_tests::test_journal_key_for_systemd_set_property ... ok
test tests::existing::integration_tests::test_n1_t12_low_battery_on_ac_stays_balanced ... ok
test tests::existing::integration_tests::test_n1_t13_critical_thermal_overrides_cpu_performance ... ok
test tests::existing::integration_tests::test_n1_t14_io_pressure_adds_background_io_throttle ... ok
test tests::existing::integration_tests::test_n1_t15_memory_pressure_protects_user_and_throttles_background ... ok
test tests::existing::integration_tests::test_n1_t16_manual_performance_overrides_auto_battery ... ok
test tests::existing::integration_tests::test_n1_t17_missing_sensors_choose_safe_balanced ... ok
test tests::existing::integration_tests::test_n1_t2_pin_precedence ... ok
test tests::existing::integration_tests::test_n1_t3d_mode_hysteresis_reason_is_explainable ... ok
test tests::existing::integration_tests::test_n1_t4_determinism ... ok
test tests::existing::integration_tests::test_n1_t1_class_mapping ... ok
test tests::existing::integration_tests::test_n1_t6_absent_foreground ... ok
test tests::existing::integration_tests::test_n1_t5_explainability ... ok
test tests::existing::integration_tests::test_n2_t1_resolution ... ok
test tests::existing::integration_tests::test_n1_t11_bad_input_garbage ... ok
test tests::existing::integration_tests::test_n2_t3_apply_cpu_floor ... ok
test tests::existing::integration_tests::test_n2_t4_per_device_revert ... ok
test tests::existing::integration_tests::test_n2_t5_fd_release ... ok
test tests::existing::integration_tests::test_n2_t6_no_thrash ... ok
test tests::existing::integration_tests::test_n2_t7_fits_contract ... ok
test tests::existing::integration_tests::test_n2_t2_dry_run_no_op ... ok
test tests::existing::integration_tests::test_n2_t8_explainability ... ok
test tests::existing::integration_tests::test_n4_gate_default_denies_unknown_hwid_and_audits ... ok
test tests::existing::integration_tests::test_n4_gate_allows_allowlisted_hwid ... ok
test tests::existing::integration_tests::test_n5_policy_emits_runtime_pm_only_on_battery_idle ... ok
test tests::existing::integration_tests::test_n4_gate_disabled_is_no_op ... ok
test tests::existing::integration_tests::test_n5_runtime_pm_default_deny_skips_and_audits ... ok
test tests::existing::integration_tests::test_n5_runtime_pm_allows_journals_and_reverts ... ok
test tests::existing::integration_tests::test_n5_runtime_pm_skips_network_carrier_up ... ok
test tests::existing::integration_tests::test_n6_pcie_aspm_default_deny_audits ... ok
test tests::existing::integration_tests::test_n6_pcie_aspm_allows_journals_and_reverts ... ok
test tests::existing::integration_tests::test_n6_policy_emits_storage_pm_only_on_battery_idle ... ok
test tests::existing::integration_tests::test_n6_pcie_aspm_skips_cnvi ... ok
test tests::existing::integration_tests::test_n6_sata_alpm_allows_journals_and_reverts ... ok
test tests::existing::integration_tests::test_n7_backlight_default_deny_audits ... ok
test tests::existing::integration_tests::test_n7_backlight_allows_floor_clamps_and_reverts ... ok
test tests::existing::integration_tests::test_n7_policy_emits_backlight_only_on_battery_idle ... ok
test tests::existing::integration_tests::test_revert_key_absent_journal_is_noop ... ok
test tests::existing::integration_tests::test_revert_key_ignores_system_wide_knobs ... ok
test tests::existing::integration_tests::test_revert_key_ignores_systemd_keys ... ok
test tests::existing::integration_tests::test_n7_backlight_never_goes_black ... ok
test tests::existing::integration_tests::test_t2_failed_real_sysctl_revert_keeps_journal ... ok
test tests::existing::integration_tests::test_t2b_vm_sysctl_writes_revert_journal_entry ... ok
test tests::existing::integration_tests::test_t3_zram_gate ... ok
test tests::existing::optid_safety_tests::allowlist_load_with_state_ok_for_clean_or_missing_dir ... ok
test tests::existing::optid_safety_tests::allowlist_load_with_state_partial_for_mixed_valid_invalid ... ok
test tests::existing::optid_safety_tests::clear_journal_is_idempotent ... ok
test tests::existing::optid_safety_tests::crash_after_first_mutation_restart_restores ... ok
test tests::existing::integration_tests::test_t1_dry_run_no_op ... ok
test tests::existing::optid_safety_tests::curated_baseline_is_conservative ... ok
test tests::existing::optid_safety_tests::malformed_allowlist_disables_dynamic_writes ... ok
test tests::existing::optid_safety_tests::dry_run_disables_all_writes ... ok
test tests::existing::optid_safety_tests::malformed_policy_apply_disables_dynamic_writes ... ok
test tests::existing::optid_safety_tests::missing_policy_loads_curated_baseline_only ... ok
test tests::existing::optid_safety_tests::partial_policy_loads_curated_baseline ... ok
test tests::existing::optid_safety_tests::stale_incomplete_journal_deterministic_recovery ... ok
test tests::f2_production_surface::f2_production_daemon_run_consumes_injected_kernel_io ... ok
test tests::existing::optid_safety_tests::valid_config_enables_dynamic_writes ... ok
test tests::f3_outcome_matrix::f3_actuator_matrix_reports_missing_unsupported_contract_and_allowlist_denials ... ok
test tests::f3_outcome_matrix::f3_actuator_matrix_reports_success_failure_readback_drift_and_redundancy ... ok
test tests::f3_outcome_matrix::f3_gate_matrix_distinguishes_dry_run_observe_off_and_boot_disarm ... ok
test tests::f3_outcome_matrix::f3_restore_matrix_reports_actual_success_failure_malformed_and_not_applicable ... ok
test tests::f3_outcome_matrix::f3_observation_matrix_distinguishes_malformed_and_permission_denied_reads ... ok
test thermal::tests::collect_config_changes_results ... ok
test thermal::tests::collect_off_skips_observation ... ok
test thermal::tests::deterministic_ordering ... ok
test thermal::tests::discover_acpi_thermal_zone ... ok
test thermal::tests::discover_fan_rpm ... ok
test thermal::tests::discover_hwmon_cpu_temp ... ok
test thermal::tests::discover_malformed_skipped ... ok
test thermal::tests::duplicate_hwmon_acpi_dedup ... ok
test thermal::tests::render_includes_sensor_state_ratio_reasons ... ok
test thermal::tests::snapshot_off_skips_thermal_zone_discovery_and_thermal_c ... ok
test thermal::tests::snapshot_unavailable_thermal_c_is_none_despite_legacy_zone ... ok
test thermal::tests::stable_identity_under_hwmon_reorder ... ok
test thermal::tests::t1_production_pipeline_collect_to_render ... ok
test thermal::tests::t1_production_pipeline_off_mode_zero_thermal_reads ... ok
test thermal::tests::thermal_budget_constrained_above_hi ... ok
test thermal::tests::thermal_budget_cool_below_lo ... ok
test thermal::tests::thermal_budget_derating_never_decreases_as_temperature_rises ... ok
test thermal::tests::thermal_budget_disabled_when_mode_off ... ok
test thermal::tests::thermal_budget_hw_crit_clamp ... ok
test thermal::tests::thermal_budget_hysteresis ... ok
test thermal::tests::thermal_budget_linear_derating ... ok
test thermal::tests::thermal_budget_skin_override ... ok
test thermal::tests::thermal_budget_unavailable_on_implausible_temp ... ok
test thermal::tests::thermal_budget_unavailable_without_sensors ... ok
test thermal::tests::thermal_config_defaults ... ok
test thermal::tests::thermal_config_rejects_actuate ... ok
test thermal::tests::thermal_config_rejects_unknown_fields ... ok
test thermal::tests::two_iterations_hysteresis_via_previous ... ok
test workload::tests::mode_parse_round_trip ... ok
test workload::tests::test_n1_t3_hysteresis ... ok
test workload::tests::test_n1_t3b_mode_hysteresis_delays_auto_transition ... ok
test workload::tests::test_n1_t3c_mode_hysteresis_critical_thermal_bypasses_delay ... ok
test workload::tests::workload_class_parse_round_trip ... ok
test tests::f3_production_surface::f3_production_daemon_run_writes_one_correlated_versioned_cycle ... ok
test foreground::tests::subscribe_returns_receiver_that_does_not_yield_in_v0_6 ... ok
test tests::existing::integration_tests::test_n1_t9_global_pin_loop_boundary_precedence ... ok

test result: ok. 452 passed; 0 failed; 0 ignored; 0 measured; 0 filtered out; finished in 4.07s

[1m[92m     Running[0m unittests src/bin/optid-lever-contracts.rs (target/debug/deps/optid_lever_contracts-66648df84e5b4c76)

running 0 tests

test result: ok. 0 passed; 0 failed; 0 ignored; 0 measured; 0 filtered out; finished in 0.00s

[1m[92m     Running[0m unittests src/bin/optid-recover.rs (target/debug/deps/optid_recover-ffecba6386e89d75)

running 6 tests
test recovery::tests::s3d_recovery_failure_retains_record ... ok
test recovery::tests::s3d_recovery_refuses_identity_reuse ... ok
test recovery::tests::s3d_recovery_drift_relinquishes_without_overwrite ... ok
test recovery::tests::s3d_repeated_recovery_is_idempotent ... ok
test recovery::tests::s3d_recovery_prepared_record_is_idempotent ... ok
test recovery::tests::s3d_recovery_restores_intended_value_and_compacts ... ok

test result: ok. 6 passed; 0 failed; 0 ignored; 0 measured; 0 filtered out; finished in 0.01s

[1m[92m     Running[0m tests/capability_sealing_cli.rs (target/debug/deps/capability_sealing_cli-9a7d165675445d81)

running 0 tests

test result: ok. 0 passed; 0 failed; 0 ignored; 0 measured; 0 filtered out; finished in 0.00s

[1m[92m     Running[0m tests/lever_contract_cli.rs (target/debug/deps/lever_contract_cli-5afadc2ad92c264f)

running 1 test
test s1d_contract_cli_checks_registry_through_production_surface ... ok

test result: ok. 1 passed; 0 failed; 0 ignored; 0 measured; 0 filtered out; finished in 0.00s

[1m[92m     Running[0m tests/recovery_cli.rs (target/debug/deps/recovery_cli-b902f965419d8977)

running 2 tests
test s3d_recovery_binary_has_no_policy_or_async_surface ... ok
test s3d_recovery_cli_recovers_before_success_exit ... ok

test result: ok. 2 passed; 0 failed; 0 ignored; 0 measured; 0 filtered out; finished in 0.00s

[1m[92m     Running[0m tests/s3d_systemd.rs (target/debug/deps/s3d_systemd-e1b51eb7cd35f96d)

running 2 tests
test s3d_apply_unit_orders_recovery_before_daemon ... ok
test s3d_failed_recovery_prevents_automatic_actuation_restart_loop ... ok

test result: ok. 2 passed; 0 failed; 0 ignored; 0 measured; 0 filtered out; finished in 0.00s

[1m[92m     Running[0m tests/s4d_systemd.rs (target/debug/deps/s4d_systemd-4877e7adf0e8e893)

running 3 tests
test s4d_apply_unit_restarts_only_through_supervised_recovery_graph ... ok
test s4d_startup_seals_before_any_worker_or_dbus_input ... ok
test s4d_topology_rebuild_hands_back_before_status_75 ... ok

test result: ok. 3 passed; 0 failed; 0 ignored; 0 measured; 0 filtered out; finished in 0.00s

[1m[92m   Doc-tests[0m optid

running 0 tests

test result: ok. 0 passed; 0 failed; 0 ignored; 0 measured; 0 filtered out; finished in 0.00s

[1m[92m   Compiling[0m optctl v0.7.0-beta.4 (/home/runner/work/Rush-linux/Rush-linux/crates/optctl)
[1m[92m   Compiling[0m testos v0.7.0-beta.4 (/home/runner/work/Rush-linux/Rush-linux/crates/testos)
[1m[92m   Compiling[0m rushbench v0.7.0-beta.4 (/home/runner/work/Rush-linux/Rush-linux/crates/rushbench)
[1m[92m   Compiling[0m rush-collect v0.7.0-beta.4 (/home/runner/work/Rush-linux/Rush-linux/crates/rush_collect)
[1m[92m    Finished[0m `test` profile [unoptimized + debuginfo] target(s) in 2.06s
[1m[92m     Running[0m unittests src/main.rs (target/debug/deps/optctl-ab2fe5d2a89b504a)

running 9 tests
test allow::tests::format_entry_includes_fields ... ok
test allow::tests::resolve_hwid_passthrough_modalias ... ok
test tests::f3_malformed_status_json_fails_clearly ... ok
test allow::tests::resolve_hwid_reads_sysfs_dir ... ok
test tests::f3_missing_json_never_reconstructs_from_text ... ok
test allow::tests::write_entry_appends_to_admin_file ... ok
test tests::f3_offline_status_json_reads_daemon_file_without_mutation ... ok
test tests::f3_status_json_passes_through_daemon_schema ... ok
test tests::f3_status_json_tolerates_unknown_fields ... ok

test result: ok. 9 passed; 0 failed; 0 ignored; 0 measured; 0 filtered out; finished in 0.00s

[1m[92m     Running[0m tests/status_cli.rs (target/debug/deps/status_cli-b1136b845ad3a7a4)

running 3 tests
test f3_optctl_human_status_remains_backward_compatible_and_read_only ... ok
test f3_optctl_status_json_passthrough_uses_state_fallback_and_is_read_only ... ok
test f3_optctl_status_json_rejects_malformed_and_missing_machine_state ... ok

test result: ok. 3 passed; 0 failed; 0 ignored; 0 measured; 0 filtered out; finished in 0.01s

[1m[92m     Running[0m unittests src/lib.rs (target/debug/deps/optid-47dfb525877955b6)

running 14 tests
test kernel_io::adapter_tests::f2_real_kernel_override_is_visible_to_library_target ... ok
test kernel_io::implementation::tests::allowlist_preserves_expected_boundaries ... ok
test kernel_io::implementation::tests::fault_rules_are_deterministic_and_one_shot ... ok
test kernel_io::implementation::tests::memory_kernel_round_trip_and_clock ... ok
test kernel_io::implementation::tests::persistent_hide_and_malformed_rules_apply ... ok
test kernel_io::implementation::tests::short_write_truncates_once ... ok
test lever_contract::tests::s1d_each_lever_has_exact_rollback_and_distinct_stabilization ... ok
test lever_contract::tests::s1d_current_defaults_are_allowed_and_unknown_values_fail_closed ... ok
test lever_contract::tests::s1d_missing_stabilization_evidence_fails_closed ... ok
test lever_contract::tests::s1d_registry_contains_all_eleven_complete_lever_contracts ... ok
test lever_contract::tests::s1d_tightening_an_envelope_never_authorizes_a_denied_value ... ok
test lever_contract::tests::s1d_missing_identity_original_envelope_or_verification_denies_actuation ... ok
test lever_contract::tests::s1d_fixture_requires_every_field_for_every_lever ... ok
test lever_contract::tests::s1d_planned_levers_remain_fail_closed_until_their_write_packages_exist ... ok

test result: ok. 14 passed; 0 failed; 0 ignored; 0 measured; 0 filtered out; finished in 0.00s

[1m[92m     Running[0m unittests src/main.rs (target/debug/deps/optid-7884dd5031955366)

running 452 tests
test action::tests::describe_handles_none_latency_values ... ok
test action::tests::test_t5_explainability ... ok
test action::tests::every_action_variant_has_a_defined_journal_key_decision ... ok
test action::tests::journal_key_matches_actuator_key_shapes ... ok
test actuators::display::tests::target_clamps_to_floor_and_never_zero ... ok
test actuators::display::tests::prefers_vendor_over_acpi_video ... ok
test actuators::runtime_pm::tests::carrier_up_detected ... ok
test actuators::runtime_pm::tests::carrier_down_or_absent_not_up ... ok
test actuators::storage::tests::default_alpm_policy_is_safe_dipm ... ok
test allowlist::tests::default_deny_on_unknown_hwid ... ok
test actuators::storage::tests::cnvi_detected_by_class ... ok
test actuators::storage::tests::non_cnvi_not_flagged ... ok
test actuators::runtime_pm::tests::hid_input_and_wakeup_warning ... ok
test allowlist::tests::hwid_from_attr_path_reads_modalias ... ok
test allowlist::tests::last_file_wins_within_dir ... ok
test allowlist::tests::malformed_override_is_skipped_not_fatal ... ok
test allowlist::tests::max_state_denies_with_reason ... ok
test allowlist::tests::seeded_deny_entry_is_denied ... ok
test allowlist::tests::seeded_version_is_non_empty ... ok
test allowlist::tests::unverified_seeded_candidate_is_denied ... ok
test args::tests::allowlist_disabled_form_also_requires_single_run ... ok
test args::tests::allowlist_enabled_form_is_idempotent ... ok
test args::tests::foreground_auto_composes_with_other_flags ... ok
test args::tests::foreground_auto_enables_detection ... ok
test args::tests::foreground_default_is_off ... ok
test allowlist::tests::override_precedence_admin_beats_distro_beats_seeded ... ok
test args::tests::foreground_invalid_value_rejected ... ok
test args::tests::allowlist_default_is_enabled ... ok
test args::tests::foreground_space_separated_value ... ok
test args::tests::no_allowlist_can_be_combined_with_other_flags ... ok
test args::tests::no_allowlist_requires_single_run ... ok
test args::tests::version_flag_is_recognized ... ok
test capability::tests::all_capabilities_are_service_deployable ... ok
test args::tests::foreground_missing_value_rejected ... ok
test capability::tests::all_capabilities_cover_every_action_variant ... ok
test args::tests::foreground_off_disables_detection ... ok
test capability::tests::capability_target_validation_rejects_out_of_root ... ok
test capability::tests::capability_target_validation_accepts_legitimate_paths ... ok
test capability::tests::capability_target_validation_rejects_symlink_tree_confusion ... ok
test capability::tests::capability_target_validation_rejects_traversal ... ok
test capability::tests::capability_target_validation_rejects_wrong_file_name ... ok
test capability::tests::dynamic_capability_paths_are_declared ... ok
test capability::tests::parse_read_write_paths_extracts_entries ... ok
test capability::tests::no_general_sys_write_permission ... ok
test capability::tests::parse_read_write_paths_handles_continuations ... ok
test capability::tests::mkosi_mirror_matches_packaging ... ok
test capability::tests::parse_read_write_paths_returns_empty_when_absent ... ok
test capability::tests::required_read_write_paths_is_nonempty_and_deduped ... ok
test capability::tests::systemd_apply_service_grants_every_capability ... ok
test capability_table::landlock::tests::abi_three_adds_truncate ... ok
test capability_table::landlock::tests::abi_one_excludes_newer_rights ... ok
test capability_table::landlock::tests::abi_two_adds_refer_only ... ok
test capability_table::landlock::tests::abi_zero_is_rejected ... ok
test capability_table::tests::s4d_capability_descriptors_are_cloexec ... ok
test capability_table::tests::s4d_cold_rebuild_opens_fresh_identity ... ok
test capability_table::tests::s4d_preopened_descriptor_survives_permission_tightening ... ok
test capability_table::tests::s4d_operation_type_mismatch_is_rejected ... ok
test capability_table::tests::s4d_removed_device_fails_closed ... ok
test capability_table::tests::s4d_stale_identity_is_rejected ... ok
test capability::tests::systemd_apply_service_has_protect_kernel_tunables ... ok
test capability::tests::systemd_dry_run_service_does_not_grant_apply_capabilities ... ok
test capability_table::tests::s4d_topology_change_is_debounced ... ok
test contracts::tests::default_contracts_match_config_optid_contracts_toml ... ok
test contracts::tests::device_resume_constraint_above_floor_denies ... ok
test contracts::tests::device_resume_constraint_huge_positive_denied_as_above_floor ... ok
test capability_table::tests::s4d_symlink_path_replacement_is_rejected ... ok
test contracts::tests::device_resume_constraint_is_not_selected_state_latency ... ok
test contracts::tests::device_resume_constraint_missing_value_denies ... ok
test contracts::tests::device_resume_constraint_negative_requested_value_denies ... ok
test contracts::tests::device_resume_constraint_valid_tighter_than_floor_passes ... ok
test contracts::tests::large_autosuspend_delay_does_not_imply_large_exit_latency ... ok
test contracts::tests::device_resume_constraint_large_negative_denies ... ok
test contracts::tests::fits_contract_basic_predicate ... ok
test contracts::tests::latency_critical_floors_are_one_millisecond ... ok
test contracts::tests::proven_latency_above_floor_fails ... ok
test contracts::tests::load_missing_file_returns_default ... ok
test contracts::tests::load_published_contracts_toml_matches_default ... ok
test contracts::tests::runtime_pm_hardware_proven_latency_below_floor_passes ... ok
test contracts::tests::proven_latency_below_floor_passes ... ok
test contracts::tests::resolve_maps_each_class ... ok
test contracts::tests::runtime_pm_hardware_proven_latency_above_floor_denies ... ok
test contracts::tests::small_autosuspend_delay_does_not_prove_compliance ... ok
test contracts::tests::runtime_pm_measured_latency_above_floor_denies ... ok
test contracts::tests::runtime_pm_measured_latency_below_floor_passes ... ok
test contracts::tests::runtime_pm_without_evidence_denies ... ok
test contracts::tests::vm_guest_resolve_returns_interactive_floors ... ok
test contracts::tests::units_cannot_be_mixed ... ok
test contracts::tests::unknown_latency_fails_closed ... ok
test contracts::tests::vm_guest_resolve_does_not_return_latency_critical_floors ... ok
test dbus::tests::validate_app_id_blocks_audit_attack_vector ... ok
test dbus::tests::pin_application_allowed_env_var_semantics ... ok
test dbus::tests::validate_app_id_accepts_max_length ... ok
test dbus::tests::validate_app_id_accepts_valid_ids ... ok
test dbus::tests::validate_app_id_rejects_backslash ... ok
test dbus::tests::validate_app_id_rejects_global_token ... ok
test dbus::tests::validate_app_id_rejects_empty ... ok
test dbus::tests::validate_app_id_rejects_leading_dot ... ok
test dbus::tests::validate_app_id_rejects_forward_slash ... ok
test dbus::tests::validate_app_id_rejects_nul ... ok
test dbus::tests::validate_app_id_rejects_spaces_and_special_chars ... ok
test dbus::tests::validate_app_id_rejects_overlong ... ok
test dbus::tests::validate_app_id_rejects_single_dot ... ok
test dbus::tests::validate_app_id_rejects_traversal_dot_dot ... ok
test envelope::tests::f3_correlation_ids_are_deterministic_and_distinct ... ok
test envelope::tests::f3_missing_optional_fields_use_defaults ... ok
test envelope::tests::f3_future_enum_values_fail_clearly ... ok
test envelope::tests::f3_outcomes_remain_machine_distinct ... ok
test envelope::tests::f3_public_action_identity_does_not_leak_raw_path ... ok
test envelope::tests::f3_unknown_fields_are_tolerated ... ok
test envelope::tests::f3_readback_detects_mismatch ... ok
test foreground::tests::foreground_config_defaults_game_class_to_latency_critical ... ok
test foreground::tests::foreground_config_parses_missing_game_class_uses_default ... ok
test foreground::tests::foreground_config_parses_custom_game_class ... ok
test foreground::tests::foreground_config_parses_empty_toml_uses_default ... ok
test io_util::tests::append_log_fault_is_injected_through_kernel_seam ... ok
test io_util::tests::append_log_creates_and_appends ... ok
test io_util::tests::atomic_write_persists_content ... ok
test io_util::tests::atomic_state_write_fault_does_not_publish_target ... ok
test io_util::tests::failed_revert_keeps_journal_for_retry ... ok
test io_util::tests::get_path_hash_differs_for_different_paths ... ok
test io_util::tests::get_path_hash_is_stable ... ok
test io_util::tests::guarded_write_rejects_directory_traversal ... ok
test io_util::tests::guarded_write_rejects_unallowlisted_paths ... ok
test io_util::tests::injected_sysctl_recovery_failure_keeps_journal_for_retry ... ok
test io_util::tests::injected_sysctl_recovery_restores_and_clears_journal ... ok
test kernel_io::adapter_tests::f2_real_kernel_override_is_visible_to_library_target ... ok
test kernel_io::implementation::tests::allowlist_preserves_expected_boundaries ... ok
test kernel_io::implementation::tests::memory_kernel_round_trip_and_clock ... ok
test kernel_io::implementation::tests::fault_rules_are_deterministic_and_one_shot ... ok
test kernel_io::implementation::tests::short_write_truncates_once ... ok
test kernel_io::implementation::tests::persistent_hide_and_malformed_rules_apply ... ok
test load_state::tests::as_str_is_stable ... ok
test load_state::tests::boot_state_summary_lists_all_fields ... ok
test load_state::tests::display_matches_as_str ... ok
test load_state::tests::is_fallback_for_non_ok_states ... ok
test load_state::tests::permits_dynamic_writes_only_when_ok ... ok
test policy::f1_tests::f1_action_domain_returns_some_for_every_kernel_write_variant ... ok
test policy::f1_tests::f1_action_domain_returns_some_for_systemd_set_property ... ok
test policy::f1_tests::f1_curated_baseline_still_uses_actuate_for_all_domains ... ok
test policy::f1_tests::f1_decide_actuate_mode_preserves_today_behavior ... ok
test policy::f1_tests::f1_decide_default_policy_emits_actions_for_all_domains ... ok
test policy::f1_tests::f1_decide_mixed_modes_filter_independently ... ok
test policy::f1_tests::f1_curated_policy_toml_still_parses ... ok
test policy::f1_tests::f1_decide_observe_mode_suppresses_actions_but_surfaces_reason ... ok
test policy::f1_tests::f1_decide_observe_mode_captures_would_be_action_for_render ... ok
test policy::f1_tests::f1_decide_off_mode_does_not_capture_would_be_action ... ok
test policy::f1_tests::f1_decide_off_mode_suppresses_domain_actions_silently ... ok
test policy::f1_tests::f1_decision_render_includes_effective_config_block ... ok
test policy::f1_tests::f1_domain_all_returns_ten_known_domains ... ok
test policy::f1_tests::f1_decision_render_shows_off_observe_actuate_modes ... ok
test policy::f1_tests::f1_domain_as_str_matches_allowlist_strings ... ok
test policy::f1_tests::f1_domain_config_mode_defaults_to_actuate_when_omitted ... ok
test policy::f1_tests::f1_domain_config_rejects_unknown_field ... ok
test policy::f1_tests::f1_domain_default_mode_is_actuate_for_v0_6_domains ... ok
test policy::f1_tests::f1_domain_default_mode_is_fail_closed_for_unknown_domains ... ok
test policy::f1_tests::f1_domain_mode_ordering_is_off_observe_actuate ... ok
test policy::f1_tests::f1_domain_mode_serde_accepts_lowercase_off_observe_actuate ... ok
test policy::f1_tests::f1_domain_mode_serde_rejects_invalid_strings ... ok
test policy::f1_tests::f1_domain_mode_serde_rejects_uppercase_variants ... ok
test policy::f1_tests::f1_domains_config_accepts_all_ten_known_domains ... ok
test policy::f1_tests::f1_domains_config_rejects_thermal_subtable ... ok
test policy::f1_tests::f1_domains_config_rejects_unknown_domain_key ... ok
test policy::f1_tests::f1_effective_config_allows_actuation_only_for_actuate ... ok
test policy::f1_tests::f1_effective_config_default_policy_all_actuate ... ok
test policy::f1_tests::f1_effective_config_render_lists_all_domains_in_canonical_order ... ok
test policy::f1_tests::f1_effective_config_respects_observe_mode ... ok
test policy::f1_tests::f1_effective_config_respects_off_mode ... ok
test policy::f1_tests::f1_production_pipeline_rejects_unknown_domain ... ok
test policy::f1_tests::f1_production_pipeline_policy_to_render ... ok
test policy::f1_tests::f1_sensor_only_domains_default_to_observe ... ok
test policy::tests::vm_guest_auto_mode_critical_thermal_overrides_to_balanced ... ok
test policy::tests::vm_guest_auto_mode_dilated_psi_above_threshold_returns_performance ... ok
test policy::tests::vm_guest_auto_mode_high_load_returns_performance_on_ac ... ok
test policy::f1_tests::f1_systemd_set_property_is_domain_gated_by_default ... ok
test policy::tests::vm_guest_auto_mode_low_load_returns_balanced_on_ac ... ok
test policy::tests::vm_guest_auto_mode_non_vm_uses_regular_psi_threshold ... ok
test policy::tests::vm_guest_auto_mode_on_battery_high_load_returns_balanced ... ok
test policy::tests::vm_guest_auto_mode_on_battery_low_battery_returns_battery ... ok
test policy::tests::vm_guest_auto_mode_on_battery_low_load_returns_battery ... ok
test policy::tests::vm_guest_auto_mode_psi_is_dilated_by_half ... ok
test policy::tests::vm_guest_classify_explicit_app_pin_wins_over_vm_guest ... ok
test policy::tests::vm_guest_classify_explicit_global_pin_wins_over_vm_guest ... ok
test policy::tests::vm_guest_classify_non_vm_uses_regular_logic_idle ... ok
test policy::tests::vm_guest_classify_non_vm_uses_regular_logic_throughput ... ok
test policy::tests::vm_guest_classify_returns_vm_guest_even_when_idle ... ok
test policy::tests::vm_guest_classify_returns_vm_guest_on_battery ... ok
test policy::tests::vm_guest_classify_returns_vm_guest_regardless_of_load ... ok
test policy::tests::vm_guest_classify_returns_vm_guest_when_is_vm_guest_true ... ok
test foreground::tests::subscribe_does_not_panic_with_empty_config ... ok
test reconciler::tests::f4_active_kernel_drift_relinquishes_and_stays_handed_back ... ok
test reconciler::tests::f4_malformed_typed_state_fails_closed ... ok
test reconciler::tests::f4_missing_baseline_or_confirmation_never_plans_a_pretend_restore ... ok
test reconciler::tests::f4_multiple_targets_in_one_domain_remain_independent ... ok
test reconciler::tests::f4_active_systemd_drift_relinquishes_and_stays_handed_back ... ok
test reconciler::tests::f4_production_external_drift_relinquishes_without_overwrite ... ok
test reconciler::tests::f4_production_device_disappearance_relinquishes_ownership ... ok
test reconciler::tests::f4_production_coalesces_confirmed_value_and_writes_one_change ... ok
test reconciler::tests::f4_restart_hydrates_real_legacy_journal_and_ownership ... ok
test reconciler::tests::f4_production_runtime_pm_transition_restores_baseline ... ok
test reconciler::tests::f4_restart_hydrates_typed_vm_state_and_restores ... ok
test reconciler::tests::f4_retry_policy_is_bounded ... ok
test reconciler::tests::f4_shadow_parity_reports_systemd_as_intentional_v1_only ... ok
test reconciler::tests::f4_production_multiple_targets_restore_only_disappeared_target ... ok
test reconciler::tests::f4_systemd_external_drift_is_not_overwritten ... ok
test reconciler::tests::f4_systemd_multiple_properties_apply_restore_and_unset ... ok
test reconciler::tests::f4_systemd_property_lifecycle_distinguishes_unset_and_explicit ... ok
test reconciler::tests::f4_transition_detection_covers_ac_workload_mode_and_domain_off ... ok
test reconciler::tests::f4_systemd_partial_property_failure_is_typed_and_independent ... ok
test reconciler::tests::f4_systemd_readback_mismatch_never_claims_ownership ... ok
test reconciler::tests::s2d_compensation_attempts_every_target_after_one_failure ... ok
test reconciler::tests::s2d_durable_record_is_synced_before_production_write ... ok
test reconciler::tests::s2d_fsync_failure_refuses_mutation ... ok
test reconciler::tests::s2d_external_drift_relinquishes_without_overwrite ... ok
test reconciler::tests::s2d_full_disk_before_publish_refuses_mutation ... ok
test reconciler::tests::s2d_prepared_record_covers_crash_before_write ... ok
test reconciler::tests::s2d_path_reuse_identity_mismatch_is_rejected ... ok
test reconciler::tests::s2d_partial_publish_failure_refuses_mutation ... ok
test reconciler::tests::s2d_production_commit_then_verified_restore_compacts ... ok
test reconciler::tests::s2d_record_path_is_stable_across_generations ... ok
test reconciler::tests::s2d_repeated_compensation_is_idempotent ... ok
test reconciler::tests::s2d_readback_mismatch_compensates_and_cleans ... ok
test reconciler::tests::s2d_stale_generation_handback_does_not_compact ... ok
test reconciler::tests::s2d_stale_generation_is_rejected ... ok
test reconciler::tests::s3d_complete_cycle_emits_ready_and_watchdog ... ok
test reconciler::tests::s3d_journal_failure_withholds_watchdog ... ok
test sensors::tests::f2_collect_with_real_kernel_does_not_panic ... ok
test sensors::tests::f2_read_loadavg_with_real_kernel_returns_some_on_real_kernel ... ok
test sensors::tests::fmt_pressure_renders_all_fields_when_some ... ok
test sensors::tests::fmt_pressure_renders_unavailable_when_none ... ok
test sensors::tests::parses_psi_some_line ... ok
test sensors::tests::vm_guest_detects_innotek_virtualbox ... ok
test sensors::tests::vm_guest_detects_kvm ... ok
test sensors::tests::vm_guest_detects_microsoft_hyperv ... ok
test sensors::tests::vm_guest_detects_parallels ... ok
test sensors::tests::vm_guest_detects_qemu ... ok
test reconciler::tests::s2d_write_failure_compensates_and_cleans ... ok
test sensors::tests::vm_guest_detects_vmware ... ok
test sensors::tests::vm_guest_detects_xen ... ok
test sensors::tests::vm_guest_handles_newline_trailing ... ok
test sensors::tests::vm_guest_rejects_empty_and_garbage ... ok
test sensors::tests::vm_guest_rejects_real_hardware_vendors ... ok
test shim::conflict::tests::detects_multiple_active_conflicts_in_input_order ... ok
test shim::conflict::tests::detects_single_active_conflict ... ok
test shim::conflict::tests::no_conflicts_when_no_daemons_active ... ok
test shim::conflict::tests::empty_daemon_list_is_never_blocking ... ok
test shim::conflict::tests::render_advice_is_empty_when_no_conflicts ... ok
test shim::conflict::tests::render_advice_mentions_adr_0004_and_mask_command ... ok
test shim::conflict::tests::unknown_daemons_in_list_are_ignored ... ok
test shim::gamemode::tests::gamemode_writes_to_same_pins_dir_as_optidserver ... ok
test shim::gamemode::tests::pin_class_is_invalid_for_garbage ... ok
test shim::gamemode::tests::pin_class_is_valid_for_standard_classes ... ok
test shim::gamemode::tests::query_status_client_returns_0_for_unregistered_pid ... ok
test shim::gamemode::tests::query_status_client_returns_0_after_unregister ... ok
test shim::gamemode::tests::query_status_client_returns_1_for_registered_pid ... ok
test shim::gamemode::tests::query_status_counts_active_games ... ok
test shim::gamemode::tests::query_status_returns_0_when_no_games_registered ... ok
test shim::gamemode::tests::query_status_excludes_unregistered_games ... ok
test shim::gamemode::tests::register_game_idempotent_pin_file ... ok
test shim::gamemode::tests::register_game_rejects_negative_pid ... ok
test shim::gamemode::tests::register_game_lazy_expires_before_registering ... ok
test shim::gamemode::tests::register_game_returns_1_for_new_pid ... ok
test shim::gamemode::tests::register_game_returns_2_for_existing_pid ... ok
test shim::gamemode::tests::register_game_uses_custom_pin_class_when_configured ... ok
test shim::gamemode::tests::registration_is_expired_false_when_within_ttl ... ok
test shim::gamemode::tests::registration_is_expired_true_when_ttl_elapsed ... ok
test shim::gamemode::tests::register_game_writes_pin_file_with_configured_class ... ok
test shim::gamemode::tests::registry_active_count_excludes_expired ... ok
test shim::gamemode::tests::registry_can_be_manipulated_to_simulate_expiration ... ok
test shim::gamemode::tests::registry_expire_stale_removes_expired_entries ... ok
test shim::gamemode::tests::registry_expire_stale_returns_empty_when_nothing_expired ... ok
test shim::gamemode::tests::registry_is_registered_excludes_expired ... ok
test shim::gamemode::tests::registry_is_registered_true_for_active ... ok
test shim::gamemode::tests::registry_register_returns_false_for_existing_pid ... ok
test shim::gamemode::tests::registry_register_refreshes_ttl_on_re_register ... ok
test shim::gamemode::tests::registry_register_returns_true_for_new_pid ... ok
test shim::gamemode::tests::registry_unregister_returns_false_for_unknown_pid ... ok
test shim::gamemode::tests::registry_unregister_returns_true_for_known_pid ... ok
test shim::gamemode::tests::unregister_game_removes_pin_file ... ok
test shim::gamemode::tests::unregister_game_after_re_register_removes_pin ... ok
test shim::gamemode::tests::unregister_game_returns_1_for_registered_pid ... ok
test shim::gamemode::tests::unregister_game_treats_negative_pid_as_not_registered ... ok
test shim::gamemode::tests::unregister_game_returns_2_for_unknown_pid ... ok
test shim::ppd::tests::actions_returns_empty_vec ... ok
test shim::ppd::tests::active_profile_defaults_to_balanced_when_no_mode_file ... ok
test shim::ppd::tests::active_profile_reads_persisted_mode_battery ... ok
test shim::ppd::tests::active_profile_reads_persisted_mode_auto ... ok
test shim::ppd::tests::active_profile_reads_persisted_mode_performance ... ok
test shim::ppd::tests::active_profile_realtime_collapses_to_performance ... ok
test shim::ppd::tests::active_profile_unparseable_mode_file_falls_back_to_balanced ... ok
test shim::ppd::tests::default_mode_for_profile_known_profiles ... ok
test shim::ppd::tests::default_mode_for_profile_unknown_returns_none ... ok
test shim::ppd::tests::active_profile_returns_held_profile_when_hold_active ... ok
test shim::ppd::tests::hold_profile_invalid_name_returns_invalid_args ... ok
test shim::ppd::tests::hold_profile_returns_monotonic_cookies ... ok
test shim::ppd::tests::hold_registry_effective_profile_is_most_recent ... ok
test shim::ppd::tests::hold_profile_writes_held_mode_to_state_dir ... ok
test shim::ppd::tests::hold_registry_effective_profile_none_when_empty ... ok
test shim::ppd::tests::hold_registry_first_cookie_is_one_not_zero ... ok
test shim::ppd::tests::hold_registry_is_empty_after_all_released ... ok
test shim::ppd::tests::hold_registry_register_returns_monotonic_cookies ... ok
test shim::ppd::tests::hold_registry_release_returns_false_for_unknown_cookie ... ok
test shim::ppd::tests::hold_registry_release_returns_true_for_known_cookie ... ok
test shim::ppd::tests::hold_release_reverts_to_auto_even_when_persisted_override_existed ... ok
test shim::ppd::tests::holds_can_be_released_in_reverse_order ... ok
test shim::ppd::tests::mode_for_profile_uses_defaults_when_map_empty ... ok
test shim::ppd::tests::mode_for_profile_uses_overrides_when_map_has_them ... ok
test shim::ppd::tests::performance_degraded_returns_empty_string ... ok
test shim::ppd::tests::ppd_server_with_full_custom_map_overrides_all ... ok
test shim::ppd::tests::ppd_server_writes_same_mode_file_format_as_optid_server ... ok
test shim::ppd::tests::profile_for_mode_round_trip ... ok
test shim::ppd::tests::profiles_returns_three_standard_entries ... ok
test shim::ppd::tests::holds_mutex_survives_sequential_burst ... ok
test shim::ppd::tests::release_profile_unknown_cookie_returns_failed ... ok
test shim::ppd::tests::release_profile_reverts_to_auto_when_no_holds_remain ... ok
test shim::ppd::tests::set_active_profile_accepts_custom_profile_name_via_map ... ok
test shim::ppd::tests::release_profile_with_multiple_holds_restores_previous ... ok
test shim::ppd::tests::set_active_profile_balanced_writes_auto ... ok
test shim::ppd::tests::set_active_profile_case_sensitive ... ok
test shim::ppd::tests::set_active_profile_invalid_name_returns_invalid_args ... ok
test shim::ppd::tests::set_active_profile_falls_back_to_default_when_map_partial ... ok
test shim::ppd::tests::set_active_profile_performance_writes_performance ... ok
test shim::ppd::tests::set_active_profile_power_saver_writes_battery ... ok
test shim::ppd::tests::set_active_profile_rejects_invalid_mapped_mode ... ok
test shim::ppd::tests::set_active_profile_uses_custom_mapping_when_provided ... ok
test tests::existing::f2_fault_injection_tests::f2_actuator_with_real_kernel_matches_legacy_behavior ... ok
test tests::existing::f2_fault_injection_tests::f2_fault_disappearing_path_on_read_returns_not_found ... ok
test tests::existing::f2_fault_injection_tests::f2_fault_kernel_preserves_allowlist ... ok
test tests::existing::f2_fault_injection_tests::f2_fault_malformed_content_on_read_returns_none ... ok
test tests::existing::f2_fault_injection_tests::f2_fault_missing_path_on_read_does_not_panic ... ok
test tests::existing::f2_fault_injection_tests::f2_fault_hidden_dir_returns_empty_discovery ... ok
test tests::existing::f2_fault_injection_tests::f2_fault_permission_denied_on_write_is_logged ... ok
test tests::existing::f2_fault_injection_tests::f2_fault_rule_fires_once_then_recovers ... ok
test tests::existing::integration_tests::phase6_runtime_pm_failure_on_first_write ... ok
test tests::existing::integration_tests::phase6_runtime_pm_failure_on_second_write_with_successful_rollback ... ok
test tests::existing::integration_tests::phase6_runtime_pm_no_false_applied_marker_after_partial_failure ... ok
test tests::existing::integration_tests::phase6_runtime_pm_recovery_retry_via_revert ... ok
test tests::existing::integration_tests::phase6_runtime_pm_successful_multi_write_application ... ok
test tests::existing::integration_tests::phase6_runtime_pm_rollback_failure_retains_journal ... ok
test reconciler::tests::s2d_production_daemon_run_uses_persistent_transaction_protocol ... ok
test tests::existing::integration_tests::test_context_change_retains_still_active_runtime_pm_action ... ok
test tests::existing::integration_tests::test_context_change_reverts_device_resume_latency ... ok
test tests::existing::integration_tests::test_contract_gate_blocks_device_resume_latency_over_floor ... ok
test tests::existing::integration_tests::test_contract_gate_allows_runtime_pm_within_floor ... ok
test tests::existing::integration_tests::test_context_change_reverts_removed_runtime_pm_action ... ok
test tests::existing::integration_tests::test_contract_gate_blocks_runtime_pm_over_floor ... ok
test tests::existing::integration_tests::test_contract_gate_handles_negative_values_safely ... ok
test tests::existing::integration_tests::test_contract_gate_huge_valid_floor_denies_runtime_pm_on_evidence ... ok
test tests::existing::integration_tests::test_contract_gate_ignores_non_latency_actions ... ok
test tests::existing::integration_tests::test_contract_gate_no_floors_permits_ungated_actions ... ok
test tests::existing::integration_tests::test_contract_gate_negative_floor_denies_depth_enablers ... ok
test tests::existing::integration_tests::test_journal_key_for_systemd_set_property ... ok
test tests::existing::integration_tests::test_contract_gate_zero_floor_denies_depth_enablers ... ok
test tests::existing::integration_tests::test_n1_t10_negative_no_global_pin ... ok
test tests::existing::integration_tests::test_contract_gate_no_floors_denies_depth_enablers ... ok
test tests::existing::integration_tests::test_n1_t12_low_battery_on_ac_stays_balanced ... ok
test tests::existing::integration_tests::test_n1_t13_critical_thermal_overrides_cpu_performance ... ok
test tests::existing::integration_tests::test_n1_t15_memory_pressure_protects_user_and_throttles_background ... ok
test tests::existing::integration_tests::test_n1_t16_manual_performance_overrides_auto_battery ... ok
test tests::existing::integration_tests::test_n1_t17_missing_sensors_choose_safe_balanced ... ok
test tests::existing::integration_tests::test_n1_t14_io_pressure_adds_background_io_throttle ... ok
test tests::existing::integration_tests::test_n1_t2_pin_precedence ... ok
test tests::existing::integration_tests::test_n1_t1_class_mapping ... ok
test tests::existing::integration_tests::test_n1_t3d_mode_hysteresis_reason_is_explainable ... ok
test tests::existing::integration_tests::test_n1_t4_determinism ... ok
test tests::existing::integration_tests::test_n1_t5_explainability ... ok
test tests::existing::integration_tests::test_n1_t6_absent_foreground ... ok
test tests::existing::integration_tests::test_n2_t1_resolution ... ok
test tests::existing::integration_tests::test_n1_t11_bad_input_garbage ... ok
test tests::existing::integration_tests::test_n2_t3_apply_cpu_floor ... ok
test tests::existing::integration_tests::test_n2_t4_per_device_revert ... ok
test tests::existing::integration_tests::test_n2_t5_fd_release ... ok
test tests::existing::integration_tests::test_n2_t6_no_thrash ... ok
test tests::existing::integration_tests::test_n2_t7_fits_contract ... ok
test tests::existing::integration_tests::test_n2_t8_explainability ... ok
test tests::existing::integration_tests::test_n2_t2_dry_run_no_op ... ok
test tests::existing::integration_tests::test_n4_gate_default_denies_unknown_hwid_and_audits ... ok
test tests::existing::integration_tests::test_n4_gate_allows_allowlisted_hwid ... ok
test tests::existing::integration_tests::test_n5_policy_emits_runtime_pm_only_on_battery_idle ... ok
test tests::existing::integration_tests::test_n4_gate_disabled_is_no_op ... ok
test tests::existing::integration_tests::test_n5_runtime_pm_default_deny_skips_and_audits ... ok
test tests::existing::integration_tests::test_n5_runtime_pm_allows_journals_and_reverts ... ok
test tests::existing::integration_tests::test_n5_runtime_pm_skips_network_carrier_up ... ok
test tests::existing::integration_tests::test_n6_pcie_aspm_default_deny_audits ... ok
test tests::existing::integration_tests::test_n6_pcie_aspm_allows_journals_and_reverts ... ok
test tests::existing::integration_tests::test_n6_policy_emits_storage_pm_only_on_battery_idle ... ok
test tests::existing::integration_tests::test_n6_pcie_aspm_skips_cnvi ... ok
test tests::existing::integration_tests::test_n6_sata_alpm_allows_journals_and_reverts ... ok
test tests::existing::integration_tests::test_n7_backlight_allows_floor_clamps_and_reverts ... ok
test tests::existing::integration_tests::test_n7_backlight_default_deny_audits ... ok
test tests::existing::integration_tests::test_n7_policy_emits_backlight_only_on_battery_idle ... ok
test tests::existing::integration_tests::test_revert_key_absent_journal_is_noop ... ok
test tests::existing::integration_tests::test_n7_backlight_never_goes_black ... ok
test tests::existing::integration_tests::test_revert_key_ignores_system_wide_knobs ... ok
test tests::existing::integration_tests::test_revert_key_ignores_systemd_keys ... ok
test tests::existing::integration_tests::test_t2_failed_real_sysctl_revert_keeps_journal ... ok
test tests::existing::integration_tests::test_t2b_vm_sysctl_writes_revert_journal_entry ... ok
test tests::existing::integration_tests::test_t3_zram_gate ... ok
test tests::existing::optid_safety_tests::allowlist_load_with_state_ok_for_clean_or_missing_dir ... ok
test tests::existing::optid_safety_tests::allowlist_load_with_state_partial_for_mixed_valid_invalid ... ok
test tests::existing::optid_safety_tests::clear_journal_is_idempotent ... ok
test tests::existing::optid_safety_tests::crash_after_first_mutation_restart_restores ... ok
test tests::existing::optid_safety_tests::curated_baseline_is_conservative ... ok
test tests::existing::optid_safety_tests::dry_run_disables_all_writes ... ok
test tests::existing::integration_tests::test_t1_dry_run_no_op ... ok
test tests::existing::optid_safety_tests::malformed_allowlist_disables_dynamic_writes ... ok
test tests::existing::optid_safety_tests::malformed_policy_apply_disables_dynamic_writes ... ok
test tests::existing::optid_safety_tests::missing_policy_loads_curated_baseline_only ... ok
test tests::existing::optid_safety_tests::partial_policy_loads_curated_baseline ... ok
test tests::existing::optid_safety_tests::stale_incomplete_journal_deterministic_recovery ... ok
test tests::f2_production_surface::f2_production_daemon_run_consumes_injected_kernel_io ... ok
test tests::existing::optid_safety_tests::valid_config_enables_dynamic_writes ... ok
test tests::f3_outcome_matrix::f3_actuator_matrix_reports_missing_unsupported_contract_and_allowlist_denials ... ok
test tests::f3_outcome_matrix::f3_actuator_matrix_reports_success_failure_readback_drift_and_redundancy ... ok
test tests::f3_outcome_matrix::f3_gate_matrix_distinguishes_dry_run_observe_off_and_boot_disarm ... ok
test tests::f3_outcome_matrix::f3_observation_matrix_distinguishes_malformed_and_permission_denied_reads ... ok
test tests::f3_outcome_matrix::f3_restore_matrix_reports_actual_success_failure_malformed_and_not_applicable ... ok
test thermal::tests::collect_config_changes_results ... ok
test thermal::tests::collect_off_skips_observation ... ok
test thermal::tests::deterministic_ordering ... ok
test thermal::tests::discover_acpi_thermal_zone ... ok
test thermal::tests::discover_fan_rpm ... ok
test thermal::tests::discover_hwmon_cpu_temp ... ok
test thermal::tests::discover_malformed_skipped ... ok
test thermal::tests::duplicate_hwmon_acpi_dedup ... ok
test thermal::tests::render_includes_sensor_state_ratio_reasons ... ok
test thermal::tests::snapshot_off_skips_thermal_zone_discovery_and_thermal_c ... ok
test thermal::tests::snapshot_unavailable_thermal_c_is_none_despite_legacy_zone ... ok
test thermal::tests::stable_identity_under_hwmon_reorder ... ok
test thermal::tests::t1_production_pipeline_collect_to_render ... ok
test thermal::tests::t1_production_pipeline_off_mode_zero_thermal_reads ... ok
test thermal::tests::thermal_budget_constrained_above_hi ... ok
test thermal::tests::thermal_budget_cool_below_lo ... ok
test thermal::tests::thermal_budget_derating_never_decreases_as_temperature_rises ... ok
test thermal::tests::thermal_budget_disabled_when_mode_off ... ok
test thermal::tests::thermal_budget_hw_crit_clamp ... ok
test thermal::tests::thermal_budget_hysteresis ... ok
test thermal::tests::thermal_budget_linear_derating ... ok
test thermal::tests::thermal_budget_skin_override ... ok
test thermal::tests::thermal_budget_unavailable_on_implausible_temp ... ok
test thermal::tests::thermal_budget_unavailable_without_sensors ... ok
test thermal::tests::thermal_config_defaults ... ok
test thermal::tests::thermal_config_rejects_actuate ... ok
test thermal::tests::thermal_config_rejects_unknown_fields ... ok
test thermal::tests::two_iterations_hysteresis_via_previous ... ok
test workload::tests::mode_parse_round_trip ... ok
test workload::tests::test_n1_t3_hysteresis ... ok
test workload::tests::test_n1_t3b_mode_hysteresis_delays_auto_transition ... ok
test workload::tests::test_n1_t3c_mode_hysteresis_critical_thermal_bypasses_delay ... ok
test workload::tests::workload_class_parse_round_trip ... ok
test tests::f3_production_surface::f3_production_daemon_run_writes_one_correlated_versioned_cycle ... ok
test foreground::tests::subscribe_returns_receiver_that_does_not_yield_in_v0_6 ... ok
test tests::existing::integration_tests::test_n1_t9_global_pin_loop_boundary_precedence ... ok

test result: ok. 452 passed; 0 failed; 0 ignored; 0 measured; 0 filtered out; finished in 4.06s

[1m[92m     Running[0m unittests src/bin/optid-capability-seal-test.rs (target/debug/deps/optid_capability_seal_test-f80e4c675a0d5e15)

running 8 tests
test landlock_syscall::tests::abi_one_excludes_newer_rights ... ok
test landlock_syscall::tests::abi_three_adds_truncate ... ok
test landlock_syscall::tests::abi_two_adds_refer_only ... ok
test landlock_syscall::tests::abi_zero_is_rejected ... ok
test tests::parses_topology_rebuild_mode ... ok
test tests::recovery_marker_round_trip ... ok
test tests::invalid_recovery_marker_is_rejected ... ok
test tests::topology_rebuild_mode_returns_status_75 ... ok

test result: ok. 8 passed; 0 failed; 0 ignored; 0 measured; 0 filtered out; finished in 0.00s

[1m[92m     Running[0m unittests src/bin/optid-lever-contracts.rs (target/debug/deps/optid_lever_contracts-f8f7e11092f3e6d7)

running 0 tests

test result: ok. 0 passed; 0 failed; 0 ignored; 0 measured; 0 filtered out; finished in 0.00s

[1m[92m     Running[0m unittests src/bin/optid-recover.rs (target/debug/deps/optid_recover-f5e117a768f90ad0)

running 6 tests
test recovery::tests::s3d_recovery_failure_retains_record ... ok
test recovery::tests::s3d_recovery_refuses_identity_reuse ... ok
test recovery::tests::s3d_recovery_drift_relinquishes_without_overwrite ... ok
test recovery::tests::s3d_repeated_recovery_is_idempotent ... ok
test recovery::tests::s3d_recovery_prepared_record_is_idempotent ... ok
test recovery::tests::s3d_recovery_restores_intended_value_and_compacts ... ok

test result: ok. 6 passed; 0 failed; 0 ignored; 0 measured; 0 filtered out; finished in 0.00s

[1m[92m     Running[0m tests/capability_sealing_cli.rs (target/debug/deps/capability_sealing_cli-0da64ab3a0ed2682)

running 3 tests
test service_orders_recovery_before_fresh_capability_construction ... ok
topology change accepted; requesting supervisor-managed cold restart
recovery step completed: /tmp/optid-capability-sealing-recovery-marker-5347-1785861617105838013
test topology_rebuild_cli_exits_with_dedicated_status ... ok
test recovery_step_cli_writes_a_valid_marker ... ok

test result: ok. 3 passed; 0 failed; 0 ignored; 0 measured; 0 filtered out; finished in 0.00s

[1m[92m     Running[0m tests/lever_contract_cli.rs (target/debug/deps/lever_contract_cli-1072268178105ecb)

running 1 test
test s1d_contract_cli_checks_registry_through_production_surface ... ok

test result: ok. 1 passed; 0 failed; 0 ignored; 0 measured; 0 filtered out; finished in 0.00s

[1m[92m     Running[0m tests/recovery_cli.rs (target/debug/deps/recovery_cli-59e5fb7f60515e42)

running 2 tests
test s3d_recovery_binary_has_no_policy_or_async_surface ... ok
test s3d_recovery_cli_recovers_before_success_exit ... ok

test result: ok. 2 passed; 0 failed; 0 ignored; 0 measured; 0 filtered out; finished in 0.00s

[1m[92m     Running[0m tests/s3d_systemd.rs (target/debug/deps/s3d_systemd-3eb41ce8c7645d99)

running 2 tests
test s3d_apply_unit_orders_recovery_before_daemon ... ok
test s3d_failed_recovery_prevents_automatic_actuation_restart_loop ... ok

test result: ok. 2 passed; 0 failed; 0 ignored; 0 measured; 0 filtered out; finished in 0.00s

[1m[92m     Running[0m tests/s4d_systemd.rs (target/debug/deps/s4d_systemd-35ada8e729369419)

running 3 tests
test s4d_apply_unit_restarts_only_through_supervised_recovery_graph ... ok
test s4d_startup_seals_before_any_worker_or_dbus_input ... ok
test s4d_topology_rebuild_hands_back_before_status_75 ... ok

test result: ok. 3 passed; 0 failed; 0 ignored; 0 measured; 0 filtered out; finished in 0.00s

[1m[92m     Running[0m unittests src/main.rs (target/debug/deps/rush_collect-f71e4ef7c53cb449)

running 0 tests

test result: ok. 0 passed; 0 failed; 0 ignored; 0 measured; 0 filtered out; finished in 0.00s

[1m[92m     Running[0m unittests src/main.rs (target/debug/deps/rushbench-0604983fd9e68071)

running 13 tests
test tests::test_t1_energy_probe_wrap_ac_switch_rejection ... ok
test tests::test_t2_energy_probe_arithmetic ... ok
test tests::test_t4_schema_freeze ... ok
test tests::test_report_energy_analysis_workload_filter ... ok
test tests::test_t10_real_energy_advance ... ok
test tests::test_t3_class_readback_enforcement ... ok
test tests::test_t7_provenance_completeness ... ok
test tests::test_t9_avg_watts_positive ... ok
test tests::test_t5_n_less_than_5_honesty ... ok
test tests::test_t6_real_energy_extension_does_not_bloat_samples ... ok
test tests::test_t8_latency_critical_honesty_path ... ok
test tests::test_t9_energy_detection_priority ... ok
test tests::test_t9_host_reject_when_no_energy_counter ... ok

test result: ok. 13 passed; 0 failed; 0 ignored; 0 measured; 0 filtered out; finished in 0.21s

[1m[92m     Running[0m unittests src/lib.rs (target/debug/deps/testos-7b043487fe716509)

running 51 tests
test private_diag::tests::capture_one_handles_missing_command ... ok
test private_diag::tests::capture_one_records_failure_sidecar ... ok
test private_diag::tests::ensure_dir_creates_marker_and_directory ... ok
test private_diag::tests::marker_text_contains_warning_and_run_id ... ok
test private_diag::tests::marker_text_works_without_failure_code ... ok
test private_diag::tests::private_diag_dir_layout ... ok
test private_diag::tests::capture_one_writes_output ... ok
test private_diag::tests::private_diag_dir_never_under_testos_results ... ok
test private_diag::tests::sanitize_run_id_rejects_traversal ... ok
test private_diag::tests::sanitize_run_id_accepts_safe_tokens ... ok
test private_diag::tests::verify_accepts_empty_with_sidecar ... ok
test private_diag::tests::verify_catches_missing_file ... ok
test recovery::tests::codes_are_stable_short_strings ... ok
test recovery::tests::no_acpi_blocking_category_exists ... ok

[31m===============================================[0m
[1m  testOS — recovery screen[0m
[31m===============================================[0m

  [2mFailure code:[0m        [31mE099[0m
  [2mCategory:[0m            [33mrunner internal error[0m
  [2mWhat happened:[0m       [0mThe runner hit an internal error while executing the benchmark plan.[0m
  [2mSafe next action:[0m    Review the private diagnostics on the USB (tools/testos-diagnostics.py inspect), then report the failure code.

  Local diagnostics (private, NOT submitted):
    [2m/PRIVATE-DIAGNOSTICS/run-1[0m

  Review them with:
    python3 tools/testos-diagnostics.py inspect <USB>/PRIVATE-DIAGNOSTICS/run-1

  [33mRebooting in 10 seconds[0m (Ctrl-C to stay on this screen).
[31m===============================================[0m
test recovery::tests::print_recovery_screen_does_not_panic_with_colored_palette ... ok

===============================================
  testOS — recovery screen
===============================================

  Failure code:        E001
  Category:            USB not found
  What happened:       The USB partition (label RUSHESP) was not found within the retry window.
  Safe next action:    Re-prepare the USB on the host (tools/livedev-next --prepare-usb), then reboot from it.

  Local diagnostics (private, NOT submitted):
    /PRIVATE-DIAGNOSTICS/run-1

  Review them with:
    python3 tools/testos-diagnostics.py inspect <USB>/PRIVATE-DIAGNOSTICS/run-1

  Rebooting in 10 seconds (Ctrl-C to stay on this screen).
===============================================
test recovery::tests::print_recovery_screen_does_not_panic_with_plain_palette ... ok
test recovery::tests::recovery_screen_contains_code_and_next_action ... ok
test recovery::tests::recovery_screen_has_no_raw_identifiers ... ok
test private_diag::tests::verify_catches_empty_without_sidecar ... ok
test recovery::tests::recovery_screen_points_to_private_diagnostics ... ok
test recovery::tests::usb_side_categories_classified_correctly ... ok
test run_intent::tests::parse_iso8601_roundtrip ... ok
test run_intent::tests::safe_token_patterns ... ok
test run_intent::tests::semver_patterns ... ok
test run_intent::tests::sha256_known_vectors ... ok
test tui::tests::backward_compat_catalog_without_significance_loads ... ok
test tui::tests::catalog_with_significance_loads ... ok
test tui::tests::format_elapsed_over_minute ... ok
test tui::tests::format_elapsed_under_minute ... ok
test tui::tests::measures_text_returns_notes_trimmed ... ok
test recovery::tests::recovery_screen_has_no_root_shell ... ok
test tui::tests::overall_percent_never_exceeds_100 ... ok
test tui::tests::overall_percent_uses_completed_count_only ... ok
test tui::tests::overall_percent_zero_when_total_zero ... ok
test tui::tests::palette_colored_has_escapes ... ok
test tui::tests::palette_for_output_disabled_when_no_color ... ok
test tui::tests::palette_for_output_disabled_when_not_tty ... ok
test tui::tests::palette_for_output_enabled_when_tty_and_no_no_color ... ok
test tui::tests::palette_plain_has_no_escapes ... ok
test tui::tests::progress_position_formats_correctly ... ok
test tui::tests::significance_empty_when_both_absent ... ok
test tui::tests::significance_falls_back_to_notes_when_absent ... ok
test tui::tests::significance_ignores_whitespace_only_significance ... ok
test tui::tests::significance_uses_significance_when_present ... ok
test-bench
... |test-bench
... |                                        test tui::tests::spinner_lifecycle_stops_on_drop ... ok
test-bench
... |test tui::tests::spinner_lifecycle_stops_on_explicit_stop ... ok
test tui::tests::status_word_has_label_and_color ... ok
test tui::tests::status_word_plain_renders_just_label ... ok
... /                    test tui::tests::spinner_renders_at_least_one_frame_when_alive_long_enough ... ok
test private_diag::tests::capture_all_does_not_dump_firmware_or_disks ... ok
test private_diag::tests::capture_all_writes_runner_exit ... ok

test result: ok. 51 passed; 0 failed; 0 ignored; 0 measured; 0 filtered out; finished in 1.63s

[1m[92m     Running[0m unittests src/bin/testos-ingest.rs (target/debug/deps/testos_ingest-03c96ada162a2753)

running 16 tests
test tests::is_strictly_under_rejects_sibling ... ok
test tests::is_strictly_under_accepts_descendant ... ok
test tests::safe_segment_accepts_max_reasonable_length ... ok
test tests::is_strictly_under_rejects_traversal_string ... ok
test tests::safe_segment_accepts_timestamp_with_colons ... ok
test tests::safe_segment_accepts_valid_date ... ok
test tests::safe_segment_accepts_valid_host_fingerprint ... ok
test tests::safe_segment_blocks_audit_attack_vectors ... ok
test tests::safe_segment_rejects_backslash_traversal ... ok
test tests::safe_segment_rejects_dot ... ok
test tests::safe_segment_rejects_leading_dash ... ok
test tests::safe_segment_rejects_nul_byte ... ok
test tests::safe_segment_rejects_dot_dot ... ok
test tests::safe_segment_rejects_empty ... ok
test tests::safe_segment_rejects_spaces_and_shell_metacharacters ... ok
test tests::safe_segment_rejects_traversal_with_slash ... ok

test result: ok. 16 passed; 0 failed; 0 ignored; 0 measured; 0 filtered out; finished in 0.00s

[1m[92m     Running[0m unittests src/bin/testos-launcher.rs (target/debug/deps/testos_launcher-083e5de3c2bfb73b)

running 0 tests

test result: ok. 0 passed; 0 failed; 0 ignored; 0 measured; 0 filtered out; finished in 0.00s

[1m[92m     Running[0m unittests src/bin/testos-runner.rs (target/debug/deps/testos_runner-8318f5f82ccdfcd6)

running 0 tests

test result: ok. 0 passed; 0 failed; 0 ignored; 0 measured; 0 filtered out; finished in 0.00s

[1m[92m   Doc-tests[0m optid

running 0 tests

test result: ok. 0 passed; 0 failed; 0 ignored; 0 measured; 0 filtered out; finished in 0.00s

[1m[92m   Doc-tests[0m testos

running 0 tests

test result: ok. 0 passed; 0 failed; 0 ignored; 0 measured; 0 filtered out; finished in 0.00s

F2_D0_acceptance_and_regression=pass
[1m[92m   Compiling[0m optid v0.7.0-beta.4 (/home/runner/work/Rush-linux/Rush-linux/crates/optid)
[1m[92m    Finished[0m `test` profile [unoptimized + debuginfo] target(s) in 0.80s
[1m[92m     Running[0m unittests src/bin/optid-capability-seal-test.rs (target/debug/deps/optid_capability_seal_test-97df66673f5e39bb)

running 8 tests
test landlock_syscall::tests::abi_three_adds_truncate ... ok
test landlock_syscall::tests::abi_one_excludes_newer_rights ... ok
test landlock_syscall::tests::abi_two_adds_refer_only ... ok
test landlock_syscall::tests::abi_zero_is_rejected ... ok
test tests::parses_topology_rebuild_mode ... ok
test tests::topology_rebuild_mode_returns_status_75 ... ok
test tests::invalid_recovery_marker_is_rejected ... ok
test tests::recovery_marker_round_trip ... ok

test result: ok. 8 passed; 0 failed; 0 ignored; 0 measured; 0 filtered out; finished in 0.00s

[1m[92m   Compiling[0m optid v0.7.0-beta.4 (/home/runner/work/Rush-linux/Rush-linux/crates/optid)
[1m[92m    Finished[0m `test` profile [unoptimized + debuginfo] target(s) in 4.35s
[1m[92m     Running[0m tests/capability_sealing_cli.rs (target/debug/deps/capability_sealing_cli-424d8b1656736362)

running 3 tests
test service_orders_recovery_before_fresh_capability_construction ... ok
topology change accepted; requesting supervisor-managed cold restart
recovery step completed: /tmp/optid-capability-sealing-recovery-marker-5682-1785861624303923512
test topology_rebuild_cli_exits_with_dedicated_status ... ok
test recovery_step_cli_writes_a_valid_marker ... ok

test result: ok. 3 passed; 0 failed; 0 ignored; 0 measured; 0 filtered out; finished in 0.00s

[1m[92m    Finished[0m `dev` profile [unoptimized + debuginfo] target(s) in 0.06s
kernel_release=6.17.0-1020-azure
optid capability sealing and cold-restart proof
  experimental only; no real hardware writes are performed
  kernel=6.17.0-1020-azure Landlock ABI=7
  handled write rights=0x7ff2
  synthetic targets=/tmp/optid-capability-seal-test-5698-1785861624400539438
  pre-opened descriptors=4
exec child inherited no-new-privileges and Landlock write denial
  [PASS] abi_aware_rights: detected ABI 7; installed rights 0x7ff2; expected 0x7ff2
  [PASS] no_new_privileges: PR_GET_NO_NEW_PRIVS=1
  [PASS] pre_opened_writes_succeed: all 4 pre-opened descriptors remained writable after sealing
  [PASS] new_write_opens_denied: new write open denied with EACCES/EPERM
  [PASS] new_read_opens_succeed: new read open remained available because only write rights are handled
  [PASS] child_thread_inherits: child thread inherited sealing and could not open a write descriptor
  [PASS] child_process_exec_inherits: fork/exec child retained no-new-privileges and could not open a write descriptor
  [PASS] removed_object_handling: object was genuinely unlinked; its pre-opened descriptor remained safely usable
  post-seal cleanup delegated to the private temporary namespace
  capability-sealing proof passed (8 checks)
landlock_abi=7
Failed to reset failed state of unit optid-capability-seal-test.service: Unit optid-capability-seal-test.service not loaded.
Starting optid-capability-seal-test.service - optid capability sealing and cold-restart proof (test-only)...
recovery step completed: /run/optid-capability-seal-test/recovery.ready
Started optid-capability-seal-test.service - optid capability sealing and cold-restart proof (test-only).
recovery marker verified before capability discovery: /run/optid-capability-seal-test/recovery.ready
optid capability sealing and cold-restart proof
  experimental only; no real hardware writes are performed
  kernel=6.17.0-1020-azure Landlock ABI=7
  handled write rights=0x7ff2
  synthetic targets=/tmp/optid-capability-seal-test-5774-1785861624800138134
  pre-opened descriptors=4
exec child inherited no-new-privileges and Landlock write denial
  [PASS] abi_aware_rights: detected ABI 7; installed rights 0x7ff2; expected 0x7ff2
  [PASS] no_new_privileges: PR_GET_NO_NEW_PRIVS=1
  [PASS] pre_opened_writes_succeed: all 4 pre-opened descriptors remained writable after sealing
  [PASS] new_write_opens_denied: new write open denied with EACCES/EPERM
  [PASS] new_read_opens_succeed: new read open remained available because only write rights are handled
  [PASS] child_thread_inherits: child thread inherited sealing and could not open a write descriptor
  [PASS] child_process_exec_inherits: fork/exec child retained no-new-privileges and could not open a write descriptor
  [PASS] removed_object_handling: object was genuinely unlinked; its pre-opened descriptor remained safely usable
  post-seal cleanup delegated to the private temporary namespace
  capability-sealing proof passed (8 checks)
first sealed cycle complete; requesting topology rebuild with status 75
optid-capability-seal-test.service: Main process exited, code=exited, status=75/TEMPFAIL
optid-capability-seal-test.service: Failed with result 'exit-code'.
optid-capability-seal-test.service: Scheduled restart job, restart counter is at 1.
Starting optid-capability-seal-test.service - optid capability sealing and cold-restart proof (test-only)...
recovery step completed: /run/optid-capability-seal-test/recovery.ready
Started optid-capability-seal-test.service - optid capability sealing and cold-restart proof (test-only).
recovery marker verified before capability discovery: /run/optid-capability-seal-test/recovery.ready
optid capability sealing and cold-restart proof
  experimental only; no real hardware writes are performed
  kernel=6.17.0-1020-azure Landlock ABI=7
  handled write rights=0x7ff2
  synthetic targets=/tmp/optid-capability-seal-test-5792-1785861626868490367
  pre-opened descriptors=4
exec child inherited no-new-privileges and Landlock write denial
  [PASS] abi_aware_rights: detected ABI 7; installed rights 0x7ff2; expected 0x7ff2
  [PASS] no_new_privileges: PR_GET_NO_NEW_PRIVS=1
  [PASS] pre_opened_writes_succeed: all 4 pre-opened descriptors remained writable after sealing
  [PASS] new_write_opens_denied: new write open denied with EACCES/EPERM
  [PASS] new_read_opens_succeed: new read open remained available because only write rights are handled
  [PASS] child_thread_inherits: child thread inherited sealing and could not open a write descriptor
  [PASS] child_process_exec_inherits: fork/exec child retained no-new-privileges and could not open a write descriptor
  [PASS] removed_object_handling: object was genuinely unlinked; its pre-opened descriptor remained safely usable
  post-seal cleanup delegated to the private temporary namespace
  capability-sealing proof passed (8 checks)
fresh sealed process started after recovery; supervisor cycle complete
optid-capability-seal-test.service: Deactivated successfully.
Failed to reset failed state of unit optid-capability-seal-test.service: Unit optid-capability-seal-test.service not loaded.
Starting optid-capability-seal-test.service - optid capability sealing and cold-restart proof (test-only)...
recovery step completed: /run/optid-capability-seal-test/recovery.ready
Started optid-capability-seal-test.service - optid capability sealing and cold-restart proof (test-only).
optid-capability-seal-test.service: Main process exited, code=exited, status=1/FAILURE
optid-capability-seal-test.service: Failed with result 'exit-code'.
Starting optid-capability-seal-test.service - optid capability sealing and cold-restart proof (test-only)...
recovery step completed: /run/optid-capability-seal-test/recovery.ready
Started optid-capability-seal-test.service - optid capability sealing and cold-restart proof (test-only).
recovery marker verified before capability discovery: /run/optid-capability-seal-test/recovery.ready
optid capability sealing and cold-restart proof
  experimental only; no real hardware writes are performed
  kernel=6.17.0-1020-azure Landlock ABI=7
  handled write rights=0x7ff2
  synthetic targets=/tmp/optid-capability-seal-test-5774-1785861624800138134
  pre-opened descriptors=4
exec child inherited no-new-privileges and Landlock write denial
  [PASS] abi_aware_rights: detected ABI 7; installed rights 0x7ff2; expected 0x7ff2
  [PASS] no_new_privileges: PR_GET_NO_NEW_PRIVS=1
  [PASS] pre_opened_writes_succeed: all 4 pre-opened descriptors remained writable after sealing
  [PASS] new_write_opens_denied: new write open denied with EACCES/EPERM
  [PASS] new_read_opens_succeed: new read open remained available because only write rights are handled
  [PASS] child_thread_inherits: child thread inherited sealing and could not open a write descriptor
  [PASS] child_process_exec_inherits: fork/exec child retained no-new-privileges and could not open a write descriptor
  [PASS] removed_object_handling: object was genuinely unlinked; its pre-opened descriptor remained safely usable
  post-seal cleanup delegated to the private temporary namespace
  capability-sealing proof passed (8 checks)
first sealed cycle complete; requesting topology rebuild with status 75
optid-capability-seal-test.service: Main process exited, code=exited, status=75/TEMPFAIL
optid-capability-seal-test.service: Failed with result 'exit-code'.
optid-capability-seal-test.service: Scheduled restart job, restart counter is at 1.
Starting optid-capability-seal-test.service - optid capability sealing and cold-restart proof (test-only)...
recovery step completed: /run/optid-capability-seal-test/recovery.ready
Started optid-capability-seal-test.service - optid capability sealing and cold-restart proof (test-only).
recovery marker verified before capability discovery: /run/optid-capability-seal-test/recovery.ready
optid capability sealing and cold-restart proof
  experimental only; no real hardware writes are performed
  kernel=6.17.0-1020-azure Landlock ABI=7
  handled write rights=0x7ff2
  synthetic targets=/tmp/optid-capability-seal-test-5792-1785861626868490367
  pre-opened descriptors=4
exec child inherited no-new-privileges and Landlock write denial
  [PASS] abi_aware_rights: detected ABI 7; installed rights 0x7ff2; expected 0x7ff2
  [PASS] no_new_privileges: PR_GET_NO_NEW_PRIVS=1
  [PASS] pre_opened_writes_succeed: all 4 pre-opened descriptors remained writable after sealing
  [PASS] new_write_opens_denied: new write open denied with EACCES/EPERM
  [PASS] new_read_opens_succeed: new read open remained available because only write rights are handled
  [PASS] child_thread_inherits: child thread inherited sealing and could not open a write descriptor
  [PASS] child_process_exec_inherits: fork/exec child retained no-new-privileges and could not open a write descriptor
  [PASS] removed_object_handling: object was genuinely unlinked; its pre-opened descriptor remained safely usable
  post-seal cleanup delegated to the private temporary namespace
  capability-sealing proof passed (8 checks)
fresh sealed process started after recovery; supervisor cycle complete
optid-capability-seal-test.service: Deactivated successfully.
Starting optid-capability-seal-test.service - optid capability sealing and cold-restart proof (test-only)...
recovery step completed: /run/optid-capability-seal-test/recovery.ready
Started optid-capability-seal-test.service - optid capability sealing and cold-restart proof (test-only).
optid-capability-seal-test.service: Main process exited, code=exited, status=1/FAILURE
optid-capability-seal-test.service: Failed with result 'exit-code'.
D0_live_supervisor_proof=pass
