optid: boot state — policy_load_state=ok allowlist_load_state=ok allowlist_gate=true apply_armed=true baseline_armed=false; independent VM baseline retired into F4 complete desired state
optid: S4D capability sealing observe-only ([safety].capability_sealing=observe); non-systemd kernel writes suppressed
optid: WP-N4 hardware allowlist gate ENABLED (default-deny); version=v0.7.0-beta.1 effective_entries=14 load_state=ok
optid:   allowlist pci_aspm pci:v00008086p00002723sv00008086sd00000084bc02sc80i00 deny max_state=- [unverified] source=seeded-baseline tested_on="Intel AX200 (kernel bugzilla reports)" reason="L1.2 occasionally drops on busy channels"
optid:   allowlist backlight pci:v00008086p00009A49sv000017AAsd000022C0bc03sc00i00 allow max_state=- [unverified] source=seeded-baseline tested_on="Intel Iris Xe (Tiger Lake) intel_backlight (community reports)" reason="DC-dimming panel; safe to dim toward the interactive floor on battery-idle"
optid:   allowlist nvme_apst pci:v000015B7p00005030sv000015B7sd00005030bc01sc08i02 allow max_state=- [unverified] source=seeded-baseline tested_on="WD Black SN850X (community reports)" reason="Generally stable across power states; positive community reports"
optid:   allowlist runtime_pm usb:v045Ep00DBd0001dc00dsc00dp00ic03isc01ip01in00 allow max_state=- [unverified] source=seeded-baseline tested_on="Microsoft USB keyboard (community reports)" reason="USB HID keyboard; wakeup preserved; safe to autosuspend when idle"
optid:   allowlist nvme_apst pci:v0000144Dp0000A808sv0000144Dsd0000A801bc01sc08i02 allow max_state=3 [unverified] source=seeded-baseline tested_on="Samsung 970 EVO Plus (community reports)" reason="State 4 latency ~20ms with hangs observed on certain Intel systems; cap at 3"
optid:   allowlist pci_aspm pci:v000010ECp00008125sv000010ECsd00008125bc02sc00i00 deny max_state=- [unverified] source=seeded-baseline tested_on="Realtek RTL8125B 2.5GbE (kernel bugzilla #215968)" reason="L1.2 causes PCIe link-down on wake on some Ryzen laptops; not fixed as of 6.8"
optid:   allowlist nvme_apst pci:v0000144Dp00009A36sv0000144Dsd0000A801bc01sc08i02 allow max_state=3 [unverified] source=seeded-baseline tested_on="Samsung PM9A1 (community reports; ThinkPad T14 Gen 4 candidate)" reason="State 4 resume hangs reported on some units; states 0-3 stable"
optid:   allowlist pci_aspm pci:v00008086p00002526sv00008086sd00000010bc02sc80i00 deny max_state=- [unverified] source=seeded-baseline tested_on="Intel Wireless-AC 9260 (kernel ASPM_STATE_L1_1 quirk)" reason="L1.2 link drop under load; upstream kernel quirks this device"
optid:   allowlist pci_aspm pci:v000010ECp0000C821sv000010ECsd0000C821bc02sc80i00 deny max_state=- [unverified] source=seeded-baseline tested_on="Realtek RTL8821CE (multiple lkml reports)" reason="L1.2 causes firmware assert"
optid:   allowlist nvme_apst pci:v00001C5Cp0000174Asv00001C5Csd0000174Abc01sc08i02 allow max_state=3 [unverified] source=seeded-baseline tested_on="SK Hynix PC801 (OEM drive in Dell/HP laptops)" reason="State 4 untested on this OEM controller; cap at 3 pending §4.1"
optid:   allowlist pci_aspm pci:v0000144Dp00009A36sv0000144Dsd0000A801bc01sc08i02 allow max_state=- [unverified] source=seeded-baseline tested_on="Samsung PM9A1 NVMe (community reports)" reason="L1/L1.1 ASPM stable on this controller; broadly safe link PM"
optid:   allowlist nvme_apst pci:v00001344p00005410sv00001344sd00005410bc01sc08i02 allow max_state=3 [unverified] source=seeded-baseline tested_on="Micron 3400 (common in XPS 13 9320)" reason="State 4 flagged in kernel nvme_quirks; cap at 3"
optid:   allowlist runtime_pm usb:v046Dp0082d0001dc00dsc00dp00ic03isc01ip01in00 allow max_state=- [unverified] source=seeded-baseline tested_on="Logitech Unifying Receiver (community reports)" reason="USB HID receiver; wakeup preserved; no observed wake-latency issues"
optid:   allowlist sata_alpm pci:v00008086p00009D03sv000017AAsd0000222Ebc01sc06i01 allow max_state=- [unverified] source=seeded-baseline tested_on="Intel Sunrise Point-LP AHCI (SSD, community reports)" reason="med_power_with_dipm safe for flash storage; no head-park risk"
optid: F4 reconciler mode=V1
optid: S5D circuit state — global_open=false open_domains=none records=0
optid: thermal startup mode=Observe (no baseline scan; loop uses configured policy)
correlation_id=optid-000000006a89e4e4-0000000000000000 reconciler: transition=mode_changed: auto -> balanced
correlation_id=optid-000000006a89e4e4-0000000000000000 circuit: S5D outcome was neither a verified success nor a counted failure
correlation_id=optid-000000006a89e4e4-0000000000000000 circuit: S5D recorded journal failure 1/2 for domain=platform_profile operation=set_platform_profile: persistent transaction or recovery journal gate failed
correlation_id=optid-000000006a89e4e4-0000000000000000 circuit: S5D verified success reset scoped pre-threshold failures
correlation_id=optid-000000006a89e4e4-0000000000000000 circuit: S5D outcome was neither a verified success nor a counted failure
correlation_id=optid-000000006a89e4e4-0000000000000000 circuit: S5D outcome was neither a verified success nor a counted failure
correlation_id=optid-000000006a89e4e4-0000000000000000 circuit: S5D outcome was neither a verified success nor a counted failure
correlation_id=optid-000000006a89e4e4-0000000000000000 circuit: S5D recorded journal failure 1/2 for domain=cpu_dma_latency operation=set_cpu_dma_latency: persistent transaction or recovery journal gate failed
correlation_id=optid-000000006a89e4e4-0000000000000000 circuit: S5D recorded journal failure 1/2 for domain=runtime_pm operation=enable_runtime_pm: persistent transaction or recovery journal gate failed
correlation_id=optid-000000006a89e4e4-0000000000000000 circuit: S5D recorded journal failure 1/2 for domain=runtime_pm operation=enable_runtime_pm: persistent transaction or recovery journal gate failed
correlation_id=optid-000000006a89e4e4-0000000000000000 circuit: S5D recorded journal failure 1/2 for domain=runtime_pm operation=enable_runtime_pm: persistent transaction or recovery journal gate failed
correlation_id=optid-000000006a89e4e4-0000000000000000 circuit: S5D recorded journal failure 1/2 for domain=runtime_pm operation=enable_runtime_pm: persistent transaction or recovery journal gate failed
correlation_id=optid-000000006a89e4e4-0000000000000000 circuit: S5D recorded journal failure 1/2 for domain=runtime_pm operation=enable_runtime_pm: persistent transaction or recovery journal gate failed
correlation_id=optid-000000006a89e4e4-0000000000000000 circuit: S5D outcome was neither a verified success nor a counted failure
correlation_id=optid-000000006a89e4e4-0000000000000000 circuit: S5D recorded journal failure 1/2 for domain=runtime_pm operation=enable_runtime_pm: persistent transaction or recovery journal gate failed
correlation_id=optid-000000006a89e4e4-0000000000000000 circuit: S5D outcome was neither a verified success nor a counted failure
correlation_id=optid-000000006a89e4e4-0000000000000000 circuit: S5D recorded journal failure 1/2 for domain=runtime_pm operation=enable_runtime_pm: persistent transaction or recovery journal gate failed
correlation_id=optid-000000006a89e4e4-0000000000000000 circuit: S5D recorded journal failure 1/2 for domain=runtime_pm operation=enable_runtime_pm: persistent transaction or recovery journal gate failed
correlation_id=optid-000000006a89e4e4-0000000000000000 circuit: S5D recorded journal failure 1/2 for domain=runtime_pm operation=enable_runtime_pm: persistent transaction or recovery journal gate failed
correlation_id=optid-000000006a89e4e4-0000000000000000 circuit: S5D outcome was neither a verified success nor a counted failure
correlation_id=optid-000000006a89e4e4-0000000000000000 circuit: S5D recorded journal failure 1/2 for domain=runtime_pm operation=enable_runtime_pm: persistent transaction or recovery journal gate failed
correlation_id=optid-000000006a89e4e4-0000000000000000 circuit: S5D outcome was neither a verified success nor a counted failure
correlation_id=optid-000000006a89e4e4-0000000000000000 circuit: S5D recorded journal failure 1/2 for domain=runtime_pm operation=enable_runtime_pm: persistent transaction or recovery journal gate failed
correlation_id=optid-000000006a89e4e4-0000000000000000 circuit: S5D outcome was neither a verified success nor a counted failure
correlation_id=optid-000000006a89e4e4-0000000000000000 circuit: S5D recorded journal failure 1/2 for domain=runtime_pm operation=enable_runtime_pm: persistent transaction or recovery journal gate failed
correlation_id=optid-000000006a89e4e4-0000000000000000 circuit: S5D recorded journal failure 1/2 for domain=runtime_pm operation=enable_runtime_pm: persistent transaction or recovery journal gate failed
correlation_id=optid-000000006a89e4e4-0000000000000000 circuit: S5D outcome was neither a verified success nor a counted failure
correlation_id=optid-000000006a89e4e4-0000000000000000 circuit: S5D recorded journal failure 1/2 for domain=runtime_pm operation=enable_runtime_pm: persistent transaction or recovery journal gate failed
correlation_id=optid-000000006a89e4e4-0000000000000000 circuit: S5D recorded journal failure 1/2 for domain=runtime_pm operation=enable_runtime_pm: persistent transaction or recovery journal gate failed
correlation_id=optid-000000006a89e4e4-0000000000000000 circuit: S5D outcome was neither a verified success nor a counted failure
correlation_id=optid-000000006a89e4e4-0000000000000000 circuit: S5D recorded journal failure 1/2 for domain=runtime_pm operation=enable_runtime_pm: persistent transaction or recovery journal gate failed
correlation_id=optid-000000006a89e4e4-0000000000000000 circuit: S5D outcome was neither a verified success nor a counted failure
correlation_id=optid-000000006a89e4e4-0000000000000000 circuit: S5D outcome was neither a verified success nor a counted failure
correlation_id=optid-000000006a89e4e4-0000000000000000 circuit: S5D outcome was neither a verified success nor a counted failure
correlation_id=optid-000000006a89e4e4-0000000000000000 circuit: S5D outcome was neither a verified success nor a counted failure
correlation_id=optid-000000006a89e4e4-0000000000000000 circuit: S5D outcome was neither a verified success nor a counted failure
correlation_id=optid-000000006a89e4e4-0000000000000000 circuit: S5D outcome was neither a verified success nor a counted failure
correlation_id=optid-000000006a89e4e4-0000000000000000 circuit: S5D outcome was neither a verified success nor a counted failure
correlation_id=optid-000000006a89e4e4-0000000000000000 circuit: S5D outcome was neither a verified success nor a counted failure
correlation_id=optid-000000006a89e4e4-0000000000000000 circuit: S5D outcome was neither a verified success nor a counted failure
correlation_id=optid-000000006a89e4e4-0000000000000000 circuit: S5D outcome was neither a verified success nor a counted failure
correlation_id=optid-000000006a89e4e4-0000000000000000 circuit: S5D outcome was neither a verified success nor a counted failure
correlation_id=optid-000000006a89e4e4-0000000000000000 circuit: S5D outcome was neither a verified success nor a counted failure
correlation_id=optid-000000006a89e4e4-0000000000000000 circuit: S5D outcome was neither a verified success nor a counted failure
correlation_id=optid-000000006a89e4e4-0000000000000000 circuit: S5D outcome was neither a verified success nor a counted failure
correlation_id=optid-000000006a89e4e4-0000000000000000 circuit: S5D outcome was neither a verified success nor a counted failure
correlation_id=optid-000000006a89e4e4-0000000000000000 reconciler: shadow_parity=true legacy_restore_intents=0 v1_restore_intents=0 intentional_v1_only=0
correlation_id=optid-000000006a89e4e4-0000000000000000
restore_outcomes=none
circuit_state=global_open=false open_domains=none records=18
timestamp=1787421924
mode=balanced
on_ac=Some(false)
battery_pct=Some(94)
thermal_c=Some(39.0)
thermal_state=Cool
thermal_derating_ratio=0.00
thermal_die_sensor=hwmon:coretemp.0:coretemp:Package id 0
thermal_die_temp_c=39.0
thermal_skin_sensor=none
thermal_skin_temp_c=none
thermal_max_fan_rpm=2700
thermal_reasons:
- selected die signal hwmon:coretemp.0:coretemp:Package id 0 (package) at 39.0°C
- that value is a collapse maximum: hwmon:coretemp.0:coretemp:Package id 0 read 38.0°C itself and was raised to 39.0°C              by acpi:x86_pkg_temp
- clamped thermal_hi to 90.0°C based on hardware T_crit 100.0°C - 10°C
- effective thresholds: lo=60.0°C hi=90.0°C
- die temp 39.0°C <= lo threshold 60.0°C; state = cool (sensor=hwmon:coretemp.0:coretemp:Package id 0)
thermal_sensor_count=31
fan_sensor_count=2
loadavg_1=Some(0.82)
cpu_pressure=avg10=0.00 avg60=0.00 avg300=0.00 total=128727264
memory_pressure=avg10=0.00 avg60=0.00 avg300=0.00 total=1028752
io_pressure=avg10=0.00 avg60=0.01 avg300=0.03 total=33224856
workload_class=idle
workload_reason=active usage: load=0.82, cpu_pressure=0.00, mem_pressure=0.00
cpu_wakeup_latency=100000
device_resume_latency=1000000
reasons:
- mode hysteresis pending: committed=balanced, candidate=battery, elapsed=0s, required=6s
- system is on battery
actions:
- cpu.epp=balance_performance (keep foreground responsiveness without full turbo bias)
- platform.profile=balanced (request balanced platform profile)
- systemd.set-property user.slice CPUWeight=150 IOWeight=150 (favor interactive user sessions)
- vm.sysctl /proc/sys/vm/swappiness=100 (adjust swappiness for current mode)
- vm.sysctl /proc/sys/vm/dirty_background_bytes=67108864 (adjust dirty background bytes for current mode)
- vm.sysctl /proc/sys/vm/dirty_bytes=134217728 (adjust dirty bytes for current mode)
- cpu_dma_latency=100000 (class=idle, floor=100000us, row=contracts.idle)
- runtime_pm /sys/bus/pci/devices/0000:00:17.0 control=auto autosuspend_delay_ms=2000 (battery-idle runtime PM (class=idle, allowlist-gated))
- runtime_pm /sys/bus/pci/devices/0000:00:08.0 control=auto autosuspend_delay_ms=2000 (battery-idle runtime PM (class=idle, allowlist-gated))
- runtime_pm /sys/bus/pci/devices/0000:00:1f.0 control=auto autosuspend_delay_ms=2000 (battery-idle runtime PM (class=idle, allowlist-gated))
- runtime_pm /sys/bus/pci/devices/0000:00:04.0 control=auto autosuspend_delay_ms=2000 (battery-idle runtime PM (class=idle, allowlist-gated))
- runtime_pm /sys/bus/pci/devices/0000:00:14.3 control=auto autosuspend_delay_ms=2000 (battery-idle runtime PM (class=idle, allowlist-gated))
- runtime_pm /sys/bus/pci/devices/0000:00:16.0 control=auto autosuspend_delay_ms=2000 (battery-idle runtime PM (class=idle, allowlist-gated))
- runtime_pm /sys/bus/pci/devices/0000:01:00.0 control=auto autosuspend_delay_ms=2000 (battery-idle runtime PM (class=idle, allowlist-gated))
- runtime_pm /sys/bus/pci/devices/0000:00:1b.0 control=auto autosuspend_delay_ms=2000 (battery-idle runtime PM (class=idle, allowlist-gated))
- runtime_pm /sys/bus/pci/devices/0000:00:1f.5 control=auto autosuspend_delay_ms=2000 (battery-idle runtime PM (class=idle, allowlist-gated))
- runtime_pm /sys/bus/pci/devices/0000:07:00.0 control=auto autosuspend_delay_ms=2000 (battery-idle runtime PM (class=idle, allowlist-gated))
- runtime_pm /sys/bus/pci/devices/0000:00:1e.0 control=auto autosuspend_delay_ms=2000 (battery-idle runtime PM (class=idle, allowlist-gated))
- runtime_pm /sys/bus/pci/devices/0000:00:1f.3 control=auto autosuspend_delay_ms=2000 (battery-idle runtime PM (class=idle, allowlist-gated))
- runtime_pm /sys/bus/pci/devices/0000:00:00.0 control=auto autosuspend_delay_ms=2000 (battery-idle runtime PM (class=idle, allowlist-gated))
- runtime_pm /sys/bus/pci/devices/0000:00:1d.4 control=auto autosuspend_delay_ms=2000 (battery-idle runtime PM (class=idle, allowlist-gated))
- runtime_pm /sys/bus/pci/devices/0000:00:15.0 control=auto autosuspend_delay_ms=2000 (battery-idle runtime PM (class=idle, allowlist-gated))
- runtime_pm /sys/bus/pci/devices/0000:00:1d.0 control=auto autosuspend_delay_ms=2000 (battery-idle runtime PM (class=idle, allowlist-gated))
- runtime_pm /sys/bus/pci/devices/0000:00:1e.3 control=auto autosuspend_delay_ms=2000 (battery-idle runtime PM (class=idle, allowlist-gated))
- runtime_pm /sys/bus/pci/devices/0000:00:14.2 control=auto autosuspend_delay_ms=2000 (battery-idle runtime PM (class=idle, allowlist-gated))
- runtime_pm /sys/bus/pci/devices/0000:00:02.0 control=auto autosuspend_delay_ms=2000 (battery-idle runtime PM (class=idle, allowlist-gated))
- runtime_pm /sys/bus/pci/devices/0000:00:1e.1 control=auto autosuspend_delay_ms=2000 (battery-idle runtime PM (class=idle, allowlist-gated))
- runtime_pm /sys/bus/pci/devices/0000:00:14.0 control=auto autosuspend_delay_ms=2000 (battery-idle runtime PM (class=idle, allowlist-gated))
- runtime_pm /sys/bus/pci/devices/0000:00:1f.4 control=auto autosuspend_delay_ms=2000 (battery-idle runtime PM (class=idle, allowlist-gated))
- runtime_pm /sys/bus/pci/devices/0000:00:0a.0 control=auto autosuspend_delay_ms=2000 (battery-idle runtime PM (class=idle, allowlist-gated))
- runtime_pm /sys/bus/usb/devices/1-14 control=auto autosuspend_delay_ms=2000 (battery-idle runtime PM (class=idle, allowlist-gated))
- runtime_pm /sys/bus/usb/devices/usb1 control=auto autosuspend_delay_ms=2000 (battery-idle runtime PM (class=idle, allowlist-gated))
- runtime_pm /sys/bus/usb/devices/usb2 control=auto autosuspend_delay_ms=2000 (battery-idle runtime PM (class=idle, allowlist-gated))
- runtime_pm /sys/bus/usb/devices/1-6 control=auto autosuspend_delay_ms=2000 (battery-idle runtime PM (class=idle, allowlist-gated))
- pci_aspm /sys/bus/pci/devices/0000:01:00.0 l1_aspm=1 (battery-idle PCIe ASPM (class=idle, allowlist-gated))
- pci_aspm /sys/bus/pci/devices/0000:07:00.0 l1_aspm=1 (battery-idle PCIe ASPM (class=idle, allowlist-gated))
- sata_alpm /sys/class/scsi_host/host7 policy=med_power_with_dipm (battery-idle SATA ALPM (class=idle, allowlist-gated))
- sata_alpm /sys/class/scsi_host/host5 policy=med_power_with_dipm (battery-idle SATA ALPM (class=idle, allowlist-gated))
- sata_alpm /sys/class/scsi_host/host3 policy=med_power_with_dipm (battery-idle SATA ALPM (class=idle, allowlist-gated))
- sata_alpm /sys/class/scsi_host/host1 policy=med_power_with_dipm (battery-idle SATA ALPM (class=idle, allowlist-gated))
- sata_alpm /sys/class/scsi_host/host6 policy=med_power_with_dipm (battery-idle SATA ALPM (class=idle, allowlist-gated))
- sata_alpm /sys/class/scsi_host/host4 policy=med_power_with_dipm (battery-idle SATA ALPM (class=idle, allowlist-gated))
- sata_alpm /sys/class/scsi_host/host2 policy=med_power_with_dipm (battery-idle SATA ALPM (class=idle, allowlist-gated))
- sata_alpm /sys/class/scsi_host/host0 policy=med_power_with_dipm (battery-idle SATA ALPM (class=idle, allowlist-gated))
- backlight /sys/class/backlight/intel_backlight target=40% (battery-idle backlight floor (class=idle, allowlist-gated))
effective_config:
domains.cpu_epp=actuate
domains.platform_profile=actuate
domains.vm_sysctl=actuate
domains.cpu_dma_latency=actuate
domains.device_resume_latency=actuate
domains.runtime_pm=actuate
domains.pci_aspm=actuate
domains.sata_alpm=actuate
domains.backlight=actuate
domains.cgroup_reweight=actuate
correlation_id=optid-000000006a89e4e4-0000000000000001 circuit: S5D outcome was neither a verified success nor a counted failure
correlation_id=optid-000000006a89e4e4-0000000000000001 circuit: S5D opened journal circuit for domain=platform_profile operation=set_platform_profile target=platform:profile hwid=hwid:9847dab658560237 firmware=firmware:ceb232cd5769e502 after 2 failure(s): persistent transaction or recovery journal gate failed
correlation_id=optid-000000006a89e4e4-0000000000000001 circuit: S5D verified success reset scoped pre-threshold failures
correlation_id=optid-000000006a89e4e4-0000000000000001 circuit: S5D outcome was neither a verified success nor a counted failure
correlation_id=optid-000000006a89e4e4-0000000000000001 circuit: S5D outcome was neither a verified success nor a counted failure
correlation_id=optid-000000006a89e4e4-0000000000000001 circuit: S5D outcome was neither a verified success nor a counted failure
correlation_id=optid-000000006a89e4e4-0000000000000001 circuit: S5D opened journal circuit for domain=cpu_dma_latency operation=set_cpu_dma_latency target=cpu:pm-qos-latency hwid=hwid:9847dab658560237 firmware=firmware:ceb232cd5769e502 after 2 failure(s): persistent transaction or recovery journal gate failed
correlation_id=optid-000000006a89e4e4-0000000000000001 circuit: S5D opened journal circuit for domain=runtime_pm operation=enable_runtime_pm target=runtime-pm:63c95fd8ab568389 hwid=pci:v00008086d00007A63sv0000103Csd00008BC2bc01sc06i01 firmware=firmware:ceb232cd5769e502 after 2 failure(s): persistent transaction or recovery journal gate failed
correlation_id=optid-000000006a89e4e4-0000000000000001 circuit: S5D outcome was neither a verified success nor a counted failure
correlation_id=optid-000000006a89e4e4-0000000000000001 circuit: S5D outcome was neither a verified success nor a counted failure
correlation_id=optid-000000006a89e4e4-0000000000000001 circuit: S5D outcome was neither a verified success nor a counted failure
correlation_id=optid-000000006a89e4e4-0000000000000001 circuit: S5D outcome was neither a verified success nor a counted failure
correlation_id=optid-000000006a89e4e4-0000000000000001 circuit: S5D outcome was neither a verified success nor a counted failure
correlation_id=optid-000000006a89e4e4-0000000000000001 circuit: S5D outcome was neither a verified success nor a counted failure
correlation_id=optid-000000006a89e4e4-0000000000000001 circuit: S5D outcome was neither a verified success nor a counted failure
correlation_id=optid-000000006a89e4e4-0000000000000001 circuit: S5D outcome was neither a verified success nor a counted failure
correlation_id=optid-000000006a89e4e4-0000000000000001 circuit: S5D outcome was neither a verified success nor a counted failure
correlation_id=optid-000000006a89e4e4-0000000000000001 circuit: S5D outcome was neither a verified success nor a counted failure
correlation_id=optid-000000006a89e4e4-0000000000000001 circuit: S5D outcome was neither a verified success nor a counted failure
correlation_id=optid-000000006a89e4e4-0000000000000001 reconciler: shadow_parity=true legacy_restore_intents=0 v1_restore_intents=0 intentional_v1_only=0
correlation_id=optid-000000006a89e4e4-0000000000000001
restore_outcomes=none
circuit_state=global_open=false open_domains=cpu_dma_latency,platform_profile,runtime_pm records=18
timestamp=1787421926
mode=balanced
on_ac=Some(false)
battery_pct=Some(94)
thermal_c=Some(37.0)
thermal_state=Cool
thermal_derating_ratio=0.00
thermal_die_sensor=hwmon:coretemp.0:coretemp:Package id 0
thermal_die_temp_c=37.0
thermal_skin_sensor=none
thermal_skin_temp_c=none
thermal_max_fan_rpm=2700
thermal_reasons:
- selected die signal hwmon:coretemp.0:coretemp:Package id 0 (package) at 37.0°C
- clamped thermal_hi to 90.0°C based on hardware T_crit 100.0°C - 10°C
- effective thresholds: lo=60.0°C hi=90.0°C
- die temp 37.0°C <= lo threshold 60.0°C; state = cool (sensor=hwmon:coretemp.0:coretemp:Package id 0)
thermal_sensor_count=31
fan_sensor_count=2
loadavg_1=Some(0.99)
cpu_pressure=avg10=0.00 avg60=0.00 avg300=0.00 total=128745863
memory_pressure=avg10=0.00 avg60=0.00 avg300=0.00 total=1028754
io_pressure=avg10=0.00 avg60=0.01 avg300=0.03 total=33232751
workload_class=idle
workload_reason=pinned override (global)
cpu_wakeup_latency=100000
device_resume_latency=1000000
reasons:
- mode hysteresis pending: committed=balanced, candidate=battery, elapsed=2s, required=6s
- system is on battery
actions:
- cpu.epp=balance_performance (keep foreground responsiveness without full turbo bias)
- platform.profile=balanced (request balanced platform profile)
- systemd.set-property user.slice CPUWeight=150 IOWeight=150 (favor interactive user sessions)
- vm.sysctl /proc/sys/vm/swappiness=100 (adjust swappiness for current mode)
- vm.sysctl /proc/sys/vm/dirty_background_bytes=67108864 (adjust dirty background bytes for current mode)
- vm.sysctl /proc/sys/vm/dirty_bytes=134217728 (adjust dirty bytes for current mode)
- cpu_dma_latency=100000 (class=idle, floor=100000us, row=contracts.idle)
- runtime_pm /sys/bus/pci/devices/0000:00:17.0 control=auto autosuspend_delay_ms=2000 (battery-idle runtime PM (class=idle, allowlist-gated))
- runtime_pm /sys/bus/pci/devices/0000:00:08.0 control=auto autosuspend_delay_ms=2000 (battery-idle runtime PM (class=idle, allowlist-gated))
- runtime_pm /sys/bus/pci/devices/0000:00:1f.0 control=auto autosuspend_delay_ms=2000 (battery-idle runtime PM (class=idle, allowlist-gated))
- runtime_pm /sys/bus/pci/devices/0000:00:04.0 control=auto autosuspend_delay_ms=2000 (battery-idle runtime PM (class=idle, allowlist-gated))
- runtime_pm /sys/bus/pci/devices/0000:00:14.3 control=auto autosuspend_delay_ms=2000 (battery-idle runtime PM (class=idle, allowlist-gated))
- runtime_pm /sys/bus/pci/devices/0000:00:16.0 control=auto autosuspend_delay_ms=2000 (battery-idle runtime PM (class=idle, allowlist-gated))
- runtime_pm /sys/bus/pci/devices/0000:01:00.0 control=auto autosuspend_delay_ms=2000 (battery-idle runtime PM (class=idle, allowlist-gated))
- runtime_pm /sys/bus/pci/devices/0000:00:1b.0 control=auto autosuspend_delay_ms=2000 (battery-idle runtime PM (class=idle, allowlist-gated))
- runtime_pm /sys/bus/pci/devices/0000:00:1f.5 control=auto autosuspend_delay_ms=2000 (battery-idle runtime PM (class=idle, allowlist-gated))
- runtime_pm /sys/bus/pci/devices/0000:07:00.0 control=auto autosuspend_delay_ms=2000 (battery-idle runtime PM (class=idle, allowlist-gated))
- runtime_pm /sys/bus/pci/devices/0000:00:1e.0 control=auto autosuspend_delay_ms=2000 (battery-idle runtime PM (class=idle, allowlist-gated))
- runtime_pm /sys/bus/pci/devices/0000:00:1f.3 control=auto autosuspend_delay_ms=2000 (battery-idle runtime PM (class=idle, allowlist-gated))
- runtime_pm /sys/bus/pci/devices/0000:00:00.0 control=auto autosuspend_delay_ms=2000 (battery-idle runtime PM (class=idle, allowlist-gated))
- runtime_pm /sys/bus/pci/devices/0000:00:1d.4 control=auto autosuspend_delay_ms=2000 (battery-idle runtime PM (class=idle, allowlist-gated))
- runtime_pm /sys/bus/pci/devices/0000:00:15.0 control=auto autosuspend_delay_ms=2000 (battery-idle runtime PM (class=idle, allowlist-gated))
- runtime_pm /sys/bus/pci/devices/0000:00:1d.0 control=auto autosuspend_delay_ms=2000 (battery-idle runtime PM (class=idle, allowlist-gated))
- runtime_pm /sys/bus/pci/devices/0000:00:1e.3 control=auto autosuspend_delay_ms=2000 (battery-idle runtime PM (class=idle, allowlist-gated))
- runtime_pm /sys/bus/pci/devices/0000:00:14.2 control=auto autosuspend_delay_ms=2000 (battery-idle runtime PM (class=idle, allowlist-gated))
- runtime_pm /sys/bus/pci/devices/0000:00:02.0 control=auto autosuspend_delay_ms=2000 (battery-idle runtime PM (class=idle, allowlist-gated))
- runtime_pm /sys/bus/pci/devices/0000:00:1e.1 control=auto autosuspend_delay_ms=2000 (battery-idle runtime PM (class=idle, allowlist-gated))
- runtime_pm /sys/bus/pci/devices/0000:00:14.0 control=auto autosuspend_delay_ms=2000 (battery-idle runtime PM (class=idle, allowlist-gated))
- runtime_pm /sys/bus/pci/devices/0000:00:1f.4 control=auto autosuspend_delay_ms=2000 (battery-idle runtime PM (class=idle, allowlist-gated))
- runtime_pm /sys/bus/pci/devices/0000:00:0a.0 control=auto autosuspend_delay_ms=2000 (battery-idle runtime PM (class=idle, allowlist-gated))
- runtime_pm /sys/bus/usb/devices/1-14 control=auto autosuspend_delay_ms=2000 (battery-idle runtime PM (class=idle, allowlist-gated))
- runtime_pm /sys/bus/usb/devices/usb1 control=auto autosuspend_delay_ms=2000 (battery-idle runtime PM (class=idle, allowlist-gated))
- runtime_pm /sys/bus/usb/devices/usb2 control=auto autosuspend_delay_ms=2000 (battery-idle runtime PM (class=idle, allowlist-gated))
- runtime_pm /sys/bus/usb/devices/1-6 control=auto autosuspend_delay_ms=2000 (battery-idle runtime PM (class=idle, allowlist-gated))
- pci_aspm /sys/bus/pci/devices/0000:01:00.0 l1_aspm=1 (battery-idle PCIe ASPM (class=idle, allowlist-gated))
- pci_aspm /sys/bus/pci/devices/0000:07:00.0 l1_aspm=1 (battery-idle PCIe ASPM (class=idle, allowlist-gated))
- sata_alpm /sys/class/scsi_host/host7 policy=med_power_with_dipm (battery-idle SATA ALPM (class=idle, allowlist-gated))
- sata_alpm /sys/class/scsi_host/host5 policy=med_power_with_dipm (battery-idle SATA ALPM (class=idle, allowlist-gated))
- sata_alpm /sys/class/scsi_host/host3 policy=med_power_with_dipm (battery-idle SATA ALPM (class=idle, allowlist-gated))
- sata_alpm /sys/class/scsi_host/host1 policy=med_power_with_dipm (battery-idle SATA ALPM (class=idle, allowlist-gated))
- sata_alpm /sys/class/scsi_host/host6 policy=med_power_with_dipm (battery-idle SATA ALPM (class=idle, allowlist-gated))
- sata_alpm /sys/class/scsi_host/host4 policy=med_power_with_dipm (battery-idle SATA ALPM (class=idle, allowlist-gated))
- sata_alpm /sys/class/scsi_host/host2 policy=med_power_with_dipm (battery-idle SATA ALPM (class=idle, allowlist-gated))
- sata_alpm /sys/class/scsi_host/host0 policy=med_power_with_dipm (battery-idle SATA ALPM (class=idle, allowlist-gated))
- backlight /sys/class/backlight/intel_backlight target=40% (battery-idle backlight floor (class=idle, allowlist-gated))
effective_config:
domains.cpu_epp=actuate
domains.platform_profile=actuate
domains.vm_sysctl=actuate
domains.cpu_dma_latency=actuate
domains.device_resume_latency=actuate
domains.runtime_pm=actuate
domains.pci_aspm=actuate
domains.sata_alpm=actuate
domains.backlight=actuate
domains.cgroup_reweight=actuate
correlation_id=optid-000000006a89e4e4-0000000000000002 circuit: S5D outcome was neither a verified success nor a counted failure
correlation_id=optid-000000006a89e4e4-0000000000000002 circuit: S5D verified success reset scoped pre-threshold failures
correlation_id=optid-000000006a89e4e4-0000000000000002 circuit: S5D outcome was neither a verified success nor a counted failure
correlation_id=optid-000000006a89e4e4-0000000000000002 circuit: S5D outcome was neither a verified success nor a counted failure
correlation_id=optid-000000006a89e4e4-0000000000000002 circuit: S5D outcome was neither a verified success nor a counted failure
correlation_id=optid-000000006a89e4e4-0000000000000002 circuit: S5D opened journal circuit for domain=runtime_pm operation=enable_runtime_pm target=runtime-pm:3395b00382ea4b1b hwid=pci:v00008086d0000464Fsv0000103Csd00008BC2bc08sc80i00 firmware=firmware:ceb232cd5769e502 after 2 failure(s): persistent transaction or recovery journal gate failed
correlation_id=optid-000000006a89e4e4-0000000000000002 circuit: S5D outcome was neither a verified success nor a counted failure
correlation_id=optid-000000006a89e4e4-0000000000000002 circuit: S5D outcome was neither a verified success nor a counted failure
correlation_id=optid-000000006a89e4e4-0000000000000002 circuit: S5D outcome was neither a verified success nor a counted failure
correlation_id=optid-000000006a89e4e4-0000000000000002 circuit: S5D outcome was neither a verified success nor a counted failure
correlation_id=optid-000000006a89e4e4-0000000000000002 circuit: S5D outcome was neither a verified success nor a counted failure
correlation_id=optid-000000006a89e4e4-0000000000000002 circuit: S5D outcome was neither a verified success nor a counted failure
correlation_id=optid-000000006a89e4e4-0000000000000002 circuit: S5D outcome was neither a verified success nor a counted failure
correlation_id=optid-000000006a89e4e4-0000000000000002 circuit: S5D outcome was neither a verified success nor a counted failure
correlation_id=optid-000000006a89e4e4-0000000000000002 circuit: S5D outcome was neither a verified success nor a counted failure
correlation_id=optid-000000006a89e4e4-0000000000000002 circuit: S5D outcome was neither a verified success nor a counted failure
correlation_id=optid-000000006a89e4e4-0000000000000002 circuit: S5D outcome was neither a verified success nor a counted failure
correlation_id=optid-000000006a89e4e4-0000000000000002 reconciler: shadow_parity=false legacy_restore_intents=1 v1_restore_intents=0 intentional_v1_only=0
correlation_id=optid-000000006a89e4e4-0000000000000002
restore_outcomes=none
circuit_state=global_open=false open_domains=cpu_dma_latency,platform_profile,runtime_pm records=18
timestamp=1787421929
mode=balanced
on_ac=Some(false)
battery_pct=Some(94)
thermal_c=Some(43.0)
thermal_state=Cool
thermal_derating_ratio=0.00
thermal_die_sensor=hwmon:coretemp.0:coretemp:Package id 0
thermal_die_temp_c=43.0
thermal_skin_sensor=none
thermal_skin_temp_c=none
thermal_max_fan_rpm=2700
thermal_reasons:
- selected die signal hwmon:coretemp.0:coretemp:Package id 0 (package) at 43.0°C
- clamped thermal_hi to 90.0°C based on hardware T_crit 100.0°C - 10°C
- effective thresholds: lo=60.0°C hi=90.0°C
- die temp 43.0°C <= lo threshold 60.0°C; state = cool (sensor=hwmon:coretemp.0:coretemp:Package id 0)
thermal_sensor_count=31
fan_sensor_count=2
loadavg_1=Some(0.99)
cpu_pressure=avg10=0.00 avg60=0.00 avg300=0.00 total=128758950
memory_pressure=avg10=0.00 avg60=0.00 avg300=0.00 total=1028755
io_pressure=avg10=0.00 avg60=0.01 avg300=0.03 total=33246053
workload_class=idle
workload_reason=pinned override (global)
cpu_wakeup_latency=100000
device_resume_latency=1000000
reasons:
- mode hysteresis pending: committed=balanced, candidate=battery, elapsed=5s, required=6s
- system is on battery
actions:
- cpu.epp=balance_performance (keep foreground responsiveness without full turbo bias)
- platform.profile=balanced (request balanced platform profile)
- systemd.set-property user.slice CPUWeight=150 IOWeight=150 (favor interactive user sessions)
- vm.sysctl /proc/sys/vm/swappiness=100 (adjust swappiness for current mode)
- vm.sysctl /proc/sys/vm/dirty_background_bytes=67108864 (adjust dirty background bytes for current mode)
- vm.sysctl /proc/sys/vm/dirty_bytes=134217728 (adjust dirty bytes for current mode)
- cpu_dma_latency=100000 (class=idle, floor=100000us, row=contracts.idle)
- runtime_pm /sys/bus/pci/devices/0000:00:17.0 control=auto autosuspend_delay_ms=2000 (battery-idle runtime PM (class=idle, allowlist-gated))
- runtime_pm /sys/bus/pci/devices/0000:00:08.0 control=auto autosuspend_delay_ms=2000 (battery-idle runtime PM (class=idle, allowlist-gated))
- runtime_pm /sys/bus/pci/devices/0000:00:1f.0 control=auto autosuspend_delay_ms=2000 (battery-idle runtime PM (class=idle, allowlist-gated))
- runtime_pm /sys/bus/pci/devices/0000:00:04.0 control=auto autosuspend_delay_ms=2000 (battery-idle runtime PM (class=idle, allowlist-gated))
- runtime_pm /sys/bus/pci/devices/0000:00:14.3 control=auto autosuspend_delay_ms=2000 (battery-idle runtime PM (class=idle, allowlist-gated))
- runtime_pm /sys/bus/pci/devices/0000:00:16.0 control=auto autosuspend_delay_ms=2000 (battery-idle runtime PM (class=idle, allowlist-gated))
- runtime_pm /sys/bus/pci/devices/0000:01:00.0 control=auto autosuspend_delay_ms=2000 (battery-idle runtime PM (class=idle, allowlist-gated))
- runtime_pm /sys/bus/pci/devices/0000:00:1b.0 control=auto autosuspend_delay_ms=2000 (battery-idle runtime PM (class=idle, allowlist-gated))
- runtime_pm /sys/bus/pci/devices/0000:00:1f.5 control=auto autosuspend_delay_ms=2000 (battery-idle runtime PM (class=idle, allowlist-gated))
- runtime_pm /sys/bus/pci/devices/0000:07:00.0 control=auto autosuspend_delay_ms=2000 (battery-idle runtime PM (class=idle, allowlist-gated))
- runtime_pm /sys/bus/pci/devices/0000:00:1e.0 control=auto autosuspend_delay_ms=2000 (battery-idle runtime PM (class=idle, allowlist-gated))
- runtime_pm /sys/bus/pci/devices/0000:00:1f.3 control=auto autosuspend_delay_ms=2000 (battery-idle runtime PM (class=idle, allowlist-gated))
- runtime_pm /sys/bus/pci/devices/0000:00:00.0 control=auto autosuspend_delay_ms=2000 (battery-idle runtime PM (class=idle, allowlist-gated))
- runtime_pm /sys/bus/pci/devices/0000:00:1d.4 control=auto autosuspend_delay_ms=2000 (battery-idle runtime PM (class=idle, allowlist-gated))
- runtime_pm /sys/bus/pci/devices/0000:00:15.0 control=auto autosuspend_delay_ms=2000 (battery-idle runtime PM (class=idle, allowlist-gated))
- runtime_pm /sys/bus/pci/devices/0000:00:1d.0 control=auto autosuspend_delay_ms=2000 (battery-idle runtime PM (class=idle, allowlist-gated))
- runtime_pm /sys/bus/pci/devices/0000:00:1e.3 control=auto autosuspend_delay_ms=2000 (battery-idle runtime PM (class=idle, allowlist-gated))
- runtime_pm /sys/bus/pci/devices/0000:00:14.2 control=auto autosuspend_delay_ms=2000 (battery-idle runtime PM (class=idle, allowlist-gated))
- runtime_pm /sys/bus/pci/devices/0000:00:02.0 control=auto autosuspend_delay_ms=2000 (battery-idle runtime PM (class=idle, allowlist-gated))
- runtime_pm /sys/bus/pci/devices/0000:00:1e.1 control=auto autosuspend_delay_ms=2000 (battery-idle runtime PM (class=idle, allowlist-gated))
- runtime_pm /sys/bus/pci/devices/0000:00:14.0 control=auto autosuspend_delay_ms=2000 (battery-idle runtime PM (class=idle, allowlist-gated))
- runtime_pm /sys/bus/pci/devices/0000:00:1f.4 control=auto autosuspend_delay_ms=2000 (battery-idle runtime PM (class=idle, allowlist-gated))
- runtime_pm /sys/bus/pci/devices/0000:00:0a.0 control=auto autosuspend_delay_ms=2000 (battery-idle runtime PM (class=idle, allowlist-gated))
- runtime_pm /sys/bus/usb/devices/1-14 control=auto autosuspend_delay_ms=2000 (battery-idle runtime PM (class=idle, allowlist-gated))
- runtime_pm /sys/bus/usb/devices/usb1 control=auto autosuspend_delay_ms=2000 (battery-idle runtime PM (class=idle, allowlist-gated))
- runtime_pm /sys/bus/usb/devices/usb2 control=auto autosuspend_delay_ms=2000 (battery-idle runtime PM (class=idle, allowlist-gated))
- runtime_pm /sys/bus/usb/devices/1-6 control=auto autosuspend_delay_ms=2000 (battery-idle runtime PM (class=idle, allowlist-gated))
- pci_aspm /sys/bus/pci/devices/0000:01:00.0 l1_aspm=1 (battery-idle PCIe ASPM (class=idle, allowlist-gated))
- pci_aspm /sys/bus/pci/devices/0000:07:00.0 l1_aspm=1 (battery-idle PCIe ASPM (class=idle, allowlist-gated))
- sata_alpm /sys/class/scsi_host/host7 policy=med_power_with_dipm (battery-idle SATA ALPM (class=idle, allowlist-gated))
- sata_alpm /sys/class/scsi_host/host5 policy=med_power_with_dipm (battery-idle SATA ALPM (class=idle, allowlist-gated))
- sata_alpm /sys/class/scsi_host/host3 policy=med_power_with_dipm (battery-idle SATA ALPM (class=idle, allowlist-gated))
- sata_alpm /sys/class/scsi_host/host1 policy=med_power_with_dipm (battery-idle SATA ALPM (class=idle, allowlist-gated))
- sata_alpm /sys/class/scsi_host/host6 policy=med_power_with_dipm (battery-idle SATA ALPM (class=idle, allowlist-gated))
- sata_alpm /sys/class/scsi_host/host4 policy=med_power_with_dipm (battery-idle SATA ALPM (class=idle, allowlist-gated))
- sata_alpm /sys/class/scsi_host/host2 policy=med_power_with_dipm (battery-idle SATA ALPM (class=idle, allowlist-gated))
- sata_alpm /sys/class/scsi_host/host0 policy=med_power_with_dipm (battery-idle SATA ALPM (class=idle, allowlist-gated))
- backlight /sys/class/backlight/intel_backlight target=40% (battery-idle backlight floor (class=idle, allowlist-gated))
effective_config:
domains.cpu_epp=actuate
domains.platform_profile=actuate
domains.vm_sysctl=actuate
domains.cpu_dma_latency=actuate
domains.device_resume_latency=actuate
domains.runtime_pm=actuate
domains.pci_aspm=actuate
domains.sata_alpm=actuate
domains.backlight=actuate
domains.cgroup_reweight=actuate
correlation_id=optid-000000006a89e4e4-0000000000000003 reconciler: transition=mode_changed: balanced -> battery
correlation_id=optid-000000006a89e4e4-0000000000000003 reconciler: stale_targets=systemd-unit:user.slice:property:CPUWeight,systemd-unit:user.slice:property:IOWeight
correlation_id=optid-000000006a89e4e4-0000000000000003 circuit: S5D outcome was neither a verified success nor a counted failure
correlation_id=optid-000000006a89e4e4-0000000000000003 circuit: S5D verified success reset scoped pre-threshold failures
correlation_id=optid-000000006a89e4e4-0000000000000003 circuit: S5D outcome was neither a verified success nor a counted failure
correlation_id=optid-000000006a89e4e4-0000000000000003 circuit: S5D outcome was neither a verified success nor a counted failure
correlation_id=optid-000000006a89e4e4-0000000000000003 circuit: S5D outcome was neither a verified success nor a counted failure
correlation_id=optid-000000006a89e4e4-0000000000000003 circuit: S5D opened journal circuit for domain=runtime_pm operation=enable_runtime_pm target=runtime-pm:38422afd0e22337b hwid=pci:v00008086d00007A0Csv0000103Csd00008BC2bc06sc01i00 firmware=firmware:ceb232cd5769e502 after 2 failure(s): persistent transaction or recovery journal gate failed
correlation_id=optid-000000006a89e4e4-0000000000000003 circuit: S5D outcome was neither a verified success nor a counted failure
correlation_id=optid-000000006a89e4e4-0000000000000003 circuit: S5D outcome was neither a verified success nor a counted failure
correlation_id=optid-000000006a89e4e4-0000000000000003 circuit: S5D outcome was neither a verified success nor a counted failure
correlation_id=optid-000000006a89e4e4-0000000000000003 circuit: S5D outcome was neither a verified success nor a counted failure
correlation_id=optid-000000006a89e4e4-0000000000000003 circuit: S5D outcome was neither a verified success nor a counted failure
correlation_id=optid-000000006a89e4e4-0000000000000003 circuit: S5D outcome was neither a verified success nor a counted failure
correlation_id=optid-000000006a89e4e4-0000000000000003 circuit: S5D outcome was neither a verified success nor a counted failure
correlation_id=optid-000000006a89e4e4-0000000000000003 circuit: S5D outcome was neither a verified success nor a counted failure
correlation_id=optid-000000006a89e4e4-0000000000000003 circuit: S5D outcome was neither a verified success nor a counted failure
correlation_id=optid-000000006a89e4e4-0000000000000003 circuit: S5D outcome was neither a verified success nor a counted failure
correlation_id=optid-000000006a89e4e4-0000000000000003 circuit: S5D outcome was neither a verified success nor a counted failure
correlation_id=optid-000000006a89e4e4-0000000000000003 reconciler: shadow_parity=false legacy_restore_intents=1 v1_restore_intents=0 intentional_v1_only=2
correlation_id=optid-000000006a89e4e4-0000000000000003 circuit: S5D recorded restore failure 1/2 for domain=cgroup_reweight operation=restore_owned_target: restore failed: Other
correlation_id=optid-000000006a89e4e4-0000000000000003 circuit: S5D recorded restore failure 1/2 for domain=cgroup_reweight operation=restore_owned_target: restore failed: Other
correlation_id=optid-000000006a89e4e4-0000000000000003
restore_outcomes=systemd-unit:user.slice:property:CPUWeight:RestoreFailed,systemd-unit:user.slice:property:IOWeight:RestoreFailed
circuit_state=global_open=false open_domains=cpu_dma_latency,platform_profile,runtime_pm records=20
timestamp=1787421931
mode=battery
on_ac=Some(false)
battery_pct=Some(94)
thermal_c=Some(37.0)
thermal_state=Cool
thermal_derating_ratio=0.00
thermal_die_sensor=hwmon:coretemp.0:coretemp:Package id 0
thermal_die_temp_c=37.0
thermal_skin_sensor=none
thermal_skin_temp_c=none
thermal_max_fan_rpm=2700
thermal_reasons:
- selected die signal hwmon:coretemp.0:coretemp:Package id 0 (package) at 37.0°C
- clamped thermal_hi to 90.0°C based on hardware T_crit 100.0°C - 10°C
- effective thresholds: lo=60.0°C hi=90.0°C
- die temp 37.0°C <= lo threshold 60.0°C; state = cool (sensor=hwmon:coretemp.0:coretemp:Package id 0)
thermal_sensor_count=31
fan_sensor_count=2
loadavg_1=Some(0.99)
cpu_pressure=avg10=0.00 avg60=0.00 avg300=0.00 total=128776732
memory_pressure=avg10=0.00 avg60=0.00 avg300=0.00 total=1028755
io_pressure=avg10=0.00 avg60=0.01 avg300=0.03 total=33253525
workload_class=idle
workload_reason=pinned override (global)
cpu_wakeup_latency=100000
device_resume_latency=1000000
reasons:
- system is on battery
actions:
- cpu.epp=power (prefer battery life through CPU energy preference)
- platform.profile=low-power (request low-power platform profile)
- systemd.set-property background.slice CPUWeight=25 IOWeight=25 (deprioritize background services on battery)
- vm.sysctl /proc/sys/vm/swappiness=60 (adjust swappiness for current mode)
- vm.sysctl /proc/sys/vm/dirty_background_bytes=67108864 (adjust dirty background bytes for current mode)
- vm.sysctl /proc/sys/vm/dirty_bytes=134217728 (adjust dirty bytes for current mode)
- cpu_dma_latency=100000 (class=idle, floor=100000us, row=contracts.idle)
- runtime_pm /sys/bus/pci/devices/0000:00:17.0 control=auto autosuspend_delay_ms=2000 (battery-idle runtime PM (class=idle, allowlist-gated))
- runtime_pm /sys/bus/pci/devices/0000:00:08.0 control=auto autosuspend_delay_ms=2000 (battery-idle runtime PM (class=idle, allowlist-gated))
- runtime_pm /sys/bus/pci/devices/0000:00:1f.0 control=auto autosuspend_delay_ms=2000 (battery-idle runtime PM (class=idle, allowlist-gated))
- runtime_pm /sys/bus/pci/devices/0000:00:04.0 control=auto autosuspend_delay_ms=2000 (battery-idle runtime PM (class=idle, allowlist-gated))
- runtime_pm /sys/bus/pci/devices/0000:00:14.3 control=auto autosuspend_delay_ms=2000 (battery-idle runtime PM (class=idle, allowlist-gated))
- runtime_pm /sys/bus/pci/devices/0000:00:16.0 control=auto autosuspend_delay_ms=2000 (battery-idle runtime PM (class=idle, allowlist-gated))
- runtime_pm /sys/bus/pci/devices/0000:01:00.0 control=auto autosuspend_delay_ms=2000 (battery-idle runtime PM (class=idle, allowlist-gated))
- runtime_pm /sys/bus/pci/devices/0000:00:1b.0 control=auto autosuspend_delay_ms=2000 (battery-idle runtime PM (class=idle, allowlist-gated))
- runtime_pm /sys/bus/pci/devices/0000:00:1f.5 control=auto autosuspend_delay_ms=2000 (battery-idle runtime PM (class=idle, allowlist-gated))
- runtime_pm /sys/bus/pci/devices/0000:07:00.0 control=auto autosuspend_delay_ms=2000 (battery-idle runtime PM (class=idle, allowlist-gated))
- runtime_pm /sys/bus/pci/devices/0000:00:1e.0 control=auto autosuspend_delay_ms=2000 (battery-idle runtime PM (class=idle, allowlist-gated))
- runtime_pm /sys/bus/pci/devices/0000:00:1f.3 control=auto autosuspend_delay_ms=2000 (battery-idle runtime PM (class=idle, allowlist-gated))
- runtime_pm /sys/bus/pci/devices/0000:00:00.0 control=auto autosuspend_delay_ms=2000 (battery-idle runtime PM (class=idle, allowlist-gated))
- runtime_pm /sys/bus/pci/devices/0000:00:1d.4 control=auto autosuspend_delay_ms=2000 (battery-idle runtime PM (class=idle, allowlist-gated))
- runtime_pm /sys/bus/pci/devices/0000:00:15.0 control=auto autosuspend_delay_ms=2000 (battery-idle runtime PM (class=idle, allowlist-gated))
- runtime_pm /sys/bus/pci/devices/0000:00:1d.0 control=auto autosuspend_delay_ms=2000 (battery-idle runtime PM (class=idle, allowlist-gated))
- runtime_pm /sys/bus/pci/devices/0000:00:1e.3 control=auto autosuspend_delay_ms=2000 (battery-idle runtime PM (class=idle, allowlist-gated))
- runtime_pm /sys/bus/pci/devices/0000:00:14.2 control=auto autosuspend_delay_ms=2000 (battery-idle runtime PM (class=idle, allowlist-gated))
- runtime_pm /sys/bus/pci/devices/0000:00:02.0 control=auto autosuspend_delay_ms=2000 (battery-idle runtime PM (class=idle, allowlist-gated))
- runtime_pm /sys/bus/pci/devices/0000:00:1e.1 control=auto autosuspend_delay_ms=2000 (battery-idle runtime PM (class=idle, allowlist-gated))
- runtime_pm /sys/bus/pci/devices/0000:00:14.0 control=auto autosuspend_delay_ms=2000 (battery-idle runtime PM (class=idle, allowlist-gated))
- runtime_pm /sys/bus/pci/devices/0000:00:1f.4 control=auto autosuspend_delay_ms=2000 (battery-idle runtime PM (class=idle, allowlist-gated))
- runtime_pm /sys/bus/pci/devices/0000:00:0a.0 control=auto autosuspend_delay_ms=2000 (battery-idle runtime PM (class=idle, allowlist-gated))
- runtime_pm /sys/bus/usb/devices/1-14 control=auto autosuspend_delay_ms=2000 (battery-idle runtime PM (class=idle, allowlist-gated))
- runtime_pm /sys/bus/usb/devices/usb1 control=auto autosuspend_delay_ms=2000 (battery-idle runtime PM (class=idle, allowlist-gated))
- runtime_pm /sys/bus/usb/devices/usb2 control=auto autosuspend_delay_ms=2000 (battery-idle runtime PM (class=idle, allowlist-gated))
- runtime_pm /sys/bus/usb/devices/1-6 control=auto autosuspend_delay_ms=2000 (battery-idle runtime PM (class=idle, allowlist-gated))
- pci_aspm /sys/bus/pci/devices/0000:01:00.0 l1_aspm=1 (battery-idle PCIe ASPM (class=idle, allowlist-gated))
- pci_aspm /sys/bus/pci/devices/0000:07:00.0 l1_aspm=1 (battery-idle PCIe ASPM (class=idle, allowlist-gated))
- sata_alpm /sys/class/scsi_host/host7 policy=med_power_with_dipm (battery-idle SATA ALPM (class=idle, allowlist-gated))
- sata_alpm /sys/class/scsi_host/host5 policy=med_power_with_dipm (battery-idle SATA ALPM (class=idle, allowlist-gated))
- sata_alpm /sys/class/scsi_host/host3 policy=med_power_with_dipm (battery-idle SATA ALPM (class=idle, allowlist-gated))
- sata_alpm /sys/class/scsi_host/host1 policy=med_power_with_dipm (battery-idle SATA ALPM (class=idle, allowlist-gated))
- sata_alpm /sys/class/scsi_host/host6 policy=med_power_with_dipm (battery-idle SATA ALPM (class=idle, allowlist-gated))
- sata_alpm /sys/class/scsi_host/host4 policy=med_power_with_dipm (battery-idle SATA ALPM (class=idle, allowlist-gated))
- sata_alpm /sys/class/scsi_host/host2 policy=med_power_with_dipm (battery-idle SATA ALPM (class=idle, allowlist-gated))
- sata_alpm /sys/class/scsi_host/host0 policy=med_power_with_dipm (battery-idle SATA ALPM (class=idle, allowlist-gated))
- backlight /sys/class/backlight/intel_backlight target=40% (battery-idle backlight floor (class=idle, allowlist-gated))
effective_config:
domains.cpu_epp=actuate
domains.platform_profile=actuate
domains.vm_sysctl=actuate
domains.cpu_dma_latency=actuate
domains.device_resume_latency=actuate
domains.runtime_pm=actuate
domains.pci_aspm=actuate
domains.sata_alpm=actuate
domains.backlight=actuate
domains.cgroup_reweight=actuate
correlation_id=optid-000000006a89e4e4-0000000000000004 circuit: S5D outcome was neither a verified success nor a counted failure
correlation_id=optid-000000006a89e4e4-0000000000000004 circuit: S5D verified success reset scoped pre-threshold failures
correlation_id=optid-000000006a89e4e4-0000000000000004 circuit: S5D outcome was neither a verified success nor a counted failure
correlation_id=optid-000000006a89e4e4-0000000000000004 circuit: S5D outcome was neither a verified success nor a counted failure
correlation_id=optid-000000006a89e4e4-0000000000000004 circuit: S5D outcome was neither a verified success nor a counted failure
correlation_id=optid-000000006a89e4e4-0000000000000004 circuit: S5D opened journal circuit for domain=runtime_pm operation=enable_runtime_pm target=runtime-pm:83bbe1220dbe893a hwid=pci:v00008086d0000461Dsv0000103Csd00008BC2bc11sc80i00 firmware=firmware:ceb232cd5769e502 after 2 failure(s): persistent transaction or recovery journal gate failed
correlation_id=optid-000000006a89e4e4-0000000000000004 circuit: S5D outcome was neither a verified success nor a counted failure
correlation_id=optid-000000006a89e4e4-0000000000000004 circuit: S5D outcome was neither a verified success nor a counted failure
correlation_id=optid-000000006a89e4e4-0000000000000004 circuit: S5D outcome was neither a verified success nor a counted failure
correlation_id=optid-000000006a89e4e4-0000000000000004 circuit: S5D outcome was neither a verified success nor a counted failure
correlation_id=optid-000000006a89e4e4-0000000000000004 circuit: S5D outcome was neither a verified success nor a counted failure
correlation_id=optid-000000006a89e4e4-0000000000000004 circuit: S5D outcome was neither a verified success nor a counted failure
correlation_id=optid-000000006a89e4e4-0000000000000004 circuit: S5D outcome was neither a verified success nor a counted failure
correlation_id=optid-000000006a89e4e4-0000000000000004 circuit: S5D outcome was neither a verified success nor a counted failure
correlation_id=optid-000000006a89e4e4-0000000000000004 circuit: S5D outcome was neither a verified success nor a counted failure
correlation_id=optid-000000006a89e4e4-0000000000000004 circuit: S5D outcome was neither a verified success nor a counted failure
correlation_id=optid-000000006a89e4e4-0000000000000004 circuit: S5D outcome was neither a verified success nor a counted failure
correlation_id=optid-000000006a89e4e4-0000000000000004 reconciler: shadow_parity=false legacy_restore_intents=1 v1_restore_intents=0 intentional_v1_only=2
correlation_id=optid-000000006a89e4e4-0000000000000004 circuit: S5D opened restore circuit for domain=cgroup_reweight operation=restore_owned_target target=systemd-unit:user.slice:property:CPUWeight hwid=systemd-unit:user.slice:property:CPUWeight firmware=firmware:ceb232cd5769e502 after 2 failure(s): restore failed: Other
correlation_id=optid-000000006a89e4e4-0000000000000004 circuit: S5D opened restore circuit for domain=cgroup_reweight operation=restore_owned_target target=systemd-unit:user.slice:property:IOWeight hwid=systemd-unit:user.slice:property:IOWeight firmware=firmware:ceb232cd5769e502 after 2 failure(s): restore failed: Other
correlation_id=optid-000000006a89e4e4-0000000000000004
restore_outcomes=systemd-unit:user.slice:property:CPUWeight:RestoreFailed,systemd-unit:user.slice:property:IOWeight:RestoreFailed
circuit_state=global_open=false open_domains=cgroup_reweight,cpu_dma_latency,platform_profile,runtime_pm records=20
timestamp=1787421933
mode=battery
on_ac=Some(false)
battery_pct=Some(94)
thermal_c=Some(37.0)
thermal_state=Cool
thermal_derating_ratio=0.00
thermal_die_sensor=hwmon:coretemp.0:coretemp:Package id 0
thermal_die_temp_c=37.0
thermal_skin_sensor=none
thermal_skin_temp_c=none
thermal_max_fan_rpm=2700
thermal_reasons:
- selected die signal hwmon:coretemp.0:coretemp:Package id 0 (package) at 37.0°C
- clamped thermal_hi to 90.0°C based on hardware T_crit 100.0°C - 10°C
- effective thresholds: lo=60.0°C hi=90.0°C
- die temp 37.0°C <= lo threshold 60.0°C; state = cool (sensor=hwmon:coretemp.0:coretemp:Package id 0)
thermal_sensor_count=31
fan_sensor_count=2
loadavg_1=Some(0.91)
cpu_pressure=avg10=0.00 avg60=0.00 avg300=0.00 total=128789870
memory_pressure=avg10=0.00 avg60=0.00 avg300=0.00 total=1028755
io_pressure=avg10=0.00 avg60=0.01 avg300=0.03 total=33263047
workload_class=idle
workload_reason=pinned override (global)
cpu_wakeup_latency=100000
device_resume_latency=1000000
reasons:
- system is on battery
actions:
- cpu.epp=power (prefer battery life through CPU energy preference)
- platform.profile=low-power (request low-power platform profile)
- systemd.set-property background.slice CPUWeight=25 IOWeight=25 (deprioritize background services on battery)
- vm.sysctl /proc/sys/vm/swappiness=60 (adjust swappiness for current mode)
- vm.sysctl /proc/sys/vm/dirty_background_bytes=67108864 (adjust dirty background bytes for current mode)
- vm.sysctl /proc/sys/vm/dirty_bytes=134217728 (adjust dirty bytes for current mode)
- cpu_dma_latency=100000 (class=idle, floor=100000us, row=contracts.idle)
- runtime_pm /sys/bus/pci/devices/0000:00:17.0 control=auto autosuspend_delay_ms=2000 (battery-idle runtime PM (class=idle, allowlist-gated))
- runtime_pm /sys/bus/pci/devices/0000:00:08.0 control=auto autosuspend_delay_ms=2000 (battery-idle runtime PM (class=idle, allowlist-gated))
- runtime_pm /sys/bus/pci/devices/0000:00:1f.0 control=auto autosuspend_delay_ms=2000 (battery-idle runtime PM (class=idle, allowlist-gated))
- runtime_pm /sys/bus/pci/devices/0000:00:04.0 control=auto autosuspend_delay_ms=2000 (battery-idle runtime PM (class=idle, allowlist-gated))
- runtime_pm /sys/bus/pci/devices/0000:00:14.3 control=auto autosuspend_delay_ms=2000 (battery-idle runtime PM (class=idle, allowlist-gated))
- runtime_pm /sys/bus/pci/devices/0000:00:16.0 control=auto autosuspend_delay_ms=2000 (battery-idle runtime PM (class=idle, allowlist-gated))
- runtime_pm /sys/bus/pci/devices/0000:01:00.0 control=auto autosuspend_delay_ms=2000 (battery-idle runtime PM (class=idle, allowlist-gated))
- runtime_pm /sys/bus/pci/devices/0000:00:1b.0 control=auto autosuspend_delay_ms=2000 (battery-idle runtime PM (class=idle, allowlist-gated))
- runtime_pm /sys/bus/pci/devices/0000:00:1f.5 control=auto autosuspend_delay_ms=2000 (battery-idle runtime PM (class=idle, allowlist-gated))
- runtime_pm /sys/bus/pci/devices/0000:07:00.0 control=auto autosuspend_delay_ms=2000 (battery-idle runtime PM (class=idle, allowlist-gated))
- runtime_pm /sys/bus/pci/devices/0000:00:1e.0 control=auto autosuspend_delay_ms=2000 (battery-idle runtime PM (class=idle, allowlist-gated))
- runtime_pm /sys/bus/pci/devices/0000:00:1f.3 control=auto autosuspend_delay_ms=2000 (battery-idle runtime PM (class=idle, allowlist-gated))
- runtime_pm /sys/bus/pci/devices/0000:00:00.0 control=auto autosuspend_delay_ms=2000 (battery-idle runtime PM (class=idle, allowlist-gated))
- runtime_pm /sys/bus/pci/devices/0000:00:1d.4 control=auto autosuspend_delay_ms=2000 (battery-idle runtime PM (class=idle, allowlist-gated))
- runtime_pm /sys/bus/pci/devices/0000:00:15.0 control=auto autosuspend_delay_ms=2000 (battery-idle runtime PM (class=idle, allowlist-gated))
- runtime_pm /sys/bus/pci/devices/0000:00:1d.0 control=auto autosuspend_delay_ms=2000 (battery-idle runtime PM (class=idle, allowlist-gated))
- runtime_pm /sys/bus/pci/devices/0000:00:1e.3 control=auto autosuspend_delay_ms=2000 (battery-idle runtime PM (class=idle, allowlist-gated))
- runtime_pm /sys/bus/pci/devices/0000:00:14.2 control=auto autosuspend_delay_ms=2000 (battery-idle runtime PM (class=idle, allowlist-gated))
- runtime_pm /sys/bus/pci/devices/0000:00:02.0 control=auto autosuspend_delay_ms=2000 (battery-idle runtime PM (class=idle, allowlist-gated))
- runtime_pm /sys/bus/pci/devices/0000:00:1e.1 control=auto autosuspend_delay_ms=2000 (battery-idle runtime PM (class=idle, allowlist-gated))
- runtime_pm /sys/bus/pci/devices/0000:00:14.0 control=auto autosuspend_delay_ms=2000 (battery-idle runtime PM (class=idle, allowlist-gated))
- runtime_pm /sys/bus/pci/devices/0000:00:1f.4 control=auto autosuspend_delay_ms=2000 (battery-idle runtime PM (class=idle, allowlist-gated))
- runtime_pm /sys/bus/pci/devices/0000:00:0a.0 control=auto autosuspend_delay_ms=2000 (battery-idle runtime PM (class=idle, allowlist-gated))
- runtime_pm /sys/bus/usb/devices/1-14 control=auto autosuspend_delay_ms=2000 (battery-idle runtime PM (class=idle, allowlist-gated))
- runtime_pm /sys/bus/usb/devices/usb1 control=auto autosuspend_delay_ms=2000 (battery-idle runtime PM (class=idle, allowlist-gated))
- runtime_pm /sys/bus/usb/devices/usb2 control=auto autosuspend_delay_ms=2000 (battery-idle runtime PM (class=idle, allowlist-gated))
- runtime_pm /sys/bus/usb/devices/1-6 control=auto autosuspend_delay_ms=2000 (battery-idle runtime PM (class=idle, allowlist-gated))
- pci_aspm /sys/bus/pci/devices/0000:01:00.0 l1_aspm=1 (battery-idle PCIe ASPM (class=idle, allowlist-gated))
- pci_aspm /sys/bus/pci/devices/0000:07:00.0 l1_aspm=1 (battery-idle PCIe ASPM (class=idle, allowlist-gated))
- sata_alpm /sys/class/scsi_host/host7 policy=med_power_with_dipm (battery-idle SATA ALPM (class=idle, allowlist-gated))
- sata_alpm /sys/class/scsi_host/host5 policy=med_power_with_dipm (battery-idle SATA ALPM (class=idle, allowlist-gated))
- sata_alpm /sys/class/scsi_host/host3 policy=med_power_with_dipm (battery-idle SATA ALPM (class=idle, allowlist-gated))
- sata_alpm /sys/class/scsi_host/host1 policy=med_power_with_dipm (battery-idle SATA ALPM (class=idle, allowlist-gated))
- sata_alpm /sys/class/scsi_host/host6 policy=med_power_with_dipm (battery-idle SATA ALPM (class=idle, allowlist-gated))
- sata_alpm /sys/class/scsi_host/host4 policy=med_power_with_dipm (battery-idle SATA ALPM (class=idle, allowlist-gated))
- sata_alpm /sys/class/scsi_host/host2 policy=med_power_with_dipm (battery-idle SATA ALPM (class=idle, allowlist-gated))
- sata_alpm /sys/class/scsi_host/host0 policy=med_power_with_dipm (battery-idle SATA ALPM (class=idle, allowlist-gated))
- backlight /sys/class/backlight/intel_backlight target=40% (battery-idle backlight floor (class=idle, allowlist-gated))
effective_config:
domains.cpu_epp=actuate
domains.platform_profile=actuate
domains.vm_sysctl=actuate
domains.cpu_dma_latency=actuate
domains.device_resume_latency=actuate
domains.runtime_pm=actuate
domains.pci_aspm=actuate
domains.sata_alpm=actuate
domains.backlight=actuate
domains.cgroup_reweight=actuate
correlation_id=optid-000000006a89e4e4-0000000000000005 circuit: S5D outcome was neither a verified success nor a counted failure
correlation_id=optid-000000006a89e4e4-0000000000000005 circuit: S5D verified success reset scoped pre-threshold failures
correlation_id=optid-000000006a89e4e4-0000000000000005 circuit: S5D outcome was neither a verified success nor a counted failure
correlation_id=optid-000000006a89e4e4-0000000000000005 circuit: S5D outcome was neither a verified success nor a counted failure
correlation_id=optid-000000006a89e4e4-0000000000000005 circuit: S5D outcome was neither a verified success nor a counted failure
correlation_id=optid-000000006a89e4e4-0000000000000005 circuit: S5D opened journal circuit for domain=runtime_pm operation=enable_runtime_pm target=runtime-pm:4baa82a20e832fa9 hwid=pci:v00008086d00007A70sv00008086sd00000094bc02sc80i00 firmware=firmware:ceb232cd5769e502 after 2 failure(s): persistent transaction or recovery journal gate failed
correlation_id=optid-000000006a89e4e4-0000000000000005 circuit: S5D outcome was neither a verified success nor a counted failure
correlation_id=optid-000000006a89e4e4-0000000000000005 circuit: S5D outcome was neither a verified success nor a counted failure
correlation_id=optid-000000006a89e4e4-0000000000000005 circuit: S5D outcome was neither a verified success nor a counted failure
correlation_id=optid-000000006a89e4e4-0000000000000005 circuit: S5D outcome was neither a verified success nor a counted failure
correlation_id=optid-000000006a89e4e4-0000000000000005 circuit: S5D outcome was neither a verified success nor a counted failure
correlation_id=optid-000000006a89e4e4-0000000000000005 circuit: S5D outcome was neither a verified success nor a counted failure
correlation_id=optid-000000006a89e4e4-0000000000000005 circuit: S5D outcome was neither a verified success nor a counted failure
correlation_id=optid-000000006a89e4e4-0000000000000005 circuit: S5D outcome was neither a verified success nor a counted failure
correlation_id=optid-000000006a89e4e4-0000000000000005 circuit: S5D outcome was neither a verified success nor a counted failure
correlation_id=optid-000000006a89e4e4-0000000000000005 circuit: S5D outcome was neither a verified success nor a counted failure
correlation_id=optid-000000006a89e4e4-0000000000000005 circuit: S5D outcome was neither a verified success nor a counted failure
correlation_id=optid-000000006a89e4e4-0000000000000005 reconciler: shadow_parity=false legacy_restore_intents=1 v1_restore_intents=0 intentional_v1_only=2
correlation_id=optid-000000006a89e4e4-0000000000000005 circuit: S5D opened restore circuit for domain=cgroup_reweight operation=restore_owned_target target=systemd-unit:user.slice:property:CPUWeight hwid=systemd-unit:user.slice:property:CPUWeight firmware=firmware:ceb232cd5769e502 after 3 failure(s): restore failed: Other
correlation_id=optid-000000006a89e4e4-0000000000000005 circuit: S5D opened restore circuit for domain=cgroup_reweight operation=restore_owned_target target=systemd-unit:user.slice:property:IOWeight hwid=systemd-unit:user.slice:property:IOWeight firmware=firmware:ceb232cd5769e502 after 3 failure(s): restore failed: Other
correlation_id=optid-000000006a89e4e4-0000000000000005
restore_outcomes=systemd-unit:user.slice:property:CPUWeight:RestoreFailed,systemd-unit:user.slice:property:IOWeight:RestoreFailed
circuit_state=global_open=false open_domains=cgroup_reweight,cpu_dma_latency,platform_profile,runtime_pm records=20
timestamp=1787421936
mode=battery
on_ac=Some(false)
battery_pct=Some(94)
thermal_c=Some(38.0)
thermal_state=Cool
thermal_derating_ratio=0.00
thermal_die_sensor=hwmon:coretemp.0:coretemp:Package id 0
thermal_die_temp_c=38.0
thermal_skin_sensor=none
thermal_skin_temp_c=none
thermal_max_fan_rpm=2700
thermal_reasons:
- selected die signal hwmon:coretemp.0:coretemp:Package id 0 (package) at 38.0°C
- clamped thermal_hi to 90.0°C based on hardware T_crit 100.0°C - 10°C
- effective thresholds: lo=60.0°C hi=90.0°C
- die temp 38.0°C <= lo threshold 60.0°C; state = cool (sensor=hwmon:coretemp.0:coretemp:Package id 0)
thermal_sensor_count=31
fan_sensor_count=2
loadavg_1=Some(0.91)
cpu_pressure=avg10=0.00 avg60=0.00 avg300=0.00 total=128802758
memory_pressure=avg10=0.00 avg60=0.00 avg300=0.00 total=1028755
io_pressure=avg10=0.00 avg60=0.01 avg300=0.03 total=33268824
workload_class=idle
workload_reason=pinned override (global)
cpu_wakeup_latency=100000
device_resume_latency=1000000
reasons:
- system is on battery
actions:
- cpu.epp=power (prefer battery life through CPU energy preference)
- platform.profile=low-power (request low-power platform profile)
- systemd.set-property background.slice CPUWeight=25 IOWeight=25 (deprioritize background services on battery)
- vm.sysctl /proc/sys/vm/swappiness=60 (adjust swappiness for current mode)
- vm.sysctl /proc/sys/vm/dirty_background_bytes=67108864 (adjust dirty background bytes for current mode)
- vm.sysctl /proc/sys/vm/dirty_bytes=134217728 (adjust dirty bytes for current mode)
- cpu_dma_latency=100000 (class=idle, floor=100000us, row=contracts.idle)
- runtime_pm /sys/bus/pci/devices/0000:00:17.0 control=auto autosuspend_delay_ms=2000 (battery-idle runtime PM (class=idle, allowlist-gated))
- runtime_pm /sys/bus/pci/devices/0000:00:08.0 control=auto autosuspend_delay_ms=2000 (battery-idle runtime PM (class=idle, allowlist-gated))
- runtime_pm /sys/bus/pci/devices/0000:00:1f.0 control=auto autosuspend_delay_ms=2000 (battery-idle runtime PM (class=idle, allowlist-gated))
- runtime_pm /sys/bus/pci/devices/0000:00:04.0 control=auto autosuspend_delay_ms=2000 (battery-idle runtime PM (class=idle, allowlist-gated))
- runtime_pm /sys/bus/pci/devices/0000:00:14.3 control=auto autosuspend_delay_ms=2000 (battery-idle runtime PM (class=idle, allowlist-gated))
- runtime_pm /sys/bus/pci/devices/0000:00:16.0 control=auto autosuspend_delay_ms=2000 (battery-idle runtime PM (class=idle, allowlist-gated))
- runtime_pm /sys/bus/pci/devices/0000:01:00.0 control=auto autosuspend_delay_ms=2000 (battery-idle runtime PM (class=idle, allowlist-gated))
- runtime_pm /sys/bus/pci/devices/0000:00:1b.0 control=auto autosuspend_delay_ms=2000 (battery-idle runtime PM (class=idle, allowlist-gated))
- runtime_pm /sys/bus/pci/devices/0000:00:1f.5 control=auto autosuspend_delay_ms=2000 (battery-idle runtime PM (class=idle, allowlist-gated))
- runtime_pm /sys/bus/pci/devices/0000:07:00.0 control=auto autosuspend_delay_ms=2000 (battery-idle runtime PM (class=idle, allowlist-gated))
- runtime_pm /sys/bus/pci/devices/0000:00:1e.0 control=auto autosuspend_delay_ms=2000 (battery-idle runtime PM (class=idle, allowlist-gated))
- runtime_pm /sys/bus/pci/devices/0000:00:1f.3 control=auto autosuspend_delay_ms=2000 (battery-idle runtime PM (class=idle, allowlist-gated))
- runtime_pm /sys/bus/pci/devices/0000:00:00.0 control=auto autosuspend_delay_ms=2000 (battery-idle runtime PM (class=idle, allowlist-gated))
- runtime_pm /sys/bus/pci/devices/0000:00:1d.4 control=auto autosuspend_delay_ms=2000 (battery-idle runtime PM (class=idle, allowlist-gated))
- runtime_pm /sys/bus/pci/devices/0000:00:15.0 control=auto autosuspend_delay_ms=2000 (battery-idle runtime PM (class=idle, allowlist-gated))
- runtime_pm /sys/bus/pci/devices/0000:00:1d.0 control=auto autosuspend_delay_ms=2000 (battery-idle runtime PM (class=idle, allowlist-gated))
- runtime_pm /sys/bus/pci/devices/0000:00:1e.3 control=auto autosuspend_delay_ms=2000 (battery-idle runtime PM (class=idle, allowlist-gated))
- runtime_pm /sys/bus/pci/devices/0000:00:14.2 control=auto autosuspend_delay_ms=2000 (battery-idle runtime PM (class=idle, allowlist-gated))
- runtime_pm /sys/bus/pci/devices/0000:00:02.0 control=auto autosuspend_delay_ms=2000 (battery-idle runtime PM (class=idle, allowlist-gated))
- runtime_pm /sys/bus/pci/devices/0000:00:1e.1 control=auto autosuspend_delay_ms=2000 (battery-idle runtime PM (class=idle, allowlist-gated))
- runtime_pm /sys/bus/pci/devices/0000:00:14.0 control=auto autosuspend_delay_ms=2000 (battery-idle runtime PM (class=idle, allowlist-gated))
- runtime_pm /sys/bus/pci/devices/0000:00:1f.4 control=auto autosuspend_delay_ms=2000 (battery-idle runtime PM (class=idle, allowlist-gated))
- runtime_pm /sys/bus/pci/devices/0000:00:0a.0 control=auto autosuspend_delay_ms=2000 (battery-idle runtime PM (class=idle, allowlist-gated))
- runtime_pm /sys/bus/usb/devices/1-14 control=auto autosuspend_delay_ms=2000 (battery-idle runtime PM (class=idle, allowlist-gated))
- runtime_pm /sys/bus/usb/devices/usb1 control=auto autosuspend_delay_ms=2000 (battery-idle runtime PM (class=idle, allowlist-gated))
- runtime_pm /sys/bus/usb/devices/usb2 control=auto autosuspend_delay_ms=2000 (battery-idle runtime PM (class=idle, allowlist-gated))
- runtime_pm /sys/bus/usb/devices/1-6 control=auto autosuspend_delay_ms=2000 (battery-idle runtime PM (class=idle, allowlist-gated))
- pci_aspm /sys/bus/pci/devices/0000:01:00.0 l1_aspm=1 (battery-idle PCIe ASPM (class=idle, allowlist-gated))
- pci_aspm /sys/bus/pci/devices/0000:07:00.0 l1_aspm=1 (battery-idle PCIe ASPM (class=idle, allowlist-gated))
- sata_alpm /sys/class/scsi_host/host7 policy=med_power_with_dipm (battery-idle SATA ALPM (class=idle, allowlist-gated))
- sata_alpm /sys/class/scsi_host/host5 policy=med_power_with_dipm (battery-idle SATA ALPM (class=idle, allowlist-gated))
- sata_alpm /sys/class/scsi_host/host3 policy=med_power_with_dipm (battery-idle SATA ALPM (class=idle, allowlist-gated))
- sata_alpm /sys/class/scsi_host/host1 policy=med_power_with_dipm (battery-idle SATA ALPM (class=idle, allowlist-gated))
- sata_alpm /sys/class/scsi_host/host6 policy=med_power_with_dipm (battery-idle SATA ALPM (class=idle, allowlist-gated))
- sata_alpm /sys/class/scsi_host/host4 policy=med_power_with_dipm (battery-idle SATA ALPM (class=idle, allowlist-gated))
- sata_alpm /sys/class/scsi_host/host2 policy=med_power_with_dipm (battery-idle SATA ALPM (class=idle, allowlist-gated))
- sata_alpm /sys/class/scsi_host/host0 policy=med_power_with_dipm (battery-idle SATA ALPM (class=idle, allowlist-gated))
- backlight /sys/class/backlight/intel_backlight target=40% (battery-idle backlight floor (class=idle, allowlist-gated))
effective_config:
domains.cpu_epp=actuate
domains.platform_profile=actuate
domains.vm_sysctl=actuate
domains.cpu_dma_latency=actuate
domains.device_resume_latency=actuate
domains.runtime_pm=actuate
domains.pci_aspm=actuate
domains.sata_alpm=actuate
domains.backlight=actuate
domains.cgroup_reweight=actuate
correlation_id=optid-000000006a89e4e4-0000000000000006 circuit: S5D outcome was neither a verified success nor a counted failure
correlation_id=optid-000000006a89e4e4-0000000000000006 circuit: S5D verified success reset scoped pre-threshold failures
correlation_id=optid-000000006a89e4e4-0000000000000006 circuit: S5D outcome was neither a verified success nor a counted failure
correlation_id=optid-000000006a89e4e4-0000000000000006 circuit: S5D outcome was neither a verified success nor a counted failure
correlation_id=optid-000000006a89e4e4-0000000000000006 circuit: S5D outcome was neither a verified success nor a counted failure
correlation_id=optid-000000006a89e4e4-0000000000000006 circuit: S5D outcome was neither a verified success nor a counted failure
correlation_id=optid-000000006a89e4e4-0000000000000006 circuit: S5D opened journal circuit for domain=runtime_pm operation=enable_runtime_pm target=runtime-pm:dd8a05618f96299b hwid=pci:v000010ECd00008168sv0000103Csd00008C99bc02sc00i00 firmware=firmware:ceb232cd5769e502 after 2 failure(s): persistent transaction or recovery journal gate failed
correlation_id=optid-000000006a89e4e4-0000000000000006 circuit: S5D outcome was neither a verified success nor a counted failure
correlation_id=optid-000000006a89e4e4-0000000000000006 circuit: S5D outcome was neither a verified success nor a counted failure
correlation_id=optid-000000006a89e4e4-0000000000000006 circuit: S5D outcome was neither a verified success nor a counted failure
correlation_id=optid-000000006a89e4e4-0000000000000006 circuit: S5D outcome was neither a verified success nor a counted failure
correlation_id=optid-000000006a89e4e4-0000000000000006 circuit: S5D outcome was neither a verified success nor a counted failure
correlation_id=optid-000000006a89e4e4-0000000000000006 circuit: S5D outcome was neither a verified success nor a counted failure
correlation_id=optid-000000006a89e4e4-0000000000000006 circuit: S5D outcome was neither a verified success nor a counted failure
correlation_id=optid-000000006a89e4e4-0000000000000006 circuit: S5D outcome was neither a verified success nor a counted failure
correlation_id=optid-000000006a89e4e4-0000000000000006 circuit: S5D outcome was neither a verified success nor a counted failure
correlation_id=optid-000000006a89e4e4-0000000000000006 circuit: S5D outcome was neither a verified success nor a counted failure
correlation_id=optid-000000006a89e4e4-0000000000000006 circuit: S5D outcome was neither a verified success nor a counted failure
correlation_id=optid-000000006a89e4e4-0000000000000006 reconciler: shadow_parity=false legacy_restore_intents=1 v1_restore_intents=0 intentional_v1_only=0
correlation_id=optid-000000006a89e4e4-0000000000000006
restore_outcomes=none
circuit_state=global_open=false open_domains=cgroup_reweight,cpu_dma_latency,platform_profile,runtime_pm records=20
timestamp=1787421938
mode=battery
on_ac=Some(false)
battery_pct=Some(94)
thermal_c=Some(37.0)
thermal_state=Cool
thermal_derating_ratio=0.00
thermal_die_sensor=hwmon:coretemp.0:coretemp:Package id 0
thermal_die_temp_c=37.0
thermal_skin_sensor=none
thermal_skin_temp_c=none
thermal_max_fan_rpm=2700
thermal_reasons:
- selected die signal hwmon:coretemp.0:coretemp:Package id 0 (package) at 37.0°C
- that value is a collapse maximum: hwmon:coretemp.0:coretemp:Package id 0 read 36.0°C itself and was raised to 37.0°C              by acpi:x86_pkg_temp
- clamped thermal_hi to 90.0°C based on hardware T_crit 100.0°C - 10°C
- effective thresholds: lo=60.0°C hi=90.0°C
- die temp 37.0°C <= lo threshold 60.0°C; state = cool (sensor=hwmon:coretemp.0:coretemp:Package id 0)
thermal_sensor_count=31
fan_sensor_count=2
loadavg_1=Some(0.92)
cpu_pressure=avg10=0.00 avg60=0.00 avg300=0.00 total=128814770
memory_pressure=avg10=0.00 avg60=0.00 avg300=0.00 total=1028755
io_pressure=avg10=0.00 avg60=0.01 avg300=0.03 total=33274923
workload_class=idle
workload_reason=pinned override (global)
cpu_wakeup_latency=100000
device_resume_latency=1000000
reasons:
- system is on battery
actions:
- cpu.epp=power (prefer battery life through CPU energy preference)
- platform.profile=low-power (request low-power platform profile)
- systemd.set-property background.slice CPUWeight=25 IOWeight=25 (deprioritize background services on battery)
- vm.sysctl /proc/sys/vm/swappiness=60 (adjust swappiness for current mode)
- vm.sysctl /proc/sys/vm/dirty_background_bytes=67108864 (adjust dirty background bytes for current mode)
- vm.sysctl /proc/sys/vm/dirty_bytes=134217728 (adjust dirty bytes for current mode)
- cpu_dma_latency=100000 (class=idle, floor=100000us, row=contracts.idle)
- runtime_pm /sys/bus/pci/devices/0000:00:17.0 control=auto autosuspend_delay_ms=2000 (battery-idle runtime PM (class=idle, allowlist-gated))
- runtime_pm /sys/bus/pci/devices/0000:00:08.0 control=auto autosuspend_delay_ms=2000 (battery-idle runtime PM (class=idle, allowlist-gated))
- runtime_pm /sys/bus/pci/devices/0000:00:1f.0 control=auto autosuspend_delay_ms=2000 (battery-idle runtime PM (class=idle, allowlist-gated))
- runtime_pm /sys/bus/pci/devices/0000:00:04.0 control=auto autosuspend_delay_ms=2000 (battery-idle runtime PM (class=idle, allowlist-gated))
- runtime_pm /sys/bus/pci/devices/0000:00:14.3 control=auto autosuspend_delay_ms=2000 (battery-idle runtime PM (class=idle, allowlist-gated))
- runtime_pm /sys/bus/pci/devices/0000:00:16.0 control=auto autosuspend_delay_ms=2000 (battery-idle runtime PM (class=idle, allowlist-gated))
- runtime_pm /sys/bus/pci/devices/0000:01:00.0 control=auto autosuspend_delay_ms=2000 (battery-idle runtime PM (class=idle, allowlist-gated))
- runtime_pm /sys/bus/pci/devices/0000:00:1b.0 control=auto autosuspend_delay_ms=2000 (battery-idle runtime PM (class=idle, allowlist-gated))
- runtime_pm /sys/bus/pci/devices/0000:00:1f.5 control=auto autosuspend_delay_ms=2000 (battery-idle runtime PM (class=idle, allowlist-gated))
- runtime_pm /sys/bus/pci/devices/0000:07:00.0 control=auto autosuspend_delay_ms=2000 (battery-idle runtime PM (class=idle, allowlist-gated))
- runtime_pm /sys/bus/pci/devices/0000:00:1e.0 control=auto autosuspend_delay_ms=2000 (battery-idle runtime PM (class=idle, allowlist-gated))
- runtime_pm /sys/bus/pci/devices/0000:00:1f.3 control=auto autosuspend_delay_ms=2000 (battery-idle runtime PM (class=idle, allowlist-gated))
- runtime_pm /sys/bus/pci/devices/0000:00:00.0 control=auto autosuspend_delay_ms=2000 (battery-idle runtime PM (class=idle, allowlist-gated))
- runtime_pm /sys/bus/pci/devices/0000:00:1d.4 control=auto autosuspend_delay_ms=2000 (battery-idle runtime PM (class=idle, allowlist-gated))
- runtime_pm /sys/bus/pci/devices/0000:00:15.0 control=auto autosuspend_delay_ms=2000 (battery-idle runtime PM (class=idle, allowlist-gated))
- runtime_pm /sys/bus/pci/devices/0000:00:1d.0 control=auto autosuspend_delay_ms=2000 (battery-idle runtime PM (class=idle, allowlist-gated))
- runtime_pm /sys/bus/pci/devices/0000:00:1e.3 control=auto autosuspend_delay_ms=2000 (battery-idle runtime PM (class=idle, allowlist-gated))
- runtime_pm /sys/bus/pci/devices/0000:00:14.2 control=auto autosuspend_delay_ms=2000 (battery-idle runtime PM (class=idle, allowlist-gated))
- runtime_pm /sys/bus/pci/devices/0000:00:02.0 control=auto autosuspend_delay_ms=2000 (battery-idle runtime PM (class=idle, allowlist-gated))
- runtime_pm /sys/bus/pci/devices/0000:00:1e.1 control=auto autosuspend_delay_ms=2000 (battery-idle runtime PM (class=idle, allowlist-gated))
- runtime_pm /sys/bus/pci/devices/0000:00:14.0 control=auto autosuspend_delay_ms=2000 (battery-idle runtime PM (class=idle, allowlist-gated))
- runtime_pm /sys/bus/pci/devices/0000:00:1f.4 control=auto autosuspend_delay_ms=2000 (battery-idle runtime PM (class=idle, allowlist-gated))
- runtime_pm /sys/bus/pci/devices/0000:00:0a.0 control=auto autosuspend_delay_ms=2000 (battery-idle runtime PM (class=idle, allowlist-gated))
- runtime_pm /sys/bus/usb/devices/1-14 control=auto autosuspend_delay_ms=2000 (battery-idle runtime PM (class=idle, allowlist-gated))
- runtime_pm /sys/bus/usb/devices/usb1 control=auto autosuspend_delay_ms=2000 (battery-idle runtime PM (class=idle, allowlist-gated))
- runtime_pm /sys/bus/usb/devices/usb2 control=auto autosuspend_delay_ms=2000 (battery-idle runtime PM (class=idle, allowlist-gated))
- runtime_pm /sys/bus/usb/devices/1-6 control=auto autosuspend_delay_ms=2000 (battery-idle runtime PM (class=idle, allowlist-gated))
- pci_aspm /sys/bus/pci/devices/0000:01:00.0 l1_aspm=1 (battery-idle PCIe ASPM (class=idle, allowlist-gated))
- pci_aspm /sys/bus/pci/devices/0000:07:00.0 l1_aspm=1 (battery-idle PCIe ASPM (class=idle, allowlist-gated))
- sata_alpm /sys/class/scsi_host/host7 policy=med_power_with_dipm (battery-idle SATA ALPM (class=idle, allowlist-gated))
- sata_alpm /sys/class/scsi_host/host5 policy=med_power_with_dipm (battery-idle SATA ALPM (class=idle, allowlist-gated))
- sata_alpm /sys/class/scsi_host/host3 policy=med_power_with_dipm (battery-idle SATA ALPM (class=idle, allowlist-gated))
- sata_alpm /sys/class/scsi_host/host1 policy=med_power_with_dipm (battery-idle SATA ALPM (class=idle, allowlist-gated))
- sata_alpm /sys/class/scsi_host/host6 policy=med_power_with_dipm (battery-idle SATA ALPM (class=idle, allowlist-gated))
- sata_alpm /sys/class/scsi_host/host4 policy=med_power_with_dipm (battery-idle SATA ALPM (class=idle, allowlist-gated))
- sata_alpm /sys/class/scsi_host/host2 policy=med_power_with_dipm (battery-idle SATA ALPM (class=idle, allowlist-gated))
- sata_alpm /sys/class/scsi_host/host0 policy=med_power_with_dipm (battery-idle SATA ALPM (class=idle, allowlist-gated))
- backlight /sys/class/backlight/intel_backlight target=40% (battery-idle backlight floor (class=idle, allowlist-gated))
effective_config:
domains.cpu_epp=actuate
domains.platform_profile=actuate
domains.vm_sysctl=actuate
domains.cpu_dma_latency=actuate
domains.device_resume_latency=actuate
domains.runtime_pm=actuate
domains.pci_aspm=actuate
domains.sata_alpm=actuate
domains.backlight=actuate
domains.cgroup_reweight=actuate
correlation_id=optid-000000006a89e4e4-0000000000000007 circuit: S5D outcome was neither a verified success nor a counted failure
correlation_id=optid-000000006a89e4e4-0000000000000007 circuit: S5D verified success reset scoped pre-threshold failures
correlation_id=optid-000000006a89e4e4-0000000000000007 circuit: S5D outcome was neither a verified success nor a counted failure
correlation_id=optid-000000006a89e4e4-0000000000000007 circuit: S5D outcome was neither a verified success nor a counted failure
correlation_id=optid-000000006a89e4e4-0000000000000007 circuit: S5D outcome was neither a verified success nor a counted failure
correlation_id=optid-000000006a89e4e4-0000000000000007 circuit: S5D outcome was neither a verified success nor a counted failure
correlation_id=optid-000000006a89e4e4-0000000000000007 circuit: S5D outcome was neither a verified success nor a counted failure
correlation_id=optid-000000006a89e4e4-0000000000000007 circuit: S5D opened journal circuit for domain=runtime_pm operation=enable_runtime_pm target=runtime-pm:29495235a4f75ae8 hwid=pci:v00008086d00007A24sv0000103Csd00008BC2bc0Csc80i00 firmware=firmware:ceb232cd5769e502 after 2 failure(s): persistent transaction or recovery journal gate failed
correlation_id=optid-000000006a89e4e4-0000000000000007 circuit: S5D outcome was neither a verified success nor a counted failure
correlation_id=optid-000000006a89e4e4-0000000000000007 circuit: S5D outcome was neither a verified success nor a counted failure
correlation_id=optid-000000006a89e4e4-0000000000000007 circuit: S5D outcome was neither a verified success nor a counted failure
correlation_id=optid-000000006a89e4e4-0000000000000007 circuit: S5D outcome was neither a verified success nor a counted failure
correlation_id=optid-000000006a89e4e4-0000000000000007 circuit: S5D outcome was neither a verified success nor a counted failure
correlation_id=optid-000000006a89e4e4-0000000000000007 circuit: S5D outcome was neither a verified success nor a counted failure
correlation_id=optid-000000006a89e4e4-0000000000000007 circuit: S5D outcome was neither a verified success nor a counted failure
correlation_id=optid-000000006a89e4e4-0000000000000007 circuit: S5D outcome was neither a verified success nor a counted failure
correlation_id=optid-000000006a89e4e4-0000000000000007 circuit: S5D outcome was neither a verified success nor a counted failure
correlation_id=optid-000000006a89e4e4-0000000000000007 circuit: S5D outcome was neither a verified success nor a counted failure
correlation_id=optid-000000006a89e4e4-0000000000000007 circuit: S5D outcome was neither a verified success nor a counted failure
correlation_id=optid-000000006a89e4e4-0000000000000007 reconciler: shadow_parity=false legacy_restore_intents=1 v1_restore_intents=0 intentional_v1_only=0
correlation_id=optid-000000006a89e4e4-0000000000000007
restore_outcomes=none
circuit_state=global_open=false open_domains=cgroup_reweight,cpu_dma_latency,platform_profile,runtime_pm records=20
timestamp=1787421940
mode=battery
on_ac=Some(false)
battery_pct=Some(94)
thermal_c=Some(38.0)
thermal_state=Cool
thermal_derating_ratio=0.00
thermal_die_sensor=hwmon:coretemp.0:coretemp:Package id 0
thermal_die_temp_c=38.0
thermal_skin_sensor=none
thermal_skin_temp_c=none
thermal_max_fan_rpm=2700
thermal_reasons:
- selected die signal hwmon:coretemp.0:coretemp:Package id 0 (package) at 38.0°C
- clamped thermal_hi to 90.0°C based on hardware T_crit 100.0°C - 10°C
- effective thresholds: lo=60.0°C hi=90.0°C
- die temp 38.0°C <= lo threshold 60.0°C; state = cool (sensor=hwmon:coretemp.0:coretemp:Package id 0)
thermal_sensor_count=31
fan_sensor_count=2
loadavg_1=Some(0.92)
cpu_pressure=avg10=0.00 avg60=0.00 avg300=0.00 total=128824047
memory_pressure=avg10=0.00 avg60=0.00 avg300=0.00 total=1028755
io_pressure=avg10=0.00 avg60=0.01 avg300=0.03 total=33283053
workload_class=idle
workload_reason=pinned override (global)
cpu_wakeup_latency=100000
device_resume_latency=1000000
reasons:
- system is on battery
actions:
- cpu.epp=power (prefer battery life through CPU energy preference)
- platform.profile=low-power (request low-power platform profile)
- systemd.set-property background.slice CPUWeight=25 IOWeight=25 (deprioritize background services on battery)
- vm.sysctl /proc/sys/vm/swappiness=60 (adjust swappiness for current mode)
- vm.sysctl /proc/sys/vm/dirty_background_bytes=67108864 (adjust dirty background bytes for current mode)
- vm.sysctl /proc/sys/vm/dirty_bytes=134217728 (adjust dirty bytes for current mode)
- cpu_dma_latency=100000 (class=idle, floor=100000us, row=contracts.idle)
- runtime_pm /sys/bus/pci/devices/0000:00:17.0 control=auto autosuspend_delay_ms=2000 (battery-idle runtime PM (class=idle, allowlist-gated))
- runtime_pm /sys/bus/pci/devices/0000:00:08.0 control=auto autosuspend_delay_ms=2000 (battery-idle runtime PM (class=idle, allowlist-gated))
- runtime_pm /sys/bus/pci/devices/0000:00:1f.0 control=auto autosuspend_delay_ms=2000 (battery-idle runtime PM (class=idle, allowlist-gated))
- runtime_pm /sys/bus/pci/devices/0000:00:04.0 control=auto autosuspend_delay_ms=2000 (battery-idle runtime PM (class=idle, allowlist-gated))
- runtime_pm /sys/bus/pci/devices/0000:00:14.3 control=auto autosuspend_delay_ms=2000 (battery-idle runtime PM (class=idle, allowlist-gated))
- runtime_pm /sys/bus/pci/devices/0000:00:16.0 control=auto autosuspend_delay_ms=2000 (battery-idle runtime PM (class=idle, allowlist-gated))
- runtime_pm /sys/bus/pci/devices/0000:01:00.0 control=auto autosuspend_delay_ms=2000 (battery-idle runtime PM (class=idle, allowlist-gated))
- runtime_pm /sys/bus/pci/devices/0000:00:1b.0 control=auto autosuspend_delay_ms=2000 (battery-idle runtime PM (class=idle, allowlist-gated))
- runtime_pm /sys/bus/pci/devices/0000:00:1f.5 control=auto autosuspend_delay_ms=2000 (battery-idle runtime PM (class=idle, allowlist-gated))
- runtime_pm /sys/bus/pci/devices/0000:07:00.0 control=auto autosuspend_delay_ms=2000 (battery-idle runtime PM (class=idle, allowlist-gated))
- runtime_pm /sys/bus/pci/devices/0000:00:1e.0 control=auto autosuspend_delay_ms=2000 (battery-idle runtime PM (class=idle, allowlist-gated))
- runtime_pm /sys/bus/pci/devices/0000:00:1f.3 control=auto autosuspend_delay_ms=2000 (battery-idle runtime PM (class=idle, allowlist-gated))
- runtime_pm /sys/bus/pci/devices/0000:00:00.0 control=auto autosuspend_delay_ms=2000 (battery-idle runtime PM (class=idle, allowlist-gated))
- runtime_pm /sys/bus/pci/devices/0000:00:1d.4 control=auto autosuspend_delay_ms=2000 (battery-idle runtime PM (class=idle, allowlist-gated))
- runtime_pm /sys/bus/pci/devices/0000:00:15.0 control=auto autosuspend_delay_ms=2000 (battery-idle runtime PM (class=idle, allowlist-gated))
- runtime_pm /sys/bus/pci/devices/0000:00:1d.0 control=auto autosuspend_delay_ms=2000 (battery-idle runtime PM (class=idle, allowlist-gated))
- runtime_pm /sys/bus/pci/devices/0000:00:1e.3 control=auto autosuspend_delay_ms=2000 (battery-idle runtime PM (class=idle, allowlist-gated))
- runtime_pm /sys/bus/pci/devices/0000:00:14.2 control=auto autosuspend_delay_ms=2000 (battery-idle runtime PM (class=idle, allowlist-gated))
- runtime_pm /sys/bus/pci/devices/0000:00:02.0 control=auto autosuspend_delay_ms=2000 (battery-idle runtime PM (class=idle, allowlist-gated))
- runtime_pm /sys/bus/pci/devices/0000:00:1e.1 control=auto autosuspend_delay_ms=2000 (battery-idle runtime PM (class=idle, allowlist-gated))
- runtime_pm /sys/bus/pci/devices/0000:00:14.0 control=auto autosuspend_delay_ms=2000 (battery-idle runtime PM (class=idle, allowlist-gated))
- runtime_pm /sys/bus/pci/devices/0000:00:1f.4 control=auto autosuspend_delay_ms=2000 (battery-idle runtime PM (class=idle, allowlist-gated))
- runtime_pm /sys/bus/pci/devices/0000:00:0a.0 control=auto autosuspend_delay_ms=2000 (battery-idle runtime PM (class=idle, allowlist-gated))
- runtime_pm /sys/bus/usb/devices/1-14 control=auto autosuspend_delay_ms=2000 (battery-idle runtime PM (class=idle, allowlist-gated))
- runtime_pm /sys/bus/usb/devices/usb1 control=auto autosuspend_delay_ms=2000 (battery-idle runtime PM (class=idle, allowlist-gated))
- runtime_pm /sys/bus/usb/devices/usb2 control=auto autosuspend_delay_ms=2000 (battery-idle runtime PM (class=idle, allowlist-gated))
- runtime_pm /sys/bus/usb/devices/1-6 control=auto autosuspend_delay_ms=2000 (battery-idle runtime PM (class=idle, allowlist-gated))
- pci_aspm /sys/bus/pci/devices/0000:01:00.0 l1_aspm=1 (battery-idle PCIe ASPM (class=idle, allowlist-gated))
- pci_aspm /sys/bus/pci/devices/0000:07:00.0 l1_aspm=1 (battery-idle PCIe ASPM (class=idle, allowlist-gated))
- sata_alpm /sys/class/scsi_host/host7 policy=med_power_with_dipm (battery-idle SATA ALPM (class=idle, allowlist-gated))
- sata_alpm /sys/class/scsi_host/host5 policy=med_power_with_dipm (battery-idle SATA ALPM (class=idle, allowlist-gated))
- sata_alpm /sys/class/scsi_host/host3 policy=med_power_with_dipm (battery-idle SATA ALPM (class=idle, allowlist-gated))
- sata_alpm /sys/class/scsi_host/host1 policy=med_power_with_dipm (battery-idle SATA ALPM (class=idle, allowlist-gated))
- sata_alpm /sys/class/scsi_host/host6 policy=med_power_with_dipm (battery-idle SATA ALPM (class=idle, allowlist-gated))
- sata_alpm /sys/class/scsi_host/host4 policy=med_power_with_dipm (battery-idle SATA ALPM (class=idle, allowlist-gated))
- sata_alpm /sys/class/scsi_host/host2 policy=med_power_with_dipm (battery-idle SATA ALPM (class=idle, allowlist-gated))
- sata_alpm /sys/class/scsi_host/host0 policy=med_power_with_dipm (battery-idle SATA ALPM (class=idle, allowlist-gated))
- backlight /sys/class/backlight/intel_backlight target=40% (battery-idle backlight floor (class=idle, allowlist-gated))
effective_config:
domains.cpu_epp=actuate
domains.platform_profile=actuate
domains.vm_sysctl=actuate
domains.cpu_dma_latency=actuate
domains.device_resume_latency=actuate
domains.runtime_pm=actuate
domains.pci_aspm=actuate
domains.sata_alpm=actuate
domains.backlight=actuate
domains.cgroup_reweight=actuate
correlation_id=optid-000000006a89e4e4-0000000000000008 circuit: S5D outcome was neither a verified success nor a counted failure
correlation_id=optid-000000006a89e4e4-0000000000000008 circuit: S5D verified success reset scoped pre-threshold failures
correlation_id=optid-000000006a89e4e4-0000000000000008 circuit: S5D outcome was neither a verified success nor a counted failure
correlation_id=optid-000000006a89e4e4-0000000000000008 circuit: S5D outcome was neither a verified success nor a counted failure
correlation_id=optid-000000006a89e4e4-0000000000000008 circuit: S5D outcome was neither a verified success nor a counted failure
correlation_id=optid-000000006a89e4e4-0000000000000008 circuit: S5D outcome was neither a verified success nor a counted failure
correlation_id=optid-000000006a89e4e4-0000000000000008 circuit: S5D outcome was neither a verified success nor a counted failure
correlation_id=optid-000000006a89e4e4-0000000000000008 circuit: S5D opened journal circuit for domain=runtime_pm operation=enable_runtime_pm target=runtime-pm:edb6470ee3d4ba73 hwid=pci:v00001C5Cd00001D59sv00001C5Csd00001D59bc01sc08i02 firmware=firmware:ceb232cd5769e502 after 2 failure(s): persistent transaction or recovery journal gate failed
correlation_id=optid-000000006a89e4e4-0000000000000008 circuit: S5D outcome was neither a verified success nor a counted failure
correlation_id=optid-000000006a89e4e4-0000000000000008 circuit: S5D outcome was neither a verified success nor a counted failure
correlation_id=optid-000000006a89e4e4-0000000000000008 circuit: S5D outcome was neither a verified success nor a counted failure
correlation_id=optid-000000006a89e4e4-0000000000000008 circuit: S5D outcome was neither a verified success nor a counted failure
correlation_id=optid-000000006a89e4e4-0000000000000008 circuit: S5D outcome was neither a verified success nor a counted failure
correlation_id=optid-000000006a89e4e4-0000000000000008 circuit: S5D outcome was neither a verified success nor a counted failure
correlation_id=optid-000000006a89e4e4-0000000000000008 circuit: S5D outcome was neither a verified success nor a counted failure
correlation_id=optid-000000006a89e4e4-0000000000000008 circuit: S5D outcome was neither a verified success nor a counted failure
correlation_id=optid-000000006a89e4e4-0000000000000008 circuit: S5D outcome was neither a verified success nor a counted failure
correlation_id=optid-000000006a89e4e4-0000000000000008 circuit: S5D outcome was neither a verified success nor a counted failure
correlation_id=optid-000000006a89e4e4-0000000000000008 circuit: S5D outcome was neither a verified success nor a counted failure
correlation_id=optid-000000006a89e4e4-0000000000000008 reconciler: shadow_parity=false legacy_restore_intents=1 v1_restore_intents=0 intentional_v1_only=0
correlation_id=optid-000000006a89e4e4-0000000000000008
restore_outcomes=none
circuit_state=global_open=false open_domains=cgroup_reweight,cpu_dma_latency,platform_profile,runtime_pm records=20
timestamp=1787421943
mode=battery
on_ac=Some(false)
battery_pct=Some(94)
thermal_c=Some(38.0)
thermal_state=Cool
thermal_derating_ratio=0.00
thermal_die_sensor=hwmon:coretemp.0:coretemp:Package id 0
thermal_die_temp_c=38.0
thermal_skin_sensor=none
thermal_skin_temp_c=none
thermal_max_fan_rpm=2700
thermal_reasons:
- selected die signal hwmon:coretemp.0:coretemp:Package id 0 (package) at 38.0°C
- clamped thermal_hi to 90.0°C based on hardware T_crit 100.0°C - 10°C
- effective thresholds: lo=60.0°C hi=90.0°C
- die temp 38.0°C <= lo threshold 60.0°C; state = cool (sensor=hwmon:coretemp.0:coretemp:Package id 0)
thermal_sensor_count=31
fan_sensor_count=2
loadavg_1=Some(0.93)
cpu_pressure=avg10=0.00 avg60=0.00 avg300=0.00 total=128836530
memory_pressure=avg10=0.00 avg60=0.00 avg300=0.00 total=1028755
io_pressure=avg10=0.36 avg60=0.07 avg300=0.04 total=33333557
workload_class=idle
workload_reason=pinned override (global)
cpu_wakeup_latency=100000
device_resume_latency=1000000
reasons:
- system is on battery
actions:
- cpu.epp=power (prefer battery life through CPU energy preference)
- platform.profile=low-power (request low-power platform profile)
- systemd.set-property background.slice CPUWeight=25 IOWeight=25 (deprioritize background services on battery)
- vm.sysctl /proc/sys/vm/swappiness=60 (adjust swappiness for current mode)
- vm.sysctl /proc/sys/vm/dirty_background_bytes=67108864 (adjust dirty background bytes for current mode)
- vm.sysctl /proc/sys/vm/dirty_bytes=134217728 (adjust dirty bytes for current mode)
- cpu_dma_latency=100000 (class=idle, floor=100000us, row=contracts.idle)
- runtime_pm /sys/bus/pci/devices/0000:00:17.0 control=auto autosuspend_delay_ms=2000 (battery-idle runtime PM (class=idle, allowlist-gated))
- runtime_pm /sys/bus/pci/devices/0000:00:08.0 control=auto autosuspend_delay_ms=2000 (battery-idle runtime PM (class=idle, allowlist-gated))
- runtime_pm /sys/bus/pci/devices/0000:00:1f.0 control=auto autosuspend_delay_ms=2000 (battery-idle runtime PM (class=idle, allowlist-gated))
- runtime_pm /sys/bus/pci/devices/0000:00:04.0 control=auto autosuspend_delay_ms=2000 (battery-idle runtime PM (class=idle, allowlist-gated))
- runtime_pm /sys/bus/pci/devices/0000:00:14.3 control=auto autosuspend_delay_ms=2000 (battery-idle runtime PM (class=idle, allowlist-gated))
- runtime_pm /sys/bus/pci/devices/0000:00:16.0 control=auto autosuspend_delay_ms=2000 (battery-idle runtime PM (class=idle, allowlist-gated))
- runtime_pm /sys/bus/pci/devices/0000:01:00.0 control=auto autosuspend_delay_ms=2000 (battery-idle runtime PM (class=idle, allowlist-gated))
- runtime_pm /sys/bus/pci/devices/0000:00:1b.0 control=auto autosuspend_delay_ms=2000 (battery-idle runtime PM (class=idle, allowlist-gated))
- runtime_pm /sys/bus/pci/devices/0000:00:1f.5 control=auto autosuspend_delay_ms=2000 (battery-idle runtime PM (class=idle, allowlist-gated))
- runtime_pm /sys/bus/pci/devices/0000:07:00.0 control=auto autosuspend_delay_ms=2000 (battery-idle runtime PM (class=idle, allowlist-gated))
- runtime_pm /sys/bus/pci/devices/0000:00:1e.0 control=auto autosuspend_delay_ms=2000 (battery-idle runtime PM (class=idle, allowlist-gated))
- runtime_pm /sys/bus/pci/devices/0000:00:1f.3 control=auto autosuspend_delay_ms=2000 (battery-idle runtime PM (class=idle, allowlist-gated))
- runtime_pm /sys/bus/pci/devices/0000:00:00.0 control=auto autosuspend_delay_ms=2000 (battery-idle runtime PM (class=idle, allowlist-gated))
- runtime_pm /sys/bus/pci/devices/0000:00:1d.4 control=auto autosuspend_delay_ms=2000 (battery-idle runtime PM (class=idle, allowlist-gated))
- runtime_pm /sys/bus/pci/devices/0000:00:15.0 control=auto autosuspend_delay_ms=2000 (battery-idle runtime PM (class=idle, allowlist-gated))
- runtime_pm /sys/bus/pci/devices/0000:00:1d.0 control=auto autosuspend_delay_ms=2000 (battery-idle runtime PM (class=idle, allowlist-gated))
- runtime_pm /sys/bus/pci/devices/0000:00:1e.3 control=auto autosuspend_delay_ms=2000 (battery-idle runtime PM (class=idle, allowlist-gated))
- runtime_pm /sys/bus/pci/devices/0000:00:14.2 control=auto autosuspend_delay_ms=2000 (battery-idle runtime PM (class=idle, allowlist-gated))
- runtime_pm /sys/bus/pci/devices/0000:00:02.0 control=auto autosuspend_delay_ms=2000 (battery-idle runtime PM (class=idle, allowlist-gated))
- runtime_pm /sys/bus/pci/devices/0000:00:1e.1 control=auto autosuspend_delay_ms=2000 (battery-idle runtime PM (class=idle, allowlist-gated))
- runtime_pm /sys/bus/pci/devices/0000:00:14.0 control=auto autosuspend_delay_ms=2000 (battery-idle runtime PM (class=idle, allowlist-gated))
- runtime_pm /sys/bus/pci/devices/0000:00:1f.4 control=auto autosuspend_delay_ms=2000 (battery-idle runtime PM (class=idle, allowlist-gated))
- runtime_pm /sys/bus/pci/devices/0000:00:0a.0 control=auto autosuspend_delay_ms=2000 (battery-idle runtime PM (class=idle, allowlist-gated))
- runtime_pm /sys/bus/usb/devices/1-14 control=auto autosuspend_delay_ms=2000 (battery-idle runtime PM (class=idle, allowlist-gated))
- runtime_pm /sys/bus/usb/devices/usb1 control=auto autosuspend_delay_ms=2000 (battery-idle runtime PM (class=idle, allowlist-gated))
- runtime_pm /sys/bus/usb/devices/usb2 control=auto autosuspend_delay_ms=2000 (battery-idle runtime PM (class=idle, allowlist-gated))
- runtime_pm /sys/bus/usb/devices/1-6 control=auto autosuspend_delay_ms=2000 (battery-idle runtime PM (class=idle, allowlist-gated))
- pci_aspm /sys/bus/pci/devices/0000:01:00.0 l1_aspm=1 (battery-idle PCIe ASPM (class=idle, allowlist-gated))
- pci_aspm /sys/bus/pci/devices/0000:07:00.0 l1_aspm=1 (battery-idle PCIe ASPM (class=idle, allowlist-gated))
- sata_alpm /sys/class/scsi_host/host7 policy=med_power_with_dipm (battery-idle SATA ALPM (class=idle, allowlist-gated))
- sata_alpm /sys/class/scsi_host/host5 policy=med_power_with_dipm (battery-idle SATA ALPM (class=idle, allowlist-gated))
- sata_alpm /sys/class/scsi_host/host3 policy=med_power_with_dipm (battery-idle SATA ALPM (class=idle, allowlist-gated))
- sata_alpm /sys/class/scsi_host/host1 policy=med_power_with_dipm (battery-idle SATA ALPM (class=idle, allowlist-gated))
- sata_alpm /sys/class/scsi_host/host6 policy=med_power_with_dipm (battery-idle SATA ALPM (class=idle, allowlist-gated))
- sata_alpm /sys/class/scsi_host/host4 policy=med_power_with_dipm (battery-idle SATA ALPM (class=idle, allowlist-gated))
- sata_alpm /sys/class/scsi_host/host2 policy=med_power_with_dipm (battery-idle SATA ALPM (class=idle, allowlist-gated))
- sata_alpm /sys/class/scsi_host/host0 policy=med_power_with_dipm (battery-idle SATA ALPM (class=idle, allowlist-gated))
- backlight /sys/class/backlight/intel_backlight target=40% (battery-idle backlight floor (class=idle, allowlist-gated))
effective_config:
domains.cpu_epp=actuate
domains.platform_profile=actuate
domains.vm_sysctl=actuate
domains.cpu_dma_latency=actuate
domains.device_resume_latency=actuate
domains.runtime_pm=actuate
domains.pci_aspm=actuate
domains.sata_alpm=actuate
domains.backlight=actuate
domains.cgroup_reweight=actuate
correlation_id=optid-000000006a89e4e4-0000000000000009 circuit: S5D outcome was neither a verified success nor a counted failure
correlation_id=optid-000000006a89e4e4-0000000000000009 circuit: S5D verified success reset scoped pre-threshold failures
correlation_id=optid-000000006a89e4e4-0000000000000009 circuit: S5D outcome was neither a verified success nor a counted failure
correlation_id=optid-000000006a89e4e4-0000000000000009 circuit: S5D outcome was neither a verified success nor a counted failure
correlation_id=optid-000000006a89e4e4-0000000000000009 circuit: S5D outcome was neither a verified success nor a counted failure
correlation_id=optid-000000006a89e4e4-0000000000000009 circuit: S5D outcome was neither a verified success nor a counted failure
correlation_id=optid-000000006a89e4e4-0000000000000009 circuit: S5D outcome was neither a verified success nor a counted failure
correlation_id=optid-000000006a89e4e4-0000000000000009 circuit: S5D opened journal circuit for domain=runtime_pm operation=enable_runtime_pm target=runtime-pm:84e5d3f449ca7eed hwid=pci:v00008086d00007A28sv0000103Csd00008BC2bc07sc80i00 firmware=firmware:ceb232cd5769e502 after 2 failure(s): persistent transaction or recovery journal gate failed
correlation_id=optid-000000006a89e4e4-0000000000000009 circuit: S5D outcome was neither a verified success nor a counted failure
correlation_id=optid-000000006a89e4e4-0000000000000009 circuit: S5D outcome was neither a verified success nor a counted failure
correlation_id=optid-000000006a89e4e4-0000000000000009 circuit: S5D outcome was neither a verified success nor a counted failure
correlation_id=optid-000000006a89e4e4-0000000000000009 circuit: S5D outcome was neither a verified success nor a counted failure
correlation_id=optid-000000006a89e4e4-0000000000000009 circuit: S5D outcome was neither a verified success nor a counted failure
correlation_id=optid-000000006a89e4e4-0000000000000009 circuit: S5D outcome was neither a verified success nor a counted failure
correlation_id=optid-000000006a89e4e4-0000000000000009 circuit: S5D outcome was neither a verified success nor a counted failure
correlation_id=optid-000000006a89e4e4-0000000000000009 circuit: S5D outcome was neither a verified success nor a counted failure
correlation_id=optid-000000006a89e4e4-0000000000000009 circuit: S5D outcome was neither a verified success nor a counted failure
correlation_id=optid-000000006a89e4e4-0000000000000009 circuit: S5D outcome was neither a verified success nor a counted failure
correlation_id=optid-000000006a89e4e4-0000000000000009 circuit: S5D outcome was neither a verified success nor a counted failure
correlation_id=optid-000000006a89e4e4-0000000000000009 reconciler: shadow_parity=false legacy_restore_intents=1 v1_restore_intents=0 intentional_v1_only=0
correlation_id=optid-000000006a89e4e4-0000000000000009
restore_outcomes=none
circuit_state=global_open=false open_domains=cgroup_reweight,cpu_dma_latency,platform_profile,runtime_pm records=20
timestamp=1787421945
mode=battery
on_ac=Some(false)
battery_pct=Some(94)
thermal_c=Some(38.0)
thermal_state=Cool
thermal_derating_ratio=0.00
thermal_die_sensor=hwmon:coretemp.0:coretemp:Package id 0
thermal_die_temp_c=38.0
thermal_skin_sensor=none
thermal_skin_temp_c=none
thermal_max_fan_rpm=2700
thermal_reasons:
- selected die signal hwmon:coretemp.0:coretemp:Package id 0 (package) at 38.0°C
- that value is a collapse maximum: hwmon:coretemp.0:coretemp:Package id 0 read 37.0°C itself and was raised to 38.0°C              by acpi:x86_pkg_temp
- clamped thermal_hi to 90.0°C based on hardware T_crit 100.0°C - 10°C
- effective thresholds: lo=60.0°C hi=90.0°C
- die temp 38.0°C <= lo threshold 60.0°C; state = cool (sensor=hwmon:coretemp.0:coretemp:Package id 0)
thermal_sensor_count=31
fan_sensor_count=2
loadavg_1=Some(0.93)
cpu_pressure=avg10=0.00 avg60=0.00 avg300=0.00 total=128845545
memory_pressure=avg10=0.00 avg60=0.00 avg300=0.00 total=1028755
io_pressure=avg10=0.29 avg60=0.07 avg300=0.04 total=33346195
workload_class=idle
workload_reason=pinned override (global)
cpu_wakeup_latency=100000
device_resume_latency=1000000
reasons:
- system is on battery
actions:
- cpu.epp=power (prefer battery life through CPU energy preference)
- platform.profile=low-power (request low-power platform profile)
- systemd.set-property background.slice CPUWeight=25 IOWeight=25 (deprioritize background services on battery)
- vm.sysctl /proc/sys/vm/swappiness=60 (adjust swappiness for current mode)
- vm.sysctl /proc/sys/vm/dirty_background_bytes=67108864 (adjust dirty background bytes for current mode)
- vm.sysctl /proc/sys/vm/dirty_bytes=134217728 (adjust dirty bytes for current mode)
- cpu_dma_latency=100000 (class=idle, floor=100000us, row=contracts.idle)
- runtime_pm /sys/bus/pci/devices/0000:00:17.0 control=auto autosuspend_delay_ms=2000 (battery-idle runtime PM (class=idle, allowlist-gated))
- runtime_pm /sys/bus/pci/devices/0000:00:08.0 control=auto autosuspend_delay_ms=2000 (battery-idle runtime PM (class=idle, allowlist-gated))
- runtime_pm /sys/bus/pci/devices/0000:00:1f.0 control=auto autosuspend_delay_ms=2000 (battery-idle runtime PM (class=idle, allowlist-gated))
- runtime_pm /sys/bus/pci/devices/0000:00:04.0 control=auto autosuspend_delay_ms=2000 (battery-idle runtime PM (class=idle, allowlist-gated))
- runtime_pm /sys/bus/pci/devices/0000:00:14.3 control=auto autosuspend_delay_ms=2000 (battery-idle runtime PM (class=idle, allowlist-gated))
- runtime_pm /sys/bus/pci/devices/0000:00:16.0 control=auto autosuspend_delay_ms=2000 (battery-idle runtime PM (class=idle, allowlist-gated))
- runtime_pm /sys/bus/pci/devices/0000:01:00.0 control=auto autosuspend_delay_ms=2000 (battery-idle runtime PM (class=idle, allowlist-gated))
- runtime_pm /sys/bus/pci/devices/0000:00:1b.0 control=auto autosuspend_delay_ms=2000 (battery-idle runtime PM (class=idle, allowlist-gated))
- runtime_pm /sys/bus/pci/devices/0000:00:1f.5 control=auto autosuspend_delay_ms=2000 (battery-idle runtime PM (class=idle, allowlist-gated))
- runtime_pm /sys/bus/pci/devices/0000:07:00.0 control=auto autosuspend_delay_ms=2000 (battery-idle runtime PM (class=idle, allowlist-gated))
- runtime_pm /sys/bus/pci/devices/0000:00:1e.0 control=auto autosuspend_delay_ms=2000 (battery-idle runtime PM (class=idle, allowlist-gated))
- runtime_pm /sys/bus/pci/devices/0000:00:1f.3 control=auto autosuspend_delay_ms=2000 (battery-idle runtime PM (class=idle, allowlist-gated))
- runtime_pm /sys/bus/pci/devices/0000:00:00.0 control=auto autosuspend_delay_ms=2000 (battery-idle runtime PM (class=idle, allowlist-gated))
- runtime_pm /sys/bus/pci/devices/0000:00:1d.4 control=auto autosuspend_delay_ms=2000 (battery-idle runtime PM (class=idle, allowlist-gated))
- runtime_pm /sys/bus/pci/devices/0000:00:15.0 control=auto autosuspend_delay_ms=2000 (battery-idle runtime PM (class=idle, allowlist-gated))
- runtime_pm /sys/bus/pci/devices/0000:00:1d.0 control=auto autosuspend_delay_ms=2000 (battery-idle runtime PM (class=idle, allowlist-gated))
- runtime_pm /sys/bus/pci/devices/0000:00:1e.3 control=auto autosuspend_delay_ms=2000 (battery-idle runtime PM (class=idle, allowlist-gated))
- runtime_pm /sys/bus/pci/devices/0000:00:14.2 control=auto autosuspend_delay_ms=2000 (battery-idle runtime PM (class=idle, allowlist-gated))
- runtime_pm /sys/bus/pci/devices/0000:00:02.0 control=auto autosuspend_delay_ms=2000 (battery-idle runtime PM (class=idle, allowlist-gated))
- runtime_pm /sys/bus/pci/devices/0000:00:1e.1 control=auto autosuspend_delay_ms=2000 (battery-idle runtime PM (class=idle, allowlist-gated))
- runtime_pm /sys/bus/pci/devices/0000:00:14.0 control=auto autosuspend_delay_ms=2000 (battery-idle runtime PM (class=idle, allowlist-gated))
- runtime_pm /sys/bus/pci/devices/0000:00:1f.4 control=auto autosuspend_delay_ms=2000 (battery-idle runtime PM (class=idle, allowlist-gated))
- runtime_pm /sys/bus/pci/devices/0000:00:0a.0 control=auto autosuspend_delay_ms=2000 (battery-idle runtime PM (class=idle, allowlist-gated))
- runtime_pm /sys/bus/usb/devices/1-14 control=auto autosuspend_delay_ms=2000 (battery-idle runtime PM (class=idle, allowlist-gated))
- runtime_pm /sys/bus/usb/devices/usb1 control=auto autosuspend_delay_ms=2000 (battery-idle runtime PM (class=idle, allowlist-gated))
- runtime_pm /sys/bus/usb/devices/usb2 control=auto autosuspend_delay_ms=2000 (battery-idle runtime PM (class=idle, allowlist-gated))
- runtime_pm /sys/bus/usb/devices/1-6 control=auto autosuspend_delay_ms=2000 (battery-idle runtime PM (class=idle, allowlist-gated))
- pci_aspm /sys/bus/pci/devices/0000:01:00.0 l1_aspm=1 (battery-idle PCIe ASPM (class=idle, allowlist-gated))
- pci_aspm /sys/bus/pci/devices/0000:07:00.0 l1_aspm=1 (battery-idle PCIe ASPM (class=idle, allowlist-gated))
- sata_alpm /sys/class/scsi_host/host7 policy=med_power_with_dipm (battery-idle SATA ALPM (class=idle, allowlist-gated))
- sata_alpm /sys/class/scsi_host/host5 policy=med_power_with_dipm (battery-idle SATA ALPM (class=idle, allowlist-gated))
- sata_alpm /sys/class/scsi_host/host3 policy=med_power_with_dipm (battery-idle SATA ALPM (class=idle, allowlist-gated))
- sata_alpm /sys/class/scsi_host/host1 policy=med_power_with_dipm (battery-idle SATA ALPM (class=idle, allowlist-gated))
- sata_alpm /sys/class/scsi_host/host6 policy=med_power_with_dipm (battery-idle SATA ALPM (class=idle, allowlist-gated))
- sata_alpm /sys/class/scsi_host/host4 policy=med_power_with_dipm (battery-idle SATA ALPM (class=idle, allowlist-gated))
- sata_alpm /sys/class/scsi_host/host2 policy=med_power_with_dipm (battery-idle SATA ALPM (class=idle, allowlist-gated))
- sata_alpm /sys/class/scsi_host/host0 policy=med_power_with_dipm (battery-idle SATA ALPM (class=idle, allowlist-gated))
- backlight /sys/class/backlight/intel_backlight target=40% (battery-idle backlight floor (class=idle, allowlist-gated))
effective_config:
domains.cpu_epp=actuate
domains.platform_profile=actuate
domains.vm_sysctl=actuate
domains.cpu_dma_latency=actuate
domains.device_resume_latency=actuate
domains.runtime_pm=actuate
domains.pci_aspm=actuate
domains.sata_alpm=actuate
domains.backlight=actuate
domains.cgroup_reweight=actuate
correlation_id=optid-000000006a89e4e4-000000000000000a circuit: S5D outcome was neither a verified success nor a counted failure
correlation_id=optid-000000006a89e4e4-000000000000000a circuit: S5D verified success reset scoped pre-threshold failures
correlation_id=optid-000000006a89e4e4-000000000000000a circuit: S5D outcome was neither a verified success nor a counted failure
correlation_id=optid-000000006a89e4e4-000000000000000a circuit: S5D outcome was neither a verified success nor a counted failure
correlation_id=optid-000000006a89e4e4-000000000000000a circuit: S5D outcome was neither a verified success nor a counted failure
correlation_id=optid-000000006a89e4e4-000000000000000a circuit: S5D outcome was neither a verified success nor a counted failure
correlation_id=optid-000000006a89e4e4-000000000000000a circuit: S5D outcome was neither a verified success nor a counted failure
correlation_id=optid-000000006a89e4e4-000000000000000a circuit: S5D outcome was neither a verified success nor a counted failure
correlation_id=optid-000000006a89e4e4-000000000000000a circuit: S5D opened journal circuit for domain=runtime_pm operation=enable_runtime_pm target=runtime-pm:44820b87ccc7278b hwid=pci:v00008086d00004637sv0000103Csd00008BC2bc06sc00i00 firmware=firmware:ceb232cd5769e502 after 2 failure(s): persistent transaction or recovery journal gate failed
correlation_id=optid-000000006a89e4e4-000000000000000a circuit: S5D outcome was neither a verified success nor a counted failure
correlation_id=optid-000000006a89e4e4-000000000000000a circuit: S5D outcome was neither a verified success nor a counted failure
correlation_id=optid-000000006a89e4e4-000000000000000a circuit: S5D outcome was neither a verified success nor a counted failure
correlation_id=optid-000000006a89e4e4-000000000000000a circuit: S5D outcome was neither a verified success nor a counted failure
correlation_id=optid-000000006a89e4e4-000000000000000a circuit: S5D outcome was neither a verified success nor a counted failure
correlation_id=optid-000000006a89e4e4-000000000000000a circuit: S5D outcome was neither a verified success nor a counted failure
correlation_id=optid-000000006a89e4e4-000000000000000a circuit: S5D outcome was neither a verified success nor a counted failure
correlation_id=optid-000000006a89e4e4-000000000000000a circuit: S5D outcome was neither a verified success nor a counted failure
correlation_id=optid-000000006a89e4e4-000000000000000a circuit: S5D outcome was neither a verified success nor a counted failure
correlation_id=optid-000000006a89e4e4-000000000000000a circuit: S5D outcome was neither a verified success nor a counted failure
correlation_id=optid-000000006a89e4e4-000000000000000a circuit: S5D outcome was neither a verified success nor a counted failure
correlation_id=optid-000000006a89e4e4-000000000000000a reconciler: shadow_parity=false legacy_restore_intents=1 v1_restore_intents=0 intentional_v1_only=0
correlation_id=optid-000000006a89e4e4-000000000000000a
restore_outcomes=none
circuit_state=global_open=false open_domains=cgroup_reweight,cpu_dma_latency,platform_profile,runtime_pm records=20
timestamp=1787421947
mode=battery
on_ac=Some(false)
battery_pct=Some(94)
thermal_c=Some(37.0)
thermal_state=Cool
thermal_derating_ratio=0.00
thermal_die_sensor=hwmon:coretemp.0:coretemp:Package id 0
thermal_die_temp_c=37.0
thermal_skin_sensor=none
thermal_skin_temp_c=none
thermal_max_fan_rpm=2700
thermal_reasons:
- selected die signal hwmon:coretemp.0:coretemp:Package id 0 (package) at 37.0°C
- that value is a collapse maximum: hwmon:coretemp.0:coretemp:Package id 0 read 36.0°C itself and was raised to 37.0°C              by acpi:x86_pkg_temp
- clamped thermal_hi to 90.0°C based on hardware T_crit 100.0°C - 10°C
- effective thresholds: lo=60.0°C hi=90.0°C
- die temp 37.0°C <= lo threshold 60.0°C; state = cool (sensor=hwmon:coretemp.0:coretemp:Package id 0)
thermal_sensor_count=31
fan_sensor_count=2
loadavg_1=Some(0.85)
cpu_pressure=avg10=0.00 avg60=0.00 avg300=0.00 total=128850471
memory_pressure=avg10=0.00 avg60=0.00 avg300=0.00 total=1028755
io_pressure=avg10=0.34 avg60=0.10 avg300=0.05 total=33382830
workload_class=idle
workload_reason=pinned override (global)
cpu_wakeup_latency=100000
device_resume_latency=1000000
reasons:
- system is on battery
actions:
- cpu.epp=power (prefer battery life through CPU energy preference)
- platform.profile=low-power (request low-power platform profile)
- systemd.set-property background.slice CPUWeight=25 IOWeight=25 (deprioritize background services on battery)
- vm.sysctl /proc/sys/vm/swappiness=60 (adjust swappiness for current mode)
- vm.sysctl /proc/sys/vm/dirty_background_bytes=67108864 (adjust dirty background bytes for current mode)
- vm.sysctl /proc/sys/vm/dirty_bytes=134217728 (adjust dirty bytes for current mode)
- cpu_dma_latency=100000 (class=idle, floor=100000us, row=contracts.idle)
- runtime_pm /sys/bus/pci/devices/0000:00:17.0 control=auto autosuspend_delay_ms=2000 (battery-idle runtime PM (class=idle, allowlist-gated))
- runtime_pm /sys/bus/pci/devices/0000:00:08.0 control=auto autosuspend_delay_ms=2000 (battery-idle runtime PM (class=idle, allowlist-gated))
- runtime_pm /sys/bus/pci/devices/0000:00:1f.0 control=auto autosuspend_delay_ms=2000 (battery-idle runtime PM (class=idle, allowlist-gated))
- runtime_pm /sys/bus/pci/devices/0000:00:04.0 control=auto autosuspend_delay_ms=2000 (battery-idle runtime PM (class=idle, allowlist-gated))
- runtime_pm /sys/bus/pci/devices/0000:00:14.3 control=auto autosuspend_delay_ms=2000 (battery-idle runtime PM (class=idle, allowlist-gated))
- runtime_pm /sys/bus/pci/devices/0000:00:16.0 control=auto autosuspend_delay_ms=2000 (battery-idle runtime PM (class=idle, allowlist-gated))
- runtime_pm /sys/bus/pci/devices/0000:01:00.0 control=auto autosuspend_delay_ms=2000 (battery-idle runtime PM (class=idle, allowlist-gated))
- runtime_pm /sys/bus/pci/devices/0000:00:1b.0 control=auto autosuspend_delay_ms=2000 (battery-idle runtime PM (class=idle, allowlist-gated))
- runtime_pm /sys/bus/pci/devices/0000:00:1f.5 control=auto autosuspend_delay_ms=2000 (battery-idle runtime PM (class=idle, allowlist-gated))
- runtime_pm /sys/bus/pci/devices/0000:07:00.0 control=auto autosuspend_delay_ms=2000 (battery-idle runtime PM (class=idle, allowlist-gated))
- runtime_pm /sys/bus/pci/devices/0000:00:1e.0 control=auto autosuspend_delay_ms=2000 (battery-idle runtime PM (class=idle, allowlist-gated))
- runtime_pm /sys/bus/pci/devices/0000:00:1f.3 control=auto autosuspend_delay_ms=2000 (battery-idle runtime PM (class=idle, allowlist-gated))
- runtime_pm /sys/bus/pci/devices/0000:00:00.0 control=auto autosuspend_delay_ms=2000 (battery-idle runtime PM (class=idle, allowlist-gated))
- runtime_pm /sys/bus/pci/devices/0000:00:1d.4 control=auto autosuspend_delay_ms=2000 (battery-idle runtime PM (class=idle, allowlist-gated))
- runtime_pm /sys/bus/pci/devices/0000:00:15.0 control=auto autosuspend_delay_ms=2000 (battery-idle runtime PM (class=idle, allowlist-gated))
- runtime_pm /sys/bus/pci/devices/0000:00:1d.0 control=auto autosuspend_delay_ms=2000 (battery-idle runtime PM (class=idle, allowlist-gated))
- runtime_pm /sys/bus/pci/devices/0000:00:1e.3 control=auto autosuspend_delay_ms=2000 (battery-idle runtime PM (class=idle, allowlist-gated))
- runtime_pm /sys/bus/pci/devices/0000:00:14.2 control=auto autosuspend_delay_ms=2000 (battery-idle runtime PM (class=idle, allowlist-gated))
- runtime_pm /sys/bus/pci/devices/0000:00:02.0 control=auto autosuspend_delay_ms=2000 (battery-idle runtime PM (class=idle, allowlist-gated))
- runtime_pm /sys/bus/pci/devices/0000:00:1e.1 control=auto autosuspend_delay_ms=2000 (battery-idle runtime PM (class=idle, allowlist-gated))
- runtime_pm /sys/bus/pci/devices/0000:00:14.0 control=auto autosuspend_delay_ms=2000 (battery-idle runtime PM (class=idle, allowlist-gated))
- runtime_pm /sys/bus/pci/devices/0000:00:1f.4 control=auto autosuspend_delay_ms=2000 (battery-idle runtime PM (class=idle, allowlist-gated))
- runtime_pm /sys/bus/pci/devices/0000:00:0a.0 control=auto autosuspend_delay_ms=2000 (battery-idle runtime PM (class=idle, allowlist-gated))
- runtime_pm /sys/bus/usb/devices/1-14 control=auto autosuspend_delay_ms=2000 (battery-idle runtime PM (class=idle, allowlist-gated))
- runtime_pm /sys/bus/usb/devices/usb1 control=auto autosuspend_delay_ms=2000 (battery-idle runtime PM (class=idle, allowlist-gated))
- runtime_pm /sys/bus/usb/devices/usb2 control=auto autosuspend_delay_ms=2000 (battery-idle runtime PM (class=idle, allowlist-gated))
- runtime_pm /sys/bus/usb/devices/1-6 control=auto autosuspend_delay_ms=2000 (battery-idle runtime PM (class=idle, allowlist-gated))
- pci_aspm /sys/bus/pci/devices/0000:01:00.0 l1_aspm=1 (battery-idle PCIe ASPM (class=idle, allowlist-gated))
- pci_aspm /sys/bus/pci/devices/0000:07:00.0 l1_aspm=1 (battery-idle PCIe ASPM (class=idle, allowlist-gated))
- sata_alpm /sys/class/scsi_host/host7 policy=med_power_with_dipm (battery-idle SATA ALPM (class=idle, allowlist-gated))
- sata_alpm /sys/class/scsi_host/host5 policy=med_power_with_dipm (battery-idle SATA ALPM (class=idle, allowlist-gated))
- sata_alpm /sys/class/scsi_host/host3 policy=med_power_with_dipm (battery-idle SATA ALPM (class=idle, allowlist-gated))
- sata_alpm /sys/class/scsi_host/host1 policy=med_power_with_dipm (battery-idle SATA ALPM (class=idle, allowlist-gated))
- sata_alpm /sys/class/scsi_host/host6 policy=med_power_with_dipm (battery-idle SATA ALPM (class=idle, allowlist-gated))
- sata_alpm /sys/class/scsi_host/host4 policy=med_power_with_dipm (battery-idle SATA ALPM (class=idle, allowlist-gated))
- sata_alpm /sys/class/scsi_host/host2 policy=med_power_with_dipm (battery-idle SATA ALPM (class=idle, allowlist-gated))
- sata_alpm /sys/class/scsi_host/host0 policy=med_power_with_dipm (battery-idle SATA ALPM (class=idle, allowlist-gated))
- backlight /sys/class/backlight/intel_backlight target=40% (battery-idle backlight floor (class=idle, allowlist-gated))
effective_config:
domains.cpu_epp=actuate
domains.platform_profile=actuate
domains.vm_sysctl=actuate
domains.cpu_dma_latency=actuate
domains.device_resume_latency=actuate
domains.runtime_pm=actuate
domains.pci_aspm=actuate
domains.sata_alpm=actuate
domains.backlight=actuate
domains.cgroup_reweight=actuate
correlation_id=optid-000000006a89e4e4-000000000000000b circuit: S5D outcome was neither a verified success nor a counted failure
correlation_id=optid-000000006a89e4e4-000000000000000b circuit: S5D verified success reset scoped pre-threshold failures
correlation_id=optid-000000006a89e4e4-000000000000000b circuit: S5D outcome was neither a verified success nor a counted failure
correlation_id=optid-000000006a89e4e4-000000000000000b circuit: S5D outcome was neither a verified success nor a counted failure
correlation_id=optid-000000006a89e4e4-000000000000000b circuit: S5D outcome was neither a verified success nor a counted failure
correlation_id=optid-000000006a89e4e4-000000000000000b circuit: S5D outcome was neither a verified success nor a counted failure
correlation_id=optid-000000006a89e4e4-000000000000000b circuit: S5D outcome was neither a verified success nor a counted failure
correlation_id=optid-000000006a89e4e4-000000000000000b circuit: S5D outcome was neither a verified success nor a counted failure
correlation_id=optid-000000006a89e4e4-000000000000000b circuit: S5D outcome was neither a verified success nor a counted failure
correlation_id=optid-000000006a89e4e4-000000000000000b circuit: S5D opened journal circuit for domain=runtime_pm operation=enable_runtime_pm target=runtime-pm:19cb90bb352199cf hwid=pci:v00008086d00007A4Csv0000103Csd00008BC2bc0Csc80i00 firmware=firmware:ceb232cd5769e502 after 2 failure(s): persistent transaction or recovery journal gate failed
correlation_id=optid-000000006a89e4e4-000000000000000b circuit: S5D outcome was neither a verified success nor a counted failure
correlation_id=optid-000000006a89e4e4-000000000000000b circuit: S5D outcome was neither a verified success nor a counted failure
correlation_id=optid-000000006a89e4e4-000000000000000b circuit: S5D outcome was neither a verified success nor a counted failure
correlation_id=optid-000000006a89e4e4-000000000000000b circuit: S5D outcome was neither a verified success nor a counted failure
correlation_id=optid-000000006a89e4e4-000000000000000b circuit: S5D outcome was neither a verified success nor a counted failure
correlation_id=optid-000000006a89e4e4-000000000000000b circuit: S5D outcome was neither a verified success nor a counted failure
correlation_id=optid-000000006a89e4e4-000000000000000b circuit: S5D outcome was neither a verified success nor a counted failure
correlation_id=optid-000000006a89e4e4-000000000000000b circuit: S5D outcome was neither a verified success nor a counted failure
correlation_id=optid-000000006a89e4e4-000000000000000b circuit: S5D outcome was neither a verified success nor a counted failure
correlation_id=optid-000000006a89e4e4-000000000000000b circuit: S5D outcome was neither a verified success nor a counted failure
correlation_id=optid-000000006a89e4e4-000000000000000b circuit: S5D outcome was neither a verified success nor a counted failure
correlation_id=optid-000000006a89e4e4-000000000000000b reconciler: shadow_parity=false legacy_restore_intents=1 v1_restore_intents=0 intentional_v1_only=0
correlation_id=optid-000000006a89e4e4-000000000000000b
restore_outcomes=none
circuit_state=global_open=false open_domains=cgroup_reweight,cpu_dma_latency,platform_profile,runtime_pm records=20
timestamp=1787421949
mode=battery
on_ac=Some(false)
battery_pct=Some(94)
thermal_c=Some(37.0)
thermal_state=Cool
thermal_derating_ratio=0.00
thermal_die_sensor=hwmon:coretemp.0:coretemp:Package id 0
thermal_die_temp_c=37.0
thermal_skin_sensor=none
thermal_skin_temp_c=none
thermal_max_fan_rpm=2700
thermal_reasons:
- selected die signal hwmon:coretemp.0:coretemp:Package id 0 (package) at 37.0°C
- that value is a collapse maximum: hwmon:coretemp.0:coretemp:Package id 0 read 35.0°C itself and was raised to 37.0°C              by acpi:x86_pkg_temp
- clamped thermal_hi to 90.0°C based on hardware T_crit 100.0°C - 10°C
- effective thresholds: lo=60.0°C hi=90.0°C
- die temp 37.0°C <= lo threshold 60.0°C; state = cool (sensor=hwmon:coretemp.0:coretemp:Package id 0)
thermal_sensor_count=31
fan_sensor_count=2
loadavg_1=Some(0.85)
cpu_pressure=avg10=0.00 avg60=0.00 avg300=0.00 total=128859786
memory_pressure=avg10=0.00 avg60=0.00 avg300=0.00 total=1028755
io_pressure=avg10=0.46 avg60=0.13 avg300=0.06 total=33400485
workload_class=idle
workload_reason=pinned override (global)
cpu_wakeup_latency=100000
device_resume_latency=1000000
reasons:
- system is on battery
actions:
- cpu.epp=power (prefer battery life through CPU energy preference)
- platform.profile=low-power (request low-power platform profile)
- systemd.set-property background.slice CPUWeight=25 IOWeight=25 (deprioritize background services on battery)
- vm.sysctl /proc/sys/vm/swappiness=60 (adjust swappiness for current mode)
- vm.sysctl /proc/sys/vm/dirty_background_bytes=67108864 (adjust dirty background bytes for current mode)
- vm.sysctl /proc/sys/vm/dirty_bytes=134217728 (adjust dirty bytes for current mode)
- cpu_dma_latency=100000 (class=idle, floor=100000us, row=contracts.idle)
- runtime_pm /sys/bus/pci/devices/0000:00:17.0 control=auto autosuspend_delay_ms=2000 (battery-idle runtime PM (class=idle, allowlist-gated))
- runtime_pm /sys/bus/pci/devices/0000:00:08.0 control=auto autosuspend_delay_ms=2000 (battery-idle runtime PM (class=idle, allowlist-gated))
- runtime_pm /sys/bus/pci/devices/0000:00:1f.0 control=auto autosuspend_delay_ms=2000 (battery-idle runtime PM (class=idle, allowlist-gated))
- runtime_pm /sys/bus/pci/devices/0000:00:04.0 control=auto autosuspend_delay_ms=2000 (battery-idle runtime PM (class=idle, allowlist-gated))
- runtime_pm /sys/bus/pci/devices/0000:00:14.3 control=auto autosuspend_delay_ms=2000 (battery-idle runtime PM (class=idle, allowlist-gated))
- runtime_pm /sys/bus/pci/devices/0000:00:16.0 control=auto autosuspend_delay_ms=2000 (battery-idle runtime PM (class=idle, allowlist-gated))
- runtime_pm /sys/bus/pci/devices/0000:01:00.0 control=auto autosuspend_delay_ms=2000 (battery-idle runtime PM (class=idle, allowlist-gated))
- runtime_pm /sys/bus/pci/devices/0000:00:1b.0 control=auto autosuspend_delay_ms=2000 (battery-idle runtime PM (class=idle, allowlist-gated))
- runtime_pm /sys/bus/pci/devices/0000:00:1f.5 control=auto autosuspend_delay_ms=2000 (battery-idle runtime PM (class=idle, allowlist-gated))
- runtime_pm /sys/bus/pci/devices/0000:07:00.0 control=auto autosuspend_delay_ms=2000 (battery-idle runtime PM (class=idle, allowlist-gated))
- runtime_pm /sys/bus/pci/devices/0000:00:1e.0 control=auto autosuspend_delay_ms=2000 (battery-idle runtime PM (class=idle, allowlist-gated))
- runtime_pm /sys/bus/pci/devices/0000:00:1f.3 control=auto autosuspend_delay_ms=2000 (battery-idle runtime PM (class=idle, allowlist-gated))
- runtime_pm /sys/bus/pci/devices/0000:00:00.0 control=auto autosuspend_delay_ms=2000 (battery-idle runtime PM (class=idle, allowlist-gated))
- runtime_pm /sys/bus/pci/devices/0000:00:1d.4 control=auto autosuspend_delay_ms=2000 (battery-idle runtime PM (class=idle, allowlist-gated))
- runtime_pm /sys/bus/pci/devices/0000:00:15.0 control=auto autosuspend_delay_ms=2000 (battery-idle runtime PM (class=idle, allowlist-gated))
- runtime_pm /sys/bus/pci/devices/0000:00:1d.0 control=auto autosuspend_delay_ms=2000 (battery-idle runtime PM (class=idle, allowlist-gated))
- runtime_pm /sys/bus/pci/devices/0000:00:1e.3 control=auto autosuspend_delay_ms=2000 (battery-idle runtime PM (class=idle, allowlist-gated))
- runtime_pm /sys/bus/pci/devices/0000:00:14.2 control=auto autosuspend_delay_ms=2000 (battery-idle runtime PM (class=idle, allowlist-gated))
- runtime_pm /sys/bus/pci/devices/0000:00:02.0 control=auto autosuspend_delay_ms=2000 (battery-idle runtime PM (class=idle, allowlist-gated))
- runtime_pm /sys/bus/pci/devices/0000:00:1e.1 control=auto autosuspend_delay_ms=2000 (battery-idle runtime PM (class=idle, allowlist-gated))
- runtime_pm /sys/bus/pci/devices/0000:00:14.0 control=auto autosuspend_delay_ms=2000 (battery-idle runtime PM (class=idle, allowlist-gated))
- runtime_pm /sys/bus/pci/devices/0000:00:1f.4 control=auto autosuspend_delay_ms=2000 (battery-idle runtime PM (class=idle, allowlist-gated))
- runtime_pm /sys/bus/pci/devices/0000:00:0a.0 control=auto autosuspend_delay_ms=2000 (battery-idle runtime PM (class=idle, allowlist-gated))
- runtime_pm /sys/bus/usb/devices/1-14 control=auto autosuspend_delay_ms=2000 (battery-idle runtime PM (class=idle, allowlist-gated))
- runtime_pm /sys/bus/usb/devices/usb1 control=auto autosuspend_delay_ms=2000 (battery-idle runtime PM (class=idle, allowlist-gated))
- runtime_pm /sys/bus/usb/devices/usb2 control=auto autosuspend_delay_ms=2000 (battery-idle runtime PM (class=idle, allowlist-gated))
- runtime_pm /sys/bus/usb/devices/1-6 control=auto autosuspend_delay_ms=2000 (battery-idle runtime PM (class=idle, allowlist-gated))
- pci_aspm /sys/bus/pci/devices/0000:01:00.0 l1_aspm=1 (battery-idle PCIe ASPM (class=idle, allowlist-gated))
- pci_aspm /sys/bus/pci/devices/0000:07:00.0 l1_aspm=1 (battery-idle PCIe ASPM (class=idle, allowlist-gated))
- sata_alpm /sys/class/scsi_host/host7 policy=med_power_with_dipm (battery-idle SATA ALPM (class=idle, allowlist-gated))
- sata_alpm /sys/class/scsi_host/host5 policy=med_power_with_dipm (battery-idle SATA ALPM (class=idle, allowlist-gated))
- sata_alpm /sys/class/scsi_host/host3 policy=med_power_with_dipm (battery-idle SATA ALPM (class=idle, allowlist-gated))
- sata_alpm /sys/class/scsi_host/host1 policy=med_power_with_dipm (battery-idle SATA ALPM (class=idle, allowlist-gated))
- sata_alpm /sys/class/scsi_host/host6 policy=med_power_with_dipm (battery-idle SATA ALPM (class=idle, allowlist-gated))
- sata_alpm /sys/class/scsi_host/host4 policy=med_power_with_dipm (battery-idle SATA ALPM (class=idle, allowlist-gated))
- sata_alpm /sys/class/scsi_host/host2 policy=med_power_with_dipm (battery-idle SATA ALPM (class=idle, allowlist-gated))
- sata_alpm /sys/class/scsi_host/host0 policy=med_power_with_dipm (battery-idle SATA ALPM (class=idle, allowlist-gated))
- backlight /sys/class/backlight/intel_backlight target=40% (battery-idle backlight floor (class=idle, allowlist-gated))
effective_config:
domains.cpu_epp=actuate
domains.platform_profile=actuate
domains.vm_sysctl=actuate
domains.cpu_dma_latency=actuate
domains.device_resume_latency=actuate
domains.runtime_pm=actuate
domains.pci_aspm=actuate
domains.sata_alpm=actuate
domains.backlight=actuate
domains.cgroup_reweight=actuate
correlation_id=optid-000000006a89e4e4-000000000000000c circuit: S5D outcome was neither a verified success nor a counted failure
correlation_id=optid-000000006a89e4e4-000000000000000c circuit: S5D verified success reset scoped pre-threshold failures
correlation_id=optid-000000006a89e4e4-000000000000000c circuit: S5D outcome was neither a verified success nor a counted failure
correlation_id=optid-000000006a89e4e4-000000000000000c circuit: S5D outcome was neither a verified success nor a counted failure
correlation_id=optid-000000006a89e4e4-000000000000000c circuit: S5D outcome was neither a verified success nor a counted failure
correlation_id=optid-000000006a89e4e4-000000000000000c circuit: S5D outcome was neither a verified success nor a counted failure
correlation_id=optid-000000006a89e4e4-000000000000000c circuit: S5D outcome was neither a verified success nor a counted failure
correlation_id=optid-000000006a89e4e4-000000000000000c circuit: S5D outcome was neither a verified success nor a counted failure
correlation_id=optid-000000006a89e4e4-000000000000000c circuit: S5D outcome was neither a verified success nor a counted failure
correlation_id=optid-000000006a89e4e4-000000000000000c circuit: S5D outcome was neither a verified success nor a counted failure
correlation_id=optid-000000006a89e4e4-000000000000000c circuit: S5D opened journal circuit for domain=runtime_pm operation=enable_runtime_pm target=runtime-pm:320ccbb5833357f6 hwid=pci:v00008086d00007A2Bsv0000103Csd00008BC2bc0Csc80i00 firmware=firmware:ceb232cd5769e502 after 2 failure(s): persistent transaction or recovery journal gate failed
correlation_id=optid-000000006a89e4e4-000000000000000c circuit: S5D outcome was neither a verified success nor a counted failure
correlation_id=optid-000000006a89e4e4-000000000000000c circuit: S5D outcome was neither a verified success nor a counted failure
correlation_id=optid-000000006a89e4e4-000000000000000c circuit: S5D outcome was neither a verified success nor a counted failure
correlation_id=optid-000000006a89e4e4-000000000000000c circuit: S5D outcome was neither a verified success nor a counted failure
correlation_id=optid-000000006a89e4e4-000000000000000c circuit: S5D outcome was neither a verified success nor a counted failure
correlation_id=optid-000000006a89e4e4-000000000000000c circuit: S5D outcome was neither a verified success nor a counted failure
correlation_id=optid-000000006a89e4e4-000000000000000c circuit: S5D outcome was neither a verified success nor a counted failure
correlation_id=optid-000000006a89e4e4-000000000000000c circuit: S5D outcome was neither a verified success nor a counted failure
correlation_id=optid-000000006a89e4e4-000000000000000c circuit: S5D outcome was neither a verified success nor a counted failure
correlation_id=optid-000000006a89e4e4-000000000000000c circuit: S5D outcome was neither a verified success nor a counted failure
correlation_id=optid-000000006a89e4e4-000000000000000c circuit: S5D outcome was neither a verified success nor a counted failure
correlation_id=optid-000000006a89e4e4-000000000000000c reconciler: shadow_parity=false legacy_restore_intents=1 v1_restore_intents=0 intentional_v1_only=0
correlation_id=optid-000000006a89e4e4-000000000000000c
restore_outcomes=none
circuit_state=global_open=false open_domains=cgroup_reweight,cpu_dma_latency,platform_profile,runtime_pm records=20
timestamp=1787421952
mode=battery
on_ac=Some(false)
battery_pct=Some(94)
thermal_c=Some(38.0)
thermal_state=Cool
thermal_derating_ratio=0.00
thermal_die_sensor=hwmon:coretemp.0:coretemp:Package id 0
thermal_die_temp_c=38.0
thermal_skin_sensor=none
thermal_skin_temp_c=none
thermal_max_fan_rpm=2700
thermal_reasons:
- selected die signal hwmon:coretemp.0:coretemp:Package id 0 (package) at 38.0°C
- clamped thermal_hi to 90.0°C based on hardware T_crit 100.0°C - 10°C
- effective thresholds: lo=60.0°C hi=90.0°C
- die temp 38.0°C <= lo threshold 60.0°C; state = cool (sensor=hwmon:coretemp.0:coretemp:Package id 0)
thermal_sensor_count=31
fan_sensor_count=2
loadavg_1=Some(0.78)
cpu_pressure=avg10=0.00 avg60=0.00 avg300=0.00 total=128866753
memory_pressure=avg10=0.00 avg60=0.00 avg300=0.00 total=1028755
io_pressure=avg10=0.38 avg60=0.12 avg300=0.06 total=33413123
workload_class=idle
workload_reason=pinned override (global)
cpu_wakeup_latency=100000
device_resume_latency=1000000
reasons:
- system is on battery
actions:
- cpu.epp=power (prefer battery life through CPU energy preference)
- platform.profile=low-power (request low-power platform profile)
- systemd.set-property background.slice CPUWeight=25 IOWeight=25 (deprioritize background services on battery)
- vm.sysctl /proc/sys/vm/swappiness=60 (adjust swappiness for current mode)
- vm.sysctl /proc/sys/vm/dirty_background_bytes=67108864 (adjust dirty background bytes for current mode)
- vm.sysctl /proc/sys/vm/dirty_bytes=134217728 (adjust dirty bytes for current mode)
- cpu_dma_latency=100000 (class=idle, floor=100000us, row=contracts.idle)
- runtime_pm /sys/bus/pci/devices/0000:00:17.0 control=auto autosuspend_delay_ms=2000 (battery-idle runtime PM (class=idle, allowlist-gated))
- runtime_pm /sys/bus/pci/devices/0000:00:08.0 control=auto autosuspend_delay_ms=2000 (battery-idle runtime PM (class=idle, allowlist-gated))
- runtime_pm /sys/bus/pci/devices/0000:00:1f.0 control=auto autosuspend_delay_ms=2000 (battery-idle runtime PM (class=idle, allowlist-gated))
- runtime_pm /sys/bus/pci/devices/0000:00:04.0 control=auto autosuspend_delay_ms=2000 (battery-idle runtime PM (class=idle, allowlist-gated))
- runtime_pm /sys/bus/pci/devices/0000:00:14.3 control=auto autosuspend_delay_ms=2000 (battery-idle runtime PM (class=idle, allowlist-gated))
- runtime_pm /sys/bus/pci/devices/0000:00:16.0 control=auto autosuspend_delay_ms=2000 (battery-idle runtime PM (class=idle, allowlist-gated))
- runtime_pm /sys/bus/pci/devices/0000:01:00.0 control=auto autosuspend_delay_ms=2000 (battery-idle runtime PM (class=idle, allowlist-gated))
- runtime_pm /sys/bus/pci/devices/0000:00:1b.0 control=auto autosuspend_delay_ms=2000 (battery-idle runtime PM (class=idle, allowlist-gated))
- runtime_pm /sys/bus/pci/devices/0000:00:1f.5 control=auto autosuspend_delay_ms=2000 (battery-idle runtime PM (class=idle, allowlist-gated))
- runtime_pm /sys/bus/pci/devices/0000:07:00.0 control=auto autosuspend_delay_ms=2000 (battery-idle runtime PM (class=idle, allowlist-gated))
- runtime_pm /sys/bus/pci/devices/0000:00:1e.0 control=auto autosuspend_delay_ms=2000 (battery-idle runtime PM (class=idle, allowlist-gated))
- runtime_pm /sys/bus/pci/devices/0000:00:1f.3 control=auto autosuspend_delay_ms=2000 (battery-idle runtime PM (class=idle, allowlist-gated))
- runtime_pm /sys/bus/pci/devices/0000:00:00.0 control=auto autosuspend_delay_ms=2000 (battery-idle runtime PM (class=idle, allowlist-gated))
- runtime_pm /sys/bus/pci/devices/0000:00:1d.4 control=auto autosuspend_delay_ms=2000 (battery-idle runtime PM (class=idle, allowlist-gated))
- runtime_pm /sys/bus/pci/devices/0000:00:15.0 control=auto autosuspend_delay_ms=2000 (battery-idle runtime PM (class=idle, allowlist-gated))
- runtime_pm /sys/bus/pci/devices/0000:00:1d.0 control=auto autosuspend_delay_ms=2000 (battery-idle runtime PM (class=idle, allowlist-gated))
- runtime_pm /sys/bus/pci/devices/0000:00:1e.3 control=auto autosuspend_delay_ms=2000 (battery-idle runtime PM (class=idle, allowlist-gated))
- runtime_pm /sys/bus/pci/devices/0000:00:14.2 control=auto autosuspend_delay_ms=2000 (battery-idle runtime PM (class=idle, allowlist-gated))
- runtime_pm /sys/bus/pci/devices/0000:00:02.0 control=auto autosuspend_delay_ms=2000 (battery-idle runtime PM (class=idle, allowlist-gated))
- runtime_pm /sys/bus/pci/devices/0000:00:1e.1 control=auto autosuspend_delay_ms=2000 (battery-idle runtime PM (class=idle, allowlist-gated))
- runtime_pm /sys/bus/pci/devices/0000:00:14.0 control=auto autosuspend_delay_ms=2000 (battery-idle runtime PM (class=idle, allowlist-gated))
- runtime_pm /sys/bus/pci/devices/0000:00:1f.4 control=auto autosuspend_delay_ms=2000 (battery-idle runtime PM (class=idle, allowlist-gated))
- runtime_pm /sys/bus/pci/devices/0000:00:0a.0 control=auto autosuspend_delay_ms=2000 (battery-idle runtime PM (class=idle, allowlist-gated))
- runtime_pm /sys/bus/usb/devices/1-14 control=auto autosuspend_delay_ms=2000 (battery-idle runtime PM (class=idle, allowlist-gated))
- runtime_pm /sys/bus/usb/devices/usb1 control=auto autosuspend_delay_ms=2000 (battery-idle runtime PM (class=idle, allowlist-gated))
- runtime_pm /sys/bus/usb/devices/usb2 control=auto autosuspend_delay_ms=2000 (battery-idle runtime PM (class=idle, allowlist-gated))
- runtime_pm /sys/bus/usb/devices/1-6 control=auto autosuspend_delay_ms=2000 (battery-idle runtime PM (class=idle, allowlist-gated))
- pci_aspm /sys/bus/pci/devices/0000:01:00.0 l1_aspm=1 (battery-idle PCIe ASPM (class=idle, allowlist-gated))
- pci_aspm /sys/bus/pci/devices/0000:07:00.0 l1_aspm=1 (battery-idle PCIe ASPM (class=idle, allowlist-gated))
- sata_alpm /sys/class/scsi_host/host7 policy=med_power_with_dipm (battery-idle SATA ALPM (class=idle, allowlist-gated))
- sata_alpm /sys/class/scsi_host/host5 policy=med_power_with_dipm (battery-idle SATA ALPM (class=idle, allowlist-gated))
- sata_alpm /sys/class/scsi_host/host3 policy=med_power_with_dipm (battery-idle SATA ALPM (class=idle, allowlist-gated))
- sata_alpm /sys/class/scsi_host/host1 policy=med_power_with_dipm (battery-idle SATA ALPM (class=idle, allowlist-gated))
- sata_alpm /sys/class/scsi_host/host6 policy=med_power_with_dipm (battery-idle SATA ALPM (class=idle, allowlist-gated))
- sata_alpm /sys/class/scsi_host/host4 policy=med_power_with_dipm (battery-idle SATA ALPM (class=idle, allowlist-gated))
- sata_alpm /sys/class/scsi_host/host2 policy=med_power_with_dipm (battery-idle SATA ALPM (class=idle, allowlist-gated))
- sata_alpm /sys/class/scsi_host/host0 policy=med_power_with_dipm (battery-idle SATA ALPM (class=idle, allowlist-gated))
- backlight /sys/class/backlight/intel_backlight target=40% (battery-idle backlight floor (class=idle, allowlist-gated))
effective_config:
domains.cpu_epp=actuate
domains.platform_profile=actuate
domains.vm_sysctl=actuate
domains.cpu_dma_latency=actuate
domains.device_resume_latency=actuate
domains.runtime_pm=actuate
domains.pci_aspm=actuate
domains.sata_alpm=actuate
domains.backlight=actuate
domains.cgroup_reweight=actuate
correlation_id=optid-000000006a89e4e4-000000000000000d circuit: S5D outcome was neither a verified success nor a counted failure
correlation_id=optid-000000006a89e4e4-000000000000000d circuit: S5D verified success reset scoped pre-threshold failures
correlation_id=optid-000000006a89e4e4-000000000000000d circuit: S5D outcome was neither a verified success nor a counted failure
correlation_id=optid-000000006a89e4e4-000000000000000d circuit: S5D outcome was neither a verified success nor a counted failure
correlation_id=optid-000000006a89e4e4-000000000000000d circuit: S5D outcome was neither a verified success nor a counted failure
correlation_id=optid-000000006a89e4e4-000000000000000d circuit: S5D outcome was neither a verified success nor a counted failure
correlation_id=optid-000000006a89e4e4-000000000000000d circuit: S5D outcome was neither a verified success nor a counted failure
correlation_id=optid-000000006a89e4e4-000000000000000d circuit: S5D outcome was neither a verified success nor a counted failure
correlation_id=optid-000000006a89e4e4-000000000000000d circuit: S5D outcome was neither a verified success nor a counted failure
correlation_id=optid-000000006a89e4e4-000000000000000d circuit: S5D outcome was neither a verified success nor a counted failure
correlation_id=optid-000000006a89e4e4-000000000000000d circuit: S5D opened journal circuit for domain=runtime_pm operation=enable_runtime_pm target=runtime-pm:7a7d927c365c7075 hwid=pci:v00008086d00007A27sv0000103Csd00008BC2bc05sc00i00 firmware=firmware:ceb232cd5769e502 after 2 failure(s): persistent transaction or recovery journal gate failed
correlation_id=optid-000000006a89e4e4-000000000000000d circuit: S5D outcome was neither a verified success nor a counted failure
correlation_id=optid-000000006a89e4e4-000000000000000d circuit: S5D outcome was neither a verified success nor a counted failure
correlation_id=optid-000000006a89e4e4-000000000000000d circuit: S5D outcome was neither a verified success nor a counted failure
correlation_id=optid-000000006a89e4e4-000000000000000d circuit: S5D outcome was neither a verified success nor a counted failure
correlation_id=optid-000000006a89e4e4-000000000000000d circuit: S5D outcome was neither a verified success nor a counted failure
correlation_id=optid-000000006a89e4e4-000000000000000d circuit: S5D outcome was neither a verified success nor a counted failure
correlation_id=optid-000000006a89e4e4-000000000000000d circuit: S5D outcome was neither a verified success nor a counted failure
correlation_id=optid-000000006a89e4e4-000000000000000d circuit: S5D outcome was neither a verified success nor a counted failure
correlation_id=optid-000000006a89e4e4-000000000000000d circuit: S5D outcome was neither a verified success nor a counted failure
correlation_id=optid-000000006a89e4e4-000000000000000d circuit: S5D outcome was neither a verified success nor a counted failure
correlation_id=optid-000000006a89e4e4-000000000000000d circuit: S5D outcome was neither a verified success nor a counted failure
correlation_id=optid-000000006a89e4e4-000000000000000d reconciler: shadow_parity=false legacy_restore_intents=1 v1_restore_intents=0 intentional_v1_only=0
correlation_id=optid-000000006a89e4e4-000000000000000d
restore_outcomes=none
circuit_state=global_open=false open_domains=cgroup_reweight,cpu_dma_latency,platform_profile,runtime_pm records=20
timestamp=1787421954
mode=battery
on_ac=Some(false)
battery_pct=Some(94)
thermal_c=Some(37.0)
thermal_state=Cool
thermal_derating_ratio=0.00
thermal_die_sensor=hwmon:coretemp.0:coretemp:Package id 0
thermal_die_temp_c=37.0
thermal_skin_sensor=none
thermal_skin_temp_c=none
thermal_max_fan_rpm=2700
thermal_reasons:
- selected die signal hwmon:coretemp.0:coretemp:Package id 0 (package) at 37.0°C
- clamped thermal_hi to 90.0°C based on hardware T_crit 100.0°C - 10°C
- effective thresholds: lo=60.0°C hi=90.0°C
- die temp 37.0°C <= lo threshold 60.0°C; state = cool (sensor=hwmon:coretemp.0:coretemp:Package id 0)
thermal_sensor_count=31
fan_sensor_count=2
loadavg_1=Some(0.78)
cpu_pressure=avg10=0.00 avg60=0.00 avg300=0.00 total=128873312
memory_pressure=avg10=0.00 avg60=0.00 avg300=0.00 total=1028755
io_pressure=avg10=0.49 avg60=0.15 avg300=0.06 total=33434077
workload_class=idle
workload_reason=pinned override (global)
cpu_wakeup_latency=100000
device_resume_latency=1000000
reasons:
- system is on battery
actions:
- cpu.epp=power (prefer battery life through CPU energy preference)
- platform.profile=low-power (request low-power platform profile)
- systemd.set-property background.slice CPUWeight=25 IOWeight=25 (deprioritize background services on battery)
- vm.sysctl /proc/sys/vm/swappiness=60 (adjust swappiness for current mode)
- vm.sysctl /proc/sys/vm/dirty_background_bytes=67108864 (adjust dirty background bytes for current mode)
- vm.sysctl /proc/sys/vm/dirty_bytes=134217728 (adjust dirty bytes for current mode)
- cpu_dma_latency=100000 (class=idle, floor=100000us, row=contracts.idle)
- runtime_pm /sys/bus/pci/devices/0000:00:17.0 control=auto autosuspend_delay_ms=2000 (battery-idle runtime PM (class=idle, allowlist-gated))
- runtime_pm /sys/bus/pci/devices/0000:00:08.0 control=auto autosuspend_delay_ms=2000 (battery-idle runtime PM (class=idle, allowlist-gated))
- runtime_pm /sys/bus/pci/devices/0000:00:1f.0 control=auto autosuspend_delay_ms=2000 (battery-idle runtime PM (class=idle, allowlist-gated))
- runtime_pm /sys/bus/pci/devices/0000:00:04.0 control=auto autosuspend_delay_ms=2000 (battery-idle runtime PM (class=idle, allowlist-gated))
- runtime_pm /sys/bus/pci/devices/0000:00:14.3 control=auto autosuspend_delay_ms=2000 (battery-idle runtime PM (class=idle, allowlist-gated))
- runtime_pm /sys/bus/pci/devices/0000:00:16.0 control=auto autosuspend_delay_ms=2000 (battery-idle runtime PM (class=idle, allowlist-gated))
- runtime_pm /sys/bus/pci/devices/0000:01:00.0 control=auto autosuspend_delay_ms=2000 (battery-idle runtime PM (class=idle, allowlist-gated))
- runtime_pm /sys/bus/pci/devices/0000:00:1b.0 control=auto autosuspend_delay_ms=2000 (battery-idle runtime PM (class=idle, allowlist-gated))
- runtime_pm /sys/bus/pci/devices/0000:00:1f.5 control=auto autosuspend_delay_ms=2000 (battery-idle runtime PM (class=idle, allowlist-gated))
- runtime_pm /sys/bus/pci/devices/0000:07:00.0 control=auto autosuspend_delay_ms=2000 (battery-idle runtime PM (class=idle, allowlist-gated))
- runtime_pm /sys/bus/pci/devices/0000:00:1e.0 control=auto autosuspend_delay_ms=2000 (battery-idle runtime PM (class=idle, allowlist-gated))
- runtime_pm /sys/bus/pci/devices/0000:00:1f.3 control=auto autosuspend_delay_ms=2000 (battery-idle runtime PM (class=idle, allowlist-gated))
- runtime_pm /sys/bus/pci/devices/0000:00:00.0 control=auto autosuspend_delay_ms=2000 (battery-idle runtime PM (class=idle, allowlist-gated))
- runtime_pm /sys/bus/pci/devices/0000:00:1d.4 control=auto autosuspend_delay_ms=2000 (battery-idle runtime PM (class=idle, allowlist-gated))
- runtime_pm /sys/bus/pci/devices/0000:00:15.0 control=auto autosuspend_delay_ms=2000 (battery-idle runtime PM (class=idle, allowlist-gated))
- runtime_pm /sys/bus/pci/devices/0000:00:1d.0 control=auto autosuspend_delay_ms=2000 (battery-idle runtime PM (class=idle, allowlist-gated))
- runtime_pm /sys/bus/pci/devices/0000:00:1e.3 control=auto autosuspend_delay_ms=2000 (battery-idle runtime PM (class=idle, allowlist-gated))
- runtime_pm /sys/bus/pci/devices/0000:00:14.2 control=auto autosuspend_delay_ms=2000 (battery-idle runtime PM (class=idle, allowlist-gated))
- runtime_pm /sys/bus/pci/devices/0000:00:02.0 control=auto autosuspend_delay_ms=2000 (battery-idle runtime PM (class=idle, allowlist-gated))
- runtime_pm /sys/bus/pci/devices/0000:00:1e.1 control=auto autosuspend_delay_ms=2000 (battery-idle runtime PM (class=idle, allowlist-gated))
- runtime_pm /sys/bus/pci/devices/0000:00:14.0 control=auto autosuspend_delay_ms=2000 (battery-idle runtime PM (class=idle, allowlist-gated))
- runtime_pm /sys/bus/pci/devices/0000:00:1f.4 control=auto autosuspend_delay_ms=2000 (battery-idle runtime PM (class=idle, allowlist-gated))
- runtime_pm /sys/bus/pci/devices/0000:00:0a.0 control=auto autosuspend_delay_ms=2000 (battery-idle runtime PM (class=idle, allowlist-gated))
- runtime_pm /sys/bus/usb/devices/1-14 control=auto autosuspend_delay_ms=2000 (battery-idle runtime PM (class=idle, allowlist-gated))
- runtime_pm /sys/bus/usb/devices/usb1 control=auto autosuspend_delay_ms=2000 (battery-idle runtime PM (class=idle, allowlist-gated))
- runtime_pm /sys/bus/usb/devices/usb2 control=auto autosuspend_delay_ms=2000 (battery-idle runtime PM (class=idle, allowlist-gated))
- runtime_pm /sys/bus/usb/devices/1-6 control=auto autosuspend_delay_ms=2000 (battery-idle runtime PM (class=idle, allowlist-gated))
- pci_aspm /sys/bus/pci/devices/0000:01:00.0 l1_aspm=1 (battery-idle PCIe ASPM (class=idle, allowlist-gated))
- pci_aspm /sys/bus/pci/devices/0000:07:00.0 l1_aspm=1 (battery-idle PCIe ASPM (class=idle, allowlist-gated))
- sata_alpm /sys/class/scsi_host/host7 policy=med_power_with_dipm (battery-idle SATA ALPM (class=idle, allowlist-gated))
- sata_alpm /sys/class/scsi_host/host5 policy=med_power_with_dipm (battery-idle SATA ALPM (class=idle, allowlist-gated))
- sata_alpm /sys/class/scsi_host/host3 policy=med_power_with_dipm (battery-idle SATA ALPM (class=idle, allowlist-gated))
- sata_alpm /sys/class/scsi_host/host1 policy=med_power_with_dipm (battery-idle SATA ALPM (class=idle, allowlist-gated))
- sata_alpm /sys/class/scsi_host/host6 policy=med_power_with_dipm (battery-idle SATA ALPM (class=idle, allowlist-gated))
- sata_alpm /sys/class/scsi_host/host4 policy=med_power_with_dipm (battery-idle SATA ALPM (class=idle, allowlist-gated))
- sata_alpm /sys/class/scsi_host/host2 policy=med_power_with_dipm (battery-idle SATA ALPM (class=idle, allowlist-gated))
- sata_alpm /sys/class/scsi_host/host0 policy=med_power_with_dipm (battery-idle SATA ALPM (class=idle, allowlist-gated))
- backlight /sys/class/backlight/intel_backlight target=40% (battery-idle backlight floor (class=idle, allowlist-gated))
effective_config:
domains.cpu_epp=actuate
domains.platform_profile=actuate
domains.vm_sysctl=actuate
domains.cpu_dma_latency=actuate
domains.device_resume_latency=actuate
domains.runtime_pm=actuate
domains.pci_aspm=actuate
domains.sata_alpm=actuate
domains.backlight=actuate
domains.cgroup_reweight=actuate
correlation_id=optid-000000006a89e4e4-000000000000000e circuit: S5D outcome was neither a verified success nor a counted failure
correlation_id=optid-000000006a89e4e4-000000000000000e circuit: S5D verified success reset scoped pre-threshold failures
correlation_id=optid-000000006a89e4e4-000000000000000e circuit: S5D outcome was neither a verified success nor a counted failure
correlation_id=optid-000000006a89e4e4-000000000000000e circuit: S5D outcome was neither a verified success nor a counted failure
correlation_id=optid-000000006a89e4e4-000000000000000e circuit: S5D outcome was neither a verified success nor a counted failure
correlation_id=optid-000000006a89e4e4-000000000000000e circuit: S5D outcome was neither a verified success nor a counted failure
correlation_id=optid-000000006a89e4e4-000000000000000e circuit: S5D outcome was neither a verified success nor a counted failure
correlation_id=optid-000000006a89e4e4-000000000000000e circuit: S5D outcome was neither a verified success nor a counted failure
correlation_id=optid-000000006a89e4e4-000000000000000e circuit: S5D outcome was neither a verified success nor a counted failure
correlation_id=optid-000000006a89e4e4-000000000000000e circuit: S5D outcome was neither a verified success nor a counted failure
correlation_id=optid-000000006a89e4e4-000000000000000e circuit: S5D outcome was neither a verified success nor a counted failure
correlation_id=optid-000000006a89e4e4-000000000000000e circuit: S5D opened journal circuit for domain=runtime_pm operation=enable_runtime_pm target=runtime-pm:b93f8f86bc42ed23 hwid=pci:v00008086d00007A29sv0000103Csd00008BC2bc07sc80i00 firmware=firmware:ceb232cd5769e502 after 2 failure(s): persistent transaction or recovery journal gate failed
correlation_id=optid-000000006a89e4e4-000000000000000e circuit: S5D outcome was neither a verified success nor a counted failure
correlation_id=optid-000000006a89e4e4-000000000000000e circuit: S5D outcome was neither a verified success nor a counted failure
correlation_id=optid-000000006a89e4e4-000000000000000e circuit: S5D outcome was neither a verified success nor a counted failure
correlation_id=optid-000000006a89e4e4-000000000000000e circuit: S5D outcome was neither a verified success nor a counted failure
correlation_id=optid-000000006a89e4e4-000000000000000e circuit: S5D outcome was neither a verified success nor a counted failure
correlation_id=optid-000000006a89e4e4-000000000000000e circuit: S5D outcome was neither a verified success nor a counted failure
correlation_id=optid-000000006a89e4e4-000000000000000e circuit: S5D outcome was neither a verified success nor a counted failure
correlation_id=optid-000000006a89e4e4-000000000000000e circuit: S5D outcome was neither a verified success nor a counted failure
correlation_id=optid-000000006a89e4e4-000000000000000e circuit: S5D outcome was neither a verified success nor a counted failure
correlation_id=optid-000000006a89e4e4-000000000000000e circuit: S5D outcome was neither a verified success nor a counted failure
correlation_id=optid-000000006a89e4e4-000000000000000e circuit: S5D outcome was neither a verified success nor a counted failure
correlation_id=optid-000000006a89e4e4-000000000000000e reconciler: shadow_parity=false legacy_restore_intents=1 v1_restore_intents=0 intentional_v1_only=0
correlation_id=optid-000000006a89e4e4-000000000000000e
restore_outcomes=none
circuit_state=global_open=false open_domains=cgroup_reweight,cpu_dma_latency,platform_profile,runtime_pm records=20
timestamp=1787421956
mode=battery
on_ac=Some(false)
battery_pct=Some(94)
thermal_c=Some(36.0)
thermal_state=Cool
thermal_derating_ratio=0.00
thermal_die_sensor=hwmon:coretemp.0:coretemp:Package id 0
thermal_die_temp_c=36.0
thermal_skin_sensor=none
thermal_skin_temp_c=none
thermal_max_fan_rpm=2700
thermal_reasons:
- selected die signal hwmon:coretemp.0:coretemp:Package id 0 (package) at 36.0°C
- clamped thermal_hi to 90.0°C based on hardware T_crit 100.0°C - 10°C
- effective thresholds: lo=60.0°C hi=90.0°C
- die temp 36.0°C <= lo threshold 60.0°C; state = cool (sensor=hwmon:coretemp.0:coretemp:Package id 0)
thermal_sensor_count=31
fan_sensor_count=2
loadavg_1=Some(0.78)
cpu_pressure=avg10=0.00 avg60=0.00 avg300=0.00 total=128883369
memory_pressure=avg10=0.00 avg60=0.00 avg300=0.00 total=1028755
io_pressure=avg10=0.40 avg60=0.15 avg300=0.06 total=33447465
workload_class=idle
workload_reason=pinned override (global)
cpu_wakeup_latency=100000
device_resume_latency=1000000
reasons:
- system is on battery
actions:
- cpu.epp=power (prefer battery life through CPU energy preference)
- platform.profile=low-power (request low-power platform profile)
- systemd.set-property background.slice CPUWeight=25 IOWeight=25 (deprioritize background services on battery)
- vm.sysctl /proc/sys/vm/swappiness=60 (adjust swappiness for current mode)
- vm.sysctl /proc/sys/vm/dirty_background_bytes=67108864 (adjust dirty background bytes for current mode)
- vm.sysctl /proc/sys/vm/dirty_bytes=134217728 (adjust dirty bytes for current mode)
- cpu_dma_latency=100000 (class=idle, floor=100000us, row=contracts.idle)
- runtime_pm /sys/bus/pci/devices/0000:00:17.0 control=auto autosuspend_delay_ms=2000 (battery-idle runtime PM (class=idle, allowlist-gated))
- runtime_pm /sys/bus/pci/devices/0000:00:08.0 control=auto autosuspend_delay_ms=2000 (battery-idle runtime PM (class=idle, allowlist-gated))
- runtime_pm /sys/bus/pci/devices/0000:00:1f.0 control=auto autosuspend_delay_ms=2000 (battery-idle runtime PM (class=idle, allowlist-gated))
- runtime_pm /sys/bus/pci/devices/0000:00:04.0 control=auto autosuspend_delay_ms=2000 (battery-idle runtime PM (class=idle, allowlist-gated))
- runtime_pm /sys/bus/pci/devices/0000:00:14.3 control=auto autosuspend_delay_ms=2000 (battery-idle runtime PM (class=idle, allowlist-gated))
- runtime_pm /sys/bus/pci/devices/0000:00:16.0 control=auto autosuspend_delay_ms=2000 (battery-idle runtime PM (class=idle, allowlist-gated))
- runtime_pm /sys/bus/pci/devices/0000:01:00.0 control=auto autosuspend_delay_ms=2000 (battery-idle runtime PM (class=idle, allowlist-gated))
- runtime_pm /sys/bus/pci/devices/0000:00:1b.0 control=auto autosuspend_delay_ms=2000 (battery-idle runtime PM (class=idle, allowlist-gated))
- runtime_pm /sys/bus/pci/devices/0000:00:1f.5 control=auto autosuspend_delay_ms=2000 (battery-idle runtime PM (class=idle, allowlist-gated))
- runtime_pm /sys/bus/pci/devices/0000:07:00.0 control=auto autosuspend_delay_ms=2000 (battery-idle runtime PM (class=idle, allowlist-gated))
- runtime_pm /sys/bus/pci/devices/0000:00:1e.0 control=auto autosuspend_delay_ms=2000 (battery-idle runtime PM (class=idle, allowlist-gated))
- runtime_pm /sys/bus/pci/devices/0000:00:1f.3 control=auto autosuspend_delay_ms=2000 (battery-idle runtime PM (class=idle, allowlist-gated))
- runtime_pm /sys/bus/pci/devices/0000:00:00.0 control=auto autosuspend_delay_ms=2000 (battery-idle runtime PM (class=idle, allowlist-gated))
- runtime_pm /sys/bus/pci/devices/0000:00:1d.4 control=auto autosuspend_delay_ms=2000 (battery-idle runtime PM (class=idle, allowlist-gated))
- runtime_pm /sys/bus/pci/devices/0000:00:15.0 control=auto autosuspend_delay_ms=2000 (battery-idle runtime PM (class=idle, allowlist-gated))
- runtime_pm /sys/bus/pci/devices/0000:00:1d.0 control=auto autosuspend_delay_ms=2000 (battery-idle runtime PM (class=idle, allowlist-gated))
- runtime_pm /sys/bus/pci/devices/0000:00:1e.3 control=auto autosuspend_delay_ms=2000 (battery-idle runtime PM (class=idle, allowlist-gated))
- runtime_pm /sys/bus/pci/devices/0000:00:14.2 control=auto autosuspend_delay_ms=2000 (battery-idle runtime PM (class=idle, allowlist-gated))
- runtime_pm /sys/bus/pci/devices/0000:00:02.0 control=auto autosuspend_delay_ms=2000 (battery-idle runtime PM (class=idle, allowlist-gated))
- runtime_pm /sys/bus/pci/devices/0000:00:1e.1 control=auto autosuspend_delay_ms=2000 (battery-idle runtime PM (class=idle, allowlist-gated))
- runtime_pm /sys/bus/pci/devices/0000:00:14.0 control=auto autosuspend_delay_ms=2000 (battery-idle runtime PM (class=idle, allowlist-gated))
- runtime_pm /sys/bus/pci/devices/0000:00:1f.4 control=auto autosuspend_delay_ms=2000 (battery-idle runtime PM (class=idle, allowlist-gated))
- runtime_pm /sys/bus/pci/devices/0000:00:0a.0 control=auto autosuspend_delay_ms=2000 (battery-idle runtime PM (class=idle, allowlist-gated))
- runtime_pm /sys/bus/usb/devices/1-14 control=auto autosuspend_delay_ms=2000 (battery-idle runtime PM (class=idle, allowlist-gated))
- runtime_pm /sys/bus/usb/devices/usb1 control=auto autosuspend_delay_ms=2000 (battery-idle runtime PM (class=idle, allowlist-gated))
- runtime_pm /sys/bus/usb/devices/usb2 control=auto autosuspend_delay_ms=2000 (battery-idle runtime PM (class=idle, allowlist-gated))
- runtime_pm /sys/bus/usb/devices/1-6 control=auto autosuspend_delay_ms=2000 (battery-idle runtime PM (class=idle, allowlist-gated))
- pci_aspm /sys/bus/pci/devices/0000:01:00.0 l1_aspm=1 (battery-idle PCIe ASPM (class=idle, allowlist-gated))
- pci_aspm /sys/bus/pci/devices/0000:07:00.0 l1_aspm=1 (battery-idle PCIe ASPM (class=idle, allowlist-gated))
- sata_alpm /sys/class/scsi_host/host7 policy=med_power_with_dipm (battery-idle SATA ALPM (class=idle, allowlist-gated))
- sata_alpm /sys/class/scsi_host/host5 policy=med_power_with_dipm (battery-idle SATA ALPM (class=idle, allowlist-gated))
- sata_alpm /sys/class/scsi_host/host3 policy=med_power_with_dipm (battery-idle SATA ALPM (class=idle, allowlist-gated))
- sata_alpm /sys/class/scsi_host/host1 policy=med_power_with_dipm (battery-idle SATA ALPM (class=idle, allowlist-gated))
- sata_alpm /sys/class/scsi_host/host6 policy=med_power_with_dipm (battery-idle SATA ALPM (class=idle, allowlist-gated))
- sata_alpm /sys/class/scsi_host/host4 policy=med_power_with_dipm (battery-idle SATA ALPM (class=idle, allowlist-gated))
- sata_alpm /sys/class/scsi_host/host2 policy=med_power_with_dipm (battery-idle SATA ALPM (class=idle, allowlist-gated))
- sata_alpm /sys/class/scsi_host/host0 policy=med_power_with_dipm (battery-idle SATA ALPM (class=idle, allowlist-gated))
- backlight /sys/class/backlight/intel_backlight target=40% (battery-idle backlight floor (class=idle, allowlist-gated))
effective_config:
domains.cpu_epp=actuate
domains.platform_profile=actuate
domains.vm_sysctl=actuate
domains.cpu_dma_latency=actuate
domains.device_resume_latency=actuate
domains.runtime_pm=actuate
domains.pci_aspm=actuate
domains.sata_alpm=actuate
domains.backlight=actuate
domains.cgroup_reweight=actuate
correlation_id=optid-000000006a89e4e4-000000000000000f circuit: S5D outcome was neither a verified success nor a counted failure
correlation_id=optid-000000006a89e4e4-000000000000000f circuit: S5D verified success reset scoped pre-threshold failures
correlation_id=optid-000000006a89e4e4-000000000000000f circuit: S5D outcome was neither a verified success nor a counted failure
correlation_id=optid-000000006a89e4e4-000000000000000f circuit: S5D outcome was neither a verified success nor a counted failure
correlation_id=optid-000000006a89e4e4-000000000000000f circuit: S5D outcome was neither a verified success nor a counted failure
correlation_id=optid-000000006a89e4e4-000000000000000f circuit: S5D outcome was neither a verified success nor a counted failure
correlation_id=optid-000000006a89e4e4-000000000000000f circuit: S5D outcome was neither a verified success nor a counted failure
correlation_id=optid-000000006a89e4e4-000000000000000f circuit: S5D outcome was neither a verified success nor a counted failure
correlation_id=optid-000000006a89e4e4-000000000000000f circuit: S5D outcome was neither a verified success nor a counted failure
correlation_id=optid-000000006a89e4e4-000000000000000f circuit: S5D outcome was neither a verified success nor a counted failure
correlation_id=optid-000000006a89e4e4-000000000000000f circuit: S5D outcome was neither a verified success nor a counted failure
correlation_id=optid-000000006a89e4e4-000000000000000f circuit: S5D opened journal circuit for domain=runtime_pm operation=enable_runtime_pm target=runtime-pm:8ef3fb318f2f1bd2 hwid=pci:v00008086d00007A60sv0000103Csd00008BC2bc0Csc03i30 firmware=firmware:ceb232cd5769e502 after 2 failure(s): persistent transaction or recovery journal gate failed
correlation_id=optid-000000006a89e4e4-000000000000000f circuit: S5D outcome was neither a verified success nor a counted failure
correlation_id=optid-000000006a89e4e4-000000000000000f circuit: S5D outcome was neither a verified success nor a counted failure
correlation_id=optid-000000006a89e4e4-000000000000000f circuit: S5D outcome was neither a verified success nor a counted failure
correlation_id=optid-000000006a89e4e4-000000000000000f circuit: S5D outcome was neither a verified success nor a counted failure
correlation_id=optid-000000006a89e4e4-000000000000000f circuit: S5D outcome was neither a verified success nor a counted failure
correlation_id=optid-000000006a89e4e4-000000000000000f circuit: S5D outcome was neither a verified success nor a counted failure
correlation_id=optid-000000006a89e4e4-000000000000000f circuit: S5D outcome was neither a verified success nor a counted failure
correlation_id=optid-000000006a89e4e4-000000000000000f circuit: S5D outcome was neither a verified success nor a counted failure
correlation_id=optid-000000006a89e4e4-000000000000000f circuit: S5D outcome was neither a verified success nor a counted failure
correlation_id=optid-000000006a89e4e4-000000000000000f circuit: S5D outcome was neither a verified success nor a counted failure
correlation_id=optid-000000006a89e4e4-000000000000000f circuit: S5D outcome was neither a verified success nor a counted failure
correlation_id=optid-000000006a89e4e4-000000000000000f reconciler: shadow_parity=false legacy_restore_intents=1 v1_restore_intents=0 intentional_v1_only=0
correlation_id=optid-000000006a89e4e4-000000000000000f
restore_outcomes=none
circuit_state=global_open=false open_domains=cgroup_reweight,cpu_dma_latency,platform_profile,runtime_pm records=20
timestamp=1787421959
mode=battery
on_ac=Some(false)
battery_pct=Some(94)
thermal_c=Some(37.0)
thermal_state=Cool
thermal_derating_ratio=0.00
thermal_die_sensor=hwmon:coretemp.0:coretemp:Package id 0
thermal_die_temp_c=37.0
thermal_skin_sensor=none
thermal_skin_temp_c=none
thermal_max_fan_rpm=2700
thermal_reasons:
- selected die signal hwmon:coretemp.0:coretemp:Package id 0 (package) at 37.0°C
- that value is a collapse maximum: hwmon:coretemp.0:coretemp:Package id 0 read 36.0°C itself and was raised to 37.0°C              by acpi:x86_pkg_temp
- clamped thermal_hi to 90.0°C based on hardware T_crit 100.0°C - 10°C
- effective thresholds: lo=60.0°C hi=90.0°C
- die temp 37.0°C <= lo threshold 60.0°C; state = cool (sensor=hwmon:coretemp.0:coretemp:Package id 0)
thermal_sensor_count=31
fan_sensor_count=2
loadavg_1=Some(0.8)
cpu_pressure=avg10=0.00 avg60=0.00 avg300=0.00 total=128890217
memory_pressure=avg10=0.00 avg60=0.00 avg300=0.00 total=1028755
io_pressure=avg10=0.33 avg60=0.14 avg300=0.06 total=33465823
workload_class=idle
workload_reason=pinned override (global)
cpu_wakeup_latency=100000
device_resume_latency=1000000
reasons:
- system is on battery
actions:
- cpu.epp=power (prefer battery life through CPU energy preference)
- platform.profile=low-power (request low-power platform profile)
- systemd.set-property background.slice CPUWeight=25 IOWeight=25 (deprioritize background services on battery)
- vm.sysctl /proc/sys/vm/swappiness=60 (adjust swappiness for current mode)
- vm.sysctl /proc/sys/vm/dirty_background_bytes=67108864 (adjust dirty background bytes for current mode)
- vm.sysctl /proc/sys/vm/dirty_bytes=134217728 (adjust dirty bytes for current mode)
- cpu_dma_latency=100000 (class=idle, floor=100000us, row=contracts.idle)
- runtime_pm /sys/bus/pci/devices/0000:00:17.0 control=auto autosuspend_delay_ms=2000 (battery-idle runtime PM (class=idle, allowlist-gated))
- runtime_pm /sys/bus/pci/devices/0000:00:08.0 control=auto autosuspend_delay_ms=2000 (battery-idle runtime PM (class=idle, allowlist-gated))
- runtime_pm /sys/bus/pci/devices/0000:00:1f.0 control=auto autosuspend_delay_ms=2000 (battery-idle runtime PM (class=idle, allowlist-gated))
- runtime_pm /sys/bus/pci/devices/0000:00:04.0 control=auto autosuspend_delay_ms=2000 (battery-idle runtime PM (class=idle, allowlist-gated))
- runtime_pm /sys/bus/pci/devices/0000:00:14.3 control=auto autosuspend_delay_ms=2000 (battery-idle runtime PM (class=idle, allowlist-gated))
- runtime_pm /sys/bus/pci/devices/0000:00:16.0 control=auto autosuspend_delay_ms=2000 (battery-idle runtime PM (class=idle, allowlist-gated))
- runtime_pm /sys/bus/pci/devices/0000:01:00.0 control=auto autosuspend_delay_ms=2000 (battery-idle runtime PM (class=idle, allowlist-gated))
- runtime_pm /sys/bus/pci/devices/0000:00:1b.0 control=auto autosuspend_delay_ms=2000 (battery-idle runtime PM (class=idle, allowlist-gated))
- runtime_pm /sys/bus/pci/devices/0000:00:1f.5 control=auto autosuspend_delay_ms=2000 (battery-idle runtime PM (class=idle, allowlist-gated))
- runtime_pm /sys/bus/pci/devices/0000:07:00.0 control=auto autosuspend_delay_ms=2000 (battery-idle runtime PM (class=idle, allowlist-gated))
- runtime_pm /sys/bus/pci/devices/0000:00:1e.0 control=auto autosuspend_delay_ms=2000 (battery-idle runtime PM (class=idle, allowlist-gated))
- runtime_pm /sys/bus/pci/devices/0000:00:1f.3 control=auto autosuspend_delay_ms=2000 (battery-idle runtime PM (class=idle, allowlist-gated))
- runtime_pm /sys/bus/pci/devices/0000:00:00.0 control=auto autosuspend_delay_ms=2000 (battery-idle runtime PM (class=idle, allowlist-gated))
- runtime_pm /sys/bus/pci/devices/0000:00:1d.4 control=auto autosuspend_delay_ms=2000 (battery-idle runtime PM (class=idle, allowlist-gated))
- runtime_pm /sys/bus/pci/devices/0000:00:15.0 control=auto autosuspend_delay_ms=2000 (battery-idle runtime PM (class=idle, allowlist-gated))
- runtime_pm /sys/bus/pci/devices/0000:00:1d.0 control=auto autosuspend_delay_ms=2000 (battery-idle runtime PM (class=idle, allowlist-gated))
- runtime_pm /sys/bus/pci/devices/0000:00:1e.3 control=auto autosuspend_delay_ms=2000 (battery-idle runtime PM (class=idle, allowlist-gated))
- runtime_pm /sys/bus/pci/devices/0000:00:14.2 control=auto autosuspend_delay_ms=2000 (battery-idle runtime PM (class=idle, allowlist-gated))
- runtime_pm /sys/bus/pci/devices/0000:00:02.0 control=auto autosuspend_delay_ms=2000 (battery-idle runtime PM (class=idle, allowlist-gated))
- runtime_pm /sys/bus/pci/devices/0000:00:1e.1 control=auto autosuspend_delay_ms=2000 (battery-idle runtime PM (class=idle, allowlist-gated))
- runtime_pm /sys/bus/pci/devices/0000:00:14.0 control=auto autosuspend_delay_ms=2000 (battery-idle runtime PM (class=idle, allowlist-gated))
- runtime_pm /sys/bus/pci/devices/0000:00:1f.4 control=auto autosuspend_delay_ms=2000 (battery-idle runtime PM (class=idle, allowlist-gated))
- runtime_pm /sys/bus/pci/devices/0000:00:0a.0 control=auto autosuspend_delay_ms=2000 (battery-idle runtime PM (class=idle, allowlist-gated))
- runtime_pm /sys/bus/usb/devices/1-14 control=auto autosuspend_delay_ms=2000 (battery-idle runtime PM (class=idle, allowlist-gated))
- runtime_pm /sys/bus/usb/devices/usb1 control=auto autosuspend_delay_ms=2000 (battery-idle runtime PM (class=idle, allowlist-gated))
- runtime_pm /sys/bus/usb/devices/usb2 control=auto autosuspend_delay_ms=2000 (battery-idle runtime PM (class=idle, allowlist-gated))
- runtime_pm /sys/bus/usb/devices/1-6 control=auto autosuspend_delay_ms=2000 (battery-idle runtime PM (class=idle, allowlist-gated))
- pci_aspm /sys/bus/pci/devices/0000:01:00.0 l1_aspm=1 (battery-idle PCIe ASPM (class=idle, allowlist-gated))
- pci_aspm /sys/bus/pci/devices/0000:07:00.0 l1_aspm=1 (battery-idle PCIe ASPM (class=idle, allowlist-gated))
- sata_alpm /sys/class/scsi_host/host7 policy=med_power_with_dipm (battery-idle SATA ALPM (class=idle, allowlist-gated))
- sata_alpm /sys/class/scsi_host/host5 policy=med_power_with_dipm (battery-idle SATA ALPM (class=idle, allowlist-gated))
- sata_alpm /sys/class/scsi_host/host3 policy=med_power_with_dipm (battery-idle SATA ALPM (class=idle, allowlist-gated))
- sata_alpm /sys/class/scsi_host/host1 policy=med_power_with_dipm (battery-idle SATA ALPM (class=idle, allowlist-gated))
- sata_alpm /sys/class/scsi_host/host6 policy=med_power_with_dipm (battery-idle SATA ALPM (class=idle, allowlist-gated))
- sata_alpm /sys/class/scsi_host/host4 policy=med_power_with_dipm (battery-idle SATA ALPM (class=idle, allowlist-gated))
- sata_alpm /sys/class/scsi_host/host2 policy=med_power_with_dipm (battery-idle SATA ALPM (class=idle, allowlist-gated))
- sata_alpm /sys/class/scsi_host/host0 policy=med_power_with_dipm (battery-idle SATA ALPM (class=idle, allowlist-gated))
- backlight /sys/class/backlight/intel_backlight target=40% (battery-idle backlight floor (class=idle, allowlist-gated))
effective_config:
domains.cpu_epp=actuate
domains.platform_profile=actuate
domains.vm_sysctl=actuate
domains.cpu_dma_latency=actuate
domains.device_resume_latency=actuate
domains.runtime_pm=actuate
domains.pci_aspm=actuate
domains.sata_alpm=actuate
domains.backlight=actuate
domains.cgroup_reweight=actuate
correlation_id=optid-000000006a89e4e4-0000000000000010 circuit: S5D outcome was neither a verified success nor a counted failure
correlation_id=optid-000000006a89e4e4-0000000000000010 circuit: S5D verified success reset scoped pre-threshold failures
correlation_id=optid-000000006a89e4e4-0000000000000010 circuit: S5D outcome was neither a verified success nor a counted failure
correlation_id=optid-000000006a89e4e4-0000000000000010 circuit: S5D outcome was neither a verified success nor a counted failure
correlation_id=optid-000000006a89e4e4-0000000000000010 circuit: S5D outcome was neither a verified success nor a counted failure
correlation_id=optid-000000006a89e4e4-0000000000000010 circuit: S5D outcome was neither a verified success nor a counted failure
correlation_id=optid-000000006a89e4e4-0000000000000010 circuit: S5D outcome was neither a verified success nor a counted failure
correlation_id=optid-000000006a89e4e4-0000000000000010 circuit: S5D outcome was neither a verified success nor a counted failure
correlation_id=optid-000000006a89e4e4-0000000000000010 circuit: S5D outcome was neither a verified success nor a counted failure
correlation_id=optid-000000006a89e4e4-0000000000000010 circuit: S5D outcome was neither a verified success nor a counted failure
correlation_id=optid-000000006a89e4e4-0000000000000010 circuit: S5D outcome was neither a verified success nor a counted failure
correlation_id=optid-000000006a89e4e4-0000000000000010 circuit: S5D outcome was neither a verified success nor a counted failure
correlation_id=optid-000000006a89e4e4-0000000000000010 circuit: S5D opened journal circuit for domain=runtime_pm operation=enable_runtime_pm target=runtime-pm:ebebcef7a2450804 hwid=pci:v00008086d0000467Dsv0000103Csd00008BC2bc11sc80i00 firmware=firmware:ceb232cd5769e502 after 2 failure(s): persistent transaction or recovery journal gate failed
correlation_id=optid-000000006a89e4e4-0000000000000010 circuit: S5D outcome was neither a verified success nor a counted failure
correlation_id=optid-000000006a89e4e4-0000000000000010 circuit: S5D outcome was neither a verified success nor a counted failure
correlation_id=optid-000000006a89e4e4-0000000000000010 circuit: S5D outcome was neither a verified success nor a counted failure
correlation_id=optid-000000006a89e4e4-0000000000000010 circuit: S5D outcome was neither a verified success nor a counted failure
correlation_id=optid-000000006a89e4e4-0000000000000010 circuit: S5D outcome was neither a verified success nor a counted failure
correlation_id=optid-000000006a89e4e4-0000000000000010 circuit: S5D outcome was neither a verified success nor a counted failure
correlation_id=optid-000000006a89e4e4-0000000000000010 circuit: S5D outcome was neither a verified success nor a counted failure
correlation_id=optid-000000006a89e4e4-0000000000000010 circuit: S5D outcome was neither a verified success nor a counted failure
correlation_id=optid-000000006a89e4e4-0000000000000010 circuit: S5D outcome was neither a verified success nor a counted failure
correlation_id=optid-000000006a89e4e4-0000000000000010 circuit: S5D outcome was neither a verified success nor a counted failure
correlation_id=optid-000000006a89e4e4-0000000000000010 circuit: S5D outcome was neither a verified success nor a counted failure
correlation_id=optid-000000006a89e4e4-0000000000000010 reconciler: shadow_parity=false legacy_restore_intents=1 v1_restore_intents=0 intentional_v1_only=0
correlation_id=optid-000000006a89e4e4-0000000000000010
restore_outcomes=none
circuit_state=global_open=false open_domains=cgroup_reweight,cpu_dma_latency,platform_profile,runtime_pm records=20
timestamp=1787421961
mode=battery
on_ac=Some(false)
battery_pct=Some(94)
thermal_c=Some(37.0)
thermal_state=Cool
thermal_derating_ratio=0.00
thermal_die_sensor=hwmon:coretemp.0:coretemp:Package id 0
thermal_die_temp_c=37.0
thermal_skin_sensor=none
thermal_skin_temp_c=none
thermal_max_fan_rpm=2700
thermal_reasons:
- selected die signal hwmon:coretemp.0:coretemp:Package id 0 (package) at 37.0°C
- clamped thermal_hi to 90.0°C based on hardware T_crit 100.0°C - 10°C
- effective thresholds: lo=60.0°C hi=90.0°C
- die temp 37.0°C <= lo threshold 60.0°C; state = cool (sensor=hwmon:coretemp.0:coretemp:Package id 0)
thermal_sensor_count=31
fan_sensor_count=2
loadavg_1=Some(0.8)
cpu_pressure=avg10=0.00 avg60=0.00 avg300=0.00 total=128895059
memory_pressure=avg10=0.00 avg60=0.00 avg300=0.00 total=1028755
io_pressure=avg10=0.27 avg60=0.14 avg300=0.06 total=33475618
workload_class=idle
workload_reason=pinned override (global)
cpu_wakeup_latency=100000
device_resume_latency=1000000
reasons:
- system is on battery
actions:
- cpu.epp=power (prefer battery life through CPU energy preference)
- platform.profile=low-power (request low-power platform profile)
- systemd.set-property background.slice CPUWeight=25 IOWeight=25 (deprioritize background services on battery)
- vm.sysctl /proc/sys/vm/swappiness=60 (adjust swappiness for current mode)
- vm.sysctl /proc/sys/vm/dirty_background_bytes=67108864 (adjust dirty background bytes for current mode)
- vm.sysctl /proc/sys/vm/dirty_bytes=134217728 (adjust dirty bytes for current mode)
- cpu_dma_latency=100000 (class=idle, floor=100000us, row=contracts.idle)
- runtime_pm /sys/bus/pci/devices/0000:00:17.0 control=auto autosuspend_delay_ms=2000 (battery-idle runtime PM (class=idle, allowlist-gated))
- runtime_pm /sys/bus/pci/devices/0000:00:08.0 control=auto autosuspend_delay_ms=2000 (battery-idle runtime PM (class=idle, allowlist-gated))
- runtime_pm /sys/bus/pci/devices/0000:00:1f.0 control=auto autosuspend_delay_ms=2000 (battery-idle runtime PM (class=idle, allowlist-gated))
- runtime_pm /sys/bus/pci/devices/0000:00:04.0 control=auto autosuspend_delay_ms=2000 (battery-idle runtime PM (class=idle, allowlist-gated))
- runtime_pm /sys/bus/pci/devices/0000:00:14.3 control=auto autosuspend_delay_ms=2000 (battery-idle runtime PM (class=idle, allowlist-gated))
- runtime_pm /sys/bus/pci/devices/0000:00:16.0 control=auto autosuspend_delay_ms=2000 (battery-idle runtime PM (class=idle, allowlist-gated))
- runtime_pm /sys/bus/pci/devices/0000:01:00.0 control=auto autosuspend_delay_ms=2000 (battery-idle runtime PM (class=idle, allowlist-gated))
- runtime_pm /sys/bus/pci/devices/0000:00:1b.0 control=auto autosuspend_delay_ms=2000 (battery-idle runtime PM (class=idle, allowlist-gated))
- runtime_pm /sys/bus/pci/devices/0000:00:1f.5 control=auto autosuspend_delay_ms=2000 (battery-idle runtime PM (class=idle, allowlist-gated))
- runtime_pm /sys/bus/pci/devices/0000:07:00.0 control=auto autosuspend_delay_ms=2000 (battery-idle runtime PM (class=idle, allowlist-gated))
- runtime_pm /sys/bus/pci/devices/0000:00:1e.0 control=auto autosuspend_delay_ms=2000 (battery-idle runtime PM (class=idle, allowlist-gated))
- runtime_pm /sys/bus/pci/devices/0000:00:1f.3 control=auto autosuspend_delay_ms=2000 (battery-idle runtime PM (class=idle, allowlist-gated))
- runtime_pm /sys/bus/pci/devices/0000:00:00.0 control=auto autosuspend_delay_ms=2000 (battery-idle runtime PM (class=idle, allowlist-gated))
- runtime_pm /sys/bus/pci/devices/0000:00:1d.4 control=auto autosuspend_delay_ms=2000 (battery-idle runtime PM (class=idle, allowlist-gated))
- runtime_pm /sys/bus/pci/devices/0000:00:15.0 control=auto autosuspend_delay_ms=2000 (battery-idle runtime PM (class=idle, allowlist-gated))
- runtime_pm /sys/bus/pci/devices/0000:00:1d.0 control=auto autosuspend_delay_ms=2000 (battery-idle runtime PM (class=idle, allowlist-gated))
- runtime_pm /sys/bus/pci/devices/0000:00:1e.3 control=auto autosuspend_delay_ms=2000 (battery-idle runtime PM (class=idle, allowlist-gated))
- runtime_pm /sys/bus/pci/devices/0000:00:14.2 control=auto autosuspend_delay_ms=2000 (battery-idle runtime PM (class=idle, allowlist-gated))
- runtime_pm /sys/bus/pci/devices/0000:00:02.0 control=auto autosuspend_delay_ms=2000 (battery-idle runtime PM (class=idle, allowlist-gated))
- runtime_pm /sys/bus/pci/devices/0000:00:1e.1 control=auto autosuspend_delay_ms=2000 (battery-idle runtime PM (class=idle, allowlist-gated))
- runtime_pm /sys/bus/pci/devices/0000:00:14.0 control=auto autosuspend_delay_ms=2000 (battery-idle runtime PM (class=idle, allowlist-gated))
- runtime_pm /sys/bus/pci/devices/0000:00:1f.4 control=auto autosuspend_delay_ms=2000 (battery-idle runtime PM (class=idle, allowlist-gated))
- runtime_pm /sys/bus/pci/devices/0000:00:0a.0 control=auto autosuspend_delay_ms=2000 (battery-idle runtime PM (class=idle, allowlist-gated))
- runtime_pm /sys/bus/usb/devices/1-14 control=auto autosuspend_delay_ms=2000 (battery-idle runtime PM (class=idle, allowlist-gated))
- runtime_pm /sys/bus/usb/devices/usb1 control=auto autosuspend_delay_ms=2000 (battery-idle runtime PM (class=idle, allowlist-gated))
- runtime_pm /sys/bus/usb/devices/usb2 control=auto autosuspend_delay_ms=2000 (battery-idle runtime PM (class=idle, allowlist-gated))
- runtime_pm /sys/bus/usb/devices/1-6 control=auto autosuspend_delay_ms=2000 (battery-idle runtime PM (class=idle, allowlist-gated))
- pci_aspm /sys/bus/pci/devices/0000:01:00.0 l1_aspm=1 (battery-idle PCIe ASPM (class=idle, allowlist-gated))
- pci_aspm /sys/bus/pci/devices/0000:07:00.0 l1_aspm=1 (battery-idle PCIe ASPM (class=idle, allowlist-gated))
- sata_alpm /sys/class/scsi_host/host7 policy=med_power_with_dipm (battery-idle SATA ALPM (class=idle, allowlist-gated))
- sata_alpm /sys/class/scsi_host/host5 policy=med_power_with_dipm (battery-idle SATA ALPM (class=idle, allowlist-gated))
- sata_alpm /sys/class/scsi_host/host3 policy=med_power_with_dipm (battery-idle SATA ALPM (class=idle, allowlist-gated))
- sata_alpm /sys/class/scsi_host/host1 policy=med_power_with_dipm (battery-idle SATA ALPM (class=idle, allowlist-gated))
- sata_alpm /sys/class/scsi_host/host6 policy=med_power_with_dipm (battery-idle SATA ALPM (class=idle, allowlist-gated))
- sata_alpm /sys/class/scsi_host/host4 policy=med_power_with_dipm (battery-idle SATA ALPM (class=idle, allowlist-gated))
- sata_alpm /sys/class/scsi_host/host2 policy=med_power_with_dipm (battery-idle SATA ALPM (class=idle, allowlist-gated))
- sata_alpm /sys/class/scsi_host/host0 policy=med_power_with_dipm (battery-idle SATA ALPM (class=idle, allowlist-gated))
- backlight /sys/class/backlight/intel_backlight target=40% (battery-idle backlight floor (class=idle, allowlist-gated))
effective_config:
domains.cpu_epp=actuate
domains.platform_profile=actuate
domains.vm_sysctl=actuate
domains.cpu_dma_latency=actuate
domains.device_resume_latency=actuate
domains.runtime_pm=actuate
domains.pci_aspm=actuate
domains.sata_alpm=actuate
domains.backlight=actuate
domains.cgroup_reweight=actuate
correlation_id=optid-000000006a89e4e4-0000000000000011 circuit: S5D outcome was neither a verified success nor a counted failure
correlation_id=optid-000000006a89e4e4-0000000000000011 circuit: S5D verified success reset scoped pre-threshold failures
correlation_id=optid-000000006a89e4e4-0000000000000011 circuit: S5D outcome was neither a verified success nor a counted failure
correlation_id=optid-000000006a89e4e4-0000000000000011 circuit: S5D outcome was neither a verified success nor a counted failure
correlation_id=optid-000000006a89e4e4-0000000000000011 circuit: S5D outcome was neither a verified success nor a counted failure
correlation_id=optid-000000006a89e4e4-0000000000000011 circuit: S5D outcome was neither a verified success nor a counted failure
correlation_id=optid-000000006a89e4e4-0000000000000011 circuit: S5D outcome was neither a verified success nor a counted failure
correlation_id=optid-000000006a89e4e4-0000000000000011 circuit: S5D outcome was neither a verified success nor a counted failure
correlation_id=optid-000000006a89e4e4-0000000000000011 circuit: S5D outcome was neither a verified success nor a counted failure
correlation_id=optid-000000006a89e4e4-0000000000000011 circuit: S5D outcome was neither a verified success nor a counted failure
correlation_id=optid-000000006a89e4e4-0000000000000011 circuit: S5D outcome was neither a verified success nor a counted failure
correlation_id=optid-000000006a89e4e4-0000000000000011 circuit: S5D outcome was neither a verified success nor a counted failure
correlation_id=optid-000000006a89e4e4-0000000000000011 circuit: S5D outcome was neither a verified success nor a counted failure
correlation_id=optid-000000006a89e4e4-0000000000000011 circuit: S5D outcome was neither a verified success nor a counted failure
correlation_id=optid-000000006a89e4e4-0000000000000011 circuit: S5D outcome was neither a verified success nor a counted failure
correlation_id=optid-000000006a89e4e4-0000000000000011 circuit: S5D outcome was neither a verified success nor a counted failure
correlation_id=optid-000000006a89e4e4-0000000000000011 circuit: S5D outcome was neither a verified success nor a counted failure
correlation_id=optid-000000006a89e4e4-0000000000000011 circuit: S5D outcome was neither a verified success nor a counted failure
correlation_id=optid-000000006a89e4e4-0000000000000011 circuit: S5D outcome was neither a verified success nor a counted failure
correlation_id=optid-000000006a89e4e4-0000000000000011 circuit: S5D outcome was neither a verified success nor a counted failure
correlation_id=optid-000000006a89e4e4-0000000000000011 circuit: S5D outcome was neither a verified success nor a counted failure
correlation_id=optid-000000006a89e4e4-0000000000000011 circuit: S5D outcome was neither a verified success nor a counted failure
correlation_id=optid-000000006a89e4e4-0000000000000011 circuit: S5D outcome was neither a verified success nor a counted failure
correlation_id=optid-000000006a89e4e4-0000000000000011 circuit: S5D outcome was neither a verified success nor a counted failure
correlation_id=optid-000000006a89e4e4-0000000000000011 circuit: S5D outcome was neither a verified success nor a counted failure
correlation_id=optid-000000006a89e4e4-0000000000000011 circuit: S5D outcome was neither a verified success nor a counted failure
correlation_id=optid-000000006a89e4e4-0000000000000011 circuit: S5D outcome was neither a verified success nor a counted failure
correlation_id=optid-000000006a89e4e4-0000000000000011 reconciler: shadow_parity=false legacy_restore_intents=1 v1_restore_intents=0 intentional_v1_only=0
correlation_id=optid-000000006a89e4e4-0000000000000011
restore_outcomes=none
circuit_state=global_open=false open_domains=cgroup_reweight,cpu_dma_latency,platform_profile,runtime_pm records=20
timestamp=1787421963
mode=battery
on_ac=Some(false)
battery_pct=Some(94)
thermal_c=Some(37.0)
thermal_state=Cool
thermal_derating_ratio=0.00
thermal_die_sensor=hwmon:coretemp.0:coretemp:Package id 0
thermal_die_temp_c=37.0
thermal_skin_sensor=none
thermal_skin_temp_c=none
thermal_max_fan_rpm=2700
thermal_reasons:
- selected die signal hwmon:coretemp.0:coretemp:Package id 0 (package) at 37.0°C
- clamped thermal_hi to 90.0°C based on hardware T_crit 100.0°C - 10°C
- effective thresholds: lo=60.0°C hi=90.0°C
- die temp 37.0°C <= lo threshold 60.0°C; state = cool (sensor=hwmon:coretemp.0:coretemp:Package id 0)
thermal_sensor_count=31
fan_sensor_count=2
loadavg_1=Some(0.74)
cpu_pressure=avg10=0.00 avg60=0.00 avg300=0.00 total=128904466
memory_pressure=avg10=0.00 avg60=0.00 avg300=0.00 total=1028755
io_pressure=avg10=0.18 avg60=0.13 avg300=0.06 total=33491223
workload_class=idle
workload_reason=pinned override (global)
cpu_wakeup_latency=100000
device_resume_latency=1000000
reasons:
- system is on battery
actions:
- cpu.epp=power (prefer battery life through CPU energy preference)
- platform.profile=low-power (request low-power platform profile)
- systemd.set-property background.slice CPUWeight=25 IOWeight=25 (deprioritize background services on battery)
- vm.sysctl /proc/sys/vm/swappiness=60 (adjust swappiness for current mode)
- vm.sysctl /proc/sys/vm/dirty_background_bytes=67108864 (adjust dirty background bytes for current mode)
- vm.sysctl /proc/sys/vm/dirty_bytes=134217728 (adjust dirty bytes for current mode)
- cpu_dma_latency=100000 (class=idle, floor=100000us, row=contracts.idle)
- runtime_pm /sys/bus/pci/devices/0000:00:17.0 control=auto autosuspend_delay_ms=2000 (battery-idle runtime PM (class=idle, allowlist-gated))
- runtime_pm /sys/bus/pci/devices/0000:00:08.0 control=auto autosuspend_delay_ms=2000 (battery-idle runtime PM (class=idle, allowlist-gated))
- runtime_pm /sys/bus/pci/devices/0000:00:1f.0 control=auto autosuspend_delay_ms=2000 (battery-idle runtime PM (class=idle, allowlist-gated))
- runtime_pm /sys/bus/pci/devices/0000:00:04.0 control=auto autosuspend_delay_ms=2000 (battery-idle runtime PM (class=idle, allowlist-gated))
- runtime_pm /sys/bus/pci/devices/0000:00:14.3 control=auto autosuspend_delay_ms=2000 (battery-idle runtime PM (class=idle, allowlist-gated))
- runtime_pm /sys/bus/pci/devices/0000:00:16.0 control=auto autosuspend_delay_ms=2000 (battery-idle runtime PM (class=idle, allowlist-gated))
- runtime_pm /sys/bus/pci/devices/0000:01:00.0 control=auto autosuspend_delay_ms=2000 (battery-idle runtime PM (class=idle, allowlist-gated))
- runtime_pm /sys/bus/pci/devices/0000:00:1b.0 control=auto autosuspend_delay_ms=2000 (battery-idle runtime PM (class=idle, allowlist-gated))
- runtime_pm /sys/bus/pci/devices/0000:00:1f.5 control=auto autosuspend_delay_ms=2000 (battery-idle runtime PM (class=idle, allowlist-gated))
- runtime_pm /sys/bus/pci/devices/0000:07:00.0 control=auto autosuspend_delay_ms=2000 (battery-idle runtime PM (class=idle, allowlist-gated))
- runtime_pm /sys/bus/pci/devices/0000:00:1e.0 control=auto autosuspend_delay_ms=2000 (battery-idle runtime PM (class=idle, allowlist-gated))
- runtime_pm /sys/bus/pci/devices/0000:00:1f.3 control=auto autosuspend_delay_ms=2000 (battery-idle runtime PM (class=idle, allowlist-gated))
- runtime_pm /sys/bus/pci/devices/0000:00:00.0 control=auto autosuspend_delay_ms=2000 (battery-idle runtime PM (class=idle, allowlist-gated))
- runtime_pm /sys/bus/pci/devices/0000:00:1d.4 control=auto autosuspend_delay_ms=2000 (battery-idle runtime PM (class=idle, allowlist-gated))
- runtime_pm /sys/bus/pci/devices/0000:00:15.0 control=auto autosuspend_delay_ms=2000 (battery-idle runtime PM (class=idle, allowlist-gated))
- runtime_pm /sys/bus/pci/devices/0000:00:1d.0 control=auto autosuspend_delay_ms=2000 (battery-idle runtime PM (class=idle, allowlist-gated))
- runtime_pm /sys/bus/pci/devices/0000:00:1e.3 control=auto autosuspend_delay_ms=2000 (battery-idle runtime PM (class=idle, allowlist-gated))
- runtime_pm /sys/bus/pci/devices/0000:00:14.2 control=auto autosuspend_delay_ms=2000 (battery-idle runtime PM (class=idle, allowlist-gated))
- runtime_pm /sys/bus/pci/devices/0000:00:02.0 control=auto autosuspend_delay_ms=2000 (battery-idle runtime PM (class=idle, allowlist-gated))
- runtime_pm /sys/bus/pci/devices/0000:00:1e.1 control=auto autosuspend_delay_ms=2000 (battery-idle runtime PM (class=idle, allowlist-gated))
- runtime_pm /sys/bus/pci/devices/0000:00:14.0 control=auto autosuspend_delay_ms=2000 (battery-idle runtime PM (class=idle, allowlist-gated))
- runtime_pm /sys/bus/pci/devices/0000:00:1f.4 control=auto autosuspend_delay_ms=2000 (battery-idle runtime PM (class=idle, allowlist-gated))
- runtime_pm /sys/bus/pci/devices/0000:00:0a.0 control=auto autosuspend_delay_ms=2000 (battery-idle runtime PM (class=idle, allowlist-gated))
- runtime_pm /sys/bus/usb/devices/1-14 control=auto autosuspend_delay_ms=2000 (battery-idle runtime PM (class=idle, allowlist-gated))
- runtime_pm /sys/bus/usb/devices/usb1 control=auto autosuspend_delay_ms=2000 (battery-idle runtime PM (class=idle, allowlist-gated))
- runtime_pm /sys/bus/usb/devices/usb2 control=auto autosuspend_delay_ms=2000 (battery-idle runtime PM (class=idle, allowlist-gated))
- runtime_pm /sys/bus/usb/devices/1-6 control=auto autosuspend_delay_ms=2000 (battery-idle runtime PM (class=idle, allowlist-gated))
- pci_aspm /sys/bus/pci/devices/0000:01:00.0 l1_aspm=1 (battery-idle PCIe ASPM (class=idle, allowlist-gated))
- pci_aspm /sys/bus/pci/devices/0000:07:00.0 l1_aspm=1 (battery-idle PCIe ASPM (class=idle, allowlist-gated))
- sata_alpm /sys/class/scsi_host/host7 policy=med_power_with_dipm (battery-idle SATA ALPM (class=idle, allowlist-gated))
- sata_alpm /sys/class/scsi_host/host5 policy=med_power_with_dipm (battery-idle SATA ALPM (class=idle, allowlist-gated))
- sata_alpm /sys/class/scsi_host/host3 policy=med_power_with_dipm (battery-idle SATA ALPM (class=idle, allowlist-gated))
- sata_alpm /sys/class/scsi_host/host1 policy=med_power_with_dipm (battery-idle SATA ALPM (class=idle, allowlist-gated))
- sata_alpm /sys/class/scsi_host/host6 policy=med_power_with_dipm (battery-idle SATA ALPM (class=idle, allowlist-gated))
- sata_alpm /sys/class/scsi_host/host4 policy=med_power_with_dipm (battery-idle SATA ALPM (class=idle, allowlist-gated))
- sata_alpm /sys/class/scsi_host/host2 policy=med_power_with_dipm (battery-idle SATA ALPM (class=idle, allowlist-gated))
- sata_alpm /sys/class/scsi_host/host0 policy=med_power_with_dipm (battery-idle SATA ALPM (class=idle, allowlist-gated))
- backlight /sys/class/backlight/intel_backlight target=40% (battery-idle backlight floor (class=idle, allowlist-gated))
effective_config:
domains.cpu_epp=actuate
domains.platform_profile=actuate
domains.vm_sysctl=actuate
domains.cpu_dma_latency=actuate
domains.device_resume_latency=actuate
domains.runtime_pm=actuate
domains.pci_aspm=actuate
domains.sata_alpm=actuate
domains.backlight=actuate
domains.cgroup_reweight=actuate
correlation_id=optid-000000006a89e4e4-0000000000000012 circuit: S5D outcome was neither a verified success nor a counted failure
correlation_id=optid-000000006a89e4e4-0000000000000012 circuit: S5D verified success reset scoped pre-threshold failures
correlation_id=optid-000000006a89e4e4-0000000000000012 circuit: S5D outcome was neither a verified success nor a counted failure
correlation_id=optid-000000006a89e4e4-0000000000000012 circuit: S5D outcome was neither a verified success nor a counted failure
correlation_id=optid-000000006a89e4e4-0000000000000012 circuit: S5D outcome was neither a verified success nor a counted failure
correlation_id=optid-000000006a89e4e4-0000000000000012 circuit: S5D outcome was neither a verified success nor a counted failure
correlation_id=optid-000000006a89e4e4-0000000000000012 circuit: S5D outcome was neither a verified success nor a counted failure
correlation_id=optid-000000006a89e4e4-0000000000000012 circuit: S5D outcome was neither a verified success nor a counted failure
correlation_id=optid-000000006a89e4e4-0000000000000012 circuit: S5D outcome was neither a verified success nor a counted failure
correlation_id=optid-000000006a89e4e4-0000000000000012 circuit: S5D outcome was neither a verified success nor a counted failure
correlation_id=optid-000000006a89e4e4-0000000000000012 circuit: S5D outcome was neither a verified success nor a counted failure
correlation_id=optid-000000006a89e4e4-0000000000000012 circuit: S5D outcome was neither a verified success nor a counted failure
correlation_id=optid-000000006a89e4e4-0000000000000012 circuit: S5D outcome was neither a verified success nor a counted failure
correlation_id=optid-000000006a89e4e4-0000000000000012 circuit: S5D outcome was neither a verified success nor a counted failure
correlation_id=optid-000000006a89e4e4-0000000000000012 circuit: S5D outcome was neither a verified success nor a counted failure
correlation_id=optid-000000006a89e4e4-0000000000000012 circuit: S5D outcome was neither a verified success nor a counted failure
correlation_id=optid-000000006a89e4e4-0000000000000012 circuit: S5D outcome was neither a verified success nor a counted failure
correlation_id=optid-000000006a89e4e4-0000000000000012 circuit: S5D outcome was neither a verified success nor a counted failure
correlation_id=optid-000000006a89e4e4-0000000000000012 circuit: S5D outcome was neither a verified success nor a counted failure
correlation_id=optid-000000006a89e4e4-0000000000000012 circuit: S5D outcome was neither a verified success nor a counted failure
correlation_id=optid-000000006a89e4e4-0000000000000012 circuit: S5D outcome was neither a verified success nor a counted failure
correlation_id=optid-000000006a89e4e4-0000000000000012 circuit: S5D outcome was neither a verified success nor a counted failure
correlation_id=optid-000000006a89e4e4-0000000000000012 circuit: S5D outcome was neither a verified success nor a counted failure
correlation_id=optid-000000006a89e4e4-0000000000000012 circuit: S5D outcome was neither a verified success nor a counted failure
correlation_id=optid-000000006a89e4e4-0000000000000012 circuit: S5D outcome was neither a verified success nor a counted failure
correlation_id=optid-000000006a89e4e4-0000000000000012 circuit: S5D outcome was neither a verified success nor a counted failure
correlation_id=optid-000000006a89e4e4-0000000000000012 circuit: S5D outcome was neither a verified success nor a counted failure
correlation_id=optid-000000006a89e4e4-0000000000000012 reconciler: shadow_parity=true legacy_restore_intents=0 v1_restore_intents=0 intentional_v1_only=0
correlation_id=optid-000000006a89e4e4-0000000000000012
restore_outcomes=none
circuit_state=global_open=false open_domains=cgroup_reweight,cpu_dma_latency,platform_profile,runtime_pm records=20
timestamp=1787421965
mode=battery
on_ac=Some(false)
battery_pct=Some(93)
thermal_c=Some(38.0)
thermal_state=Cool
thermal_derating_ratio=0.00
thermal_die_sensor=hwmon:coretemp.0:coretemp:Package id 0
thermal_die_temp_c=38.0
thermal_skin_sensor=none
thermal_skin_temp_c=none
thermal_max_fan_rpm=2700
thermal_reasons:
- selected die signal hwmon:coretemp.0:coretemp:Package id 0 (package) at 38.0°C
- that value is a collapse maximum: hwmon:coretemp.0:coretemp:Package id 0 read 37.0°C itself and was raised to 38.0°C              by acpi:x86_pkg_temp
- clamped thermal_hi to 90.0°C based on hardware T_crit 100.0°C - 10°C
- effective thresholds: lo=60.0°C hi=90.0°C
- die temp 38.0°C <= lo threshold 60.0°C; state = cool (sensor=hwmon:coretemp.0:coretemp:Package id 0)
thermal_sensor_count=31
fan_sensor_count=2
loadavg_1=Some(0.74)
cpu_pressure=avg10=0.00 avg60=0.00 avg300=0.00 total=128912287
memory_pressure=avg10=0.00 avg60=0.00 avg300=0.00 total=1028755
io_pressure=avg10=0.14 avg60=0.12 avg300=0.06 total=33512542
workload_class=idle
workload_reason=pinned override (global)
cpu_wakeup_latency=100000
device_resume_latency=1000000
reasons:
- system is on battery
actions:
- cpu.epp=power (prefer battery life through CPU energy preference)
- platform.profile=low-power (request low-power platform profile)
- systemd.set-property background.slice CPUWeight=25 IOWeight=25 (deprioritize background services on battery)
- vm.sysctl /proc/sys/vm/swappiness=60 (adjust swappiness for current mode)
- vm.sysctl /proc/sys/vm/dirty_background_bytes=67108864 (adjust dirty background bytes for current mode)
- vm.sysctl /proc/sys/vm/dirty_bytes=134217728 (adjust dirty bytes for current mode)
- cpu_dma_latency=100000 (class=idle, floor=100000us, row=contracts.idle)
- runtime_pm /sys/bus/pci/devices/0000:00:17.0 control=auto autosuspend_delay_ms=2000 (battery-idle runtime PM (class=idle, allowlist-gated))
- runtime_pm /sys/bus/pci/devices/0000:00:08.0 control=auto autosuspend_delay_ms=2000 (battery-idle runtime PM (class=idle, allowlist-gated))
- runtime_pm /sys/bus/pci/devices/0000:00:1f.0 control=auto autosuspend_delay_ms=2000 (battery-idle runtime PM (class=idle, allowlist-gated))
- runtime_pm /sys/bus/pci/devices/0000:00:04.0 control=auto autosuspend_delay_ms=2000 (battery-idle runtime PM (class=idle, allowlist-gated))
- runtime_pm /sys/bus/pci/devices/0000:00:14.3 control=auto autosuspend_delay_ms=2000 (battery-idle runtime PM (class=idle, allowlist-gated))
- runtime_pm /sys/bus/pci/devices/0000:00:16.0 control=auto autosuspend_delay_ms=2000 (battery-idle runtime PM (class=idle, allowlist-gated))
- runtime_pm /sys/bus/pci/devices/0000:01:00.0 control=auto autosuspend_delay_ms=2000 (battery-idle runtime PM (class=idle, allowlist-gated))
- runtime_pm /sys/bus/pci/devices/0000:00:1b.0 control=auto autosuspend_delay_ms=2000 (battery-idle runtime PM (class=idle, allowlist-gated))
- runtime_pm /sys/bus/pci/devices/0000:00:1f.5 control=auto autosuspend_delay_ms=2000 (battery-idle runtime PM (class=idle, allowlist-gated))
- runtime_pm /sys/bus/pci/devices/0000:07:00.0 control=auto autosuspend_delay_ms=2000 (battery-idle runtime PM (class=idle, allowlist-gated))
- runtime_pm /sys/bus/pci/devices/0000:00:1e.0 control=auto autosuspend_delay_ms=2000 (battery-idle runtime PM (class=idle, allowlist-gated))
- runtime_pm /sys/bus/pci/devices/0000:00:1f.3 control=auto autosuspend_delay_ms=2000 (battery-idle runtime PM (class=idle, allowlist-gated))
- runtime_pm /sys/bus/pci/devices/0000:00:00.0 control=auto autosuspend_delay_ms=2000 (battery-idle runtime PM (class=idle, allowlist-gated))
- runtime_pm /sys/bus/pci/devices/0000:00:1d.4 control=auto autosuspend_delay_ms=2000 (battery-idle runtime PM (class=idle, allowlist-gated))
- runtime_pm /sys/bus/pci/devices/0000:00:15.0 control=auto autosuspend_delay_ms=2000 (battery-idle runtime PM (class=idle, allowlist-gated))
- runtime_pm /sys/bus/pci/devices/0000:00:1d.0 control=auto autosuspend_delay_ms=2000 (battery-idle runtime PM (class=idle, allowlist-gated))
- runtime_pm /sys/bus/pci/devices/0000:00:1e.3 control=auto autosuspend_delay_ms=2000 (battery-idle runtime PM (class=idle, allowlist-gated))
- runtime_pm /sys/bus/pci/devices/0000:00:14.2 control=auto autosuspend_delay_ms=2000 (battery-idle runtime PM (class=idle, allowlist-gated))
- runtime_pm /sys/bus/pci/devices/0000:00:02.0 control=auto autosuspend_delay_ms=2000 (battery-idle runtime PM (class=idle, allowlist-gated))
- runtime_pm /sys/bus/pci/devices/0000:00:1e.1 control=auto autosuspend_delay_ms=2000 (battery-idle runtime PM (class=idle, allowlist-gated))
- runtime_pm /sys/bus/pci/devices/0000:00:14.0 control=auto autosuspend_delay_ms=2000 (battery-idle runtime PM (class=idle, allowlist-gated))
- runtime_pm /sys/bus/pci/devices/0000:00:1f.4 control=auto autosuspend_delay_ms=2000 (battery-idle runtime PM (class=idle, allowlist-gated))
- runtime_pm /sys/bus/pci/devices/0000:00:0a.0 control=auto autosuspend_delay_ms=2000 (battery-idle runtime PM (class=idle, allowlist-gated))
- runtime_pm /sys/bus/usb/devices/1-14 control=auto autosuspend_delay_ms=2000 (battery-idle runtime PM (class=idle, allowlist-gated))
- runtime_pm /sys/bus/usb/devices/usb1 control=auto autosuspend_delay_ms=2000 (battery-idle runtime PM (class=idle, allowlist-gated))
- runtime_pm /sys/bus/usb/devices/usb2 control=auto autosuspend_delay_ms=2000 (battery-idle runtime PM (class=idle, allowlist-gated))
- runtime_pm /sys/bus/usb/devices/1-6 control=auto autosuspend_delay_ms=2000 (battery-idle runtime PM (class=idle, allowlist-gated))
- pci_aspm /sys/bus/pci/devices/0000:01:00.0 l1_aspm=1 (battery-idle PCIe ASPM (class=idle, allowlist-gated))
- pci_aspm /sys/bus/pci/devices/0000:07:00.0 l1_aspm=1 (battery-idle PCIe ASPM (class=idle, allowlist-gated))
- sata_alpm /sys/class/scsi_host/host7 policy=med_power_with_dipm (battery-idle SATA ALPM (class=idle, allowlist-gated))
- sata_alpm /sys/class/scsi_host/host5 policy=med_power_with_dipm (battery-idle SATA ALPM (class=idle, allowlist-gated))
- sata_alpm /sys/class/scsi_host/host3 policy=med_power_with_dipm (battery-idle SATA ALPM (class=idle, allowlist-gated))
- sata_alpm /sys/class/scsi_host/host1 policy=med_power_with_dipm (battery-idle SATA ALPM (class=idle, allowlist-gated))
- sata_alpm /sys/class/scsi_host/host6 policy=med_power_with_dipm (battery-idle SATA ALPM (class=idle, allowlist-gated))
- sata_alpm /sys/class/scsi_host/host4 policy=med_power_with_dipm (battery-idle SATA ALPM (class=idle, allowlist-gated))
- sata_alpm /sys/class/scsi_host/host2 policy=med_power_with_dipm (battery-idle SATA ALPM (class=idle, allowlist-gated))
- sata_alpm /sys/class/scsi_host/host0 policy=med_power_with_dipm (battery-idle SATA ALPM (class=idle, allowlist-gated))
- backlight /sys/class/backlight/intel_backlight target=40% (battery-idle backlight floor (class=idle, allowlist-gated))
effective_config:
domains.cpu_epp=actuate
domains.platform_profile=actuate
domains.vm_sysctl=actuate
domains.cpu_dma_latency=actuate
domains.device_resume_latency=actuate
domains.runtime_pm=actuate
domains.pci_aspm=actuate
domains.sata_alpm=actuate
domains.backlight=actuate
domains.cgroup_reweight=actuate
correlation_id=optid-000000006a89e4e4-0000000000000013 circuit: S5D outcome was neither a verified success nor a counted failure
correlation_id=optid-000000006a89e4e4-0000000000000013 circuit: S5D verified success reset scoped pre-threshold failures
correlation_id=optid-000000006a89e4e4-0000000000000013 circuit: S5D outcome was neither a verified success nor a counted failure
correlation_id=optid-000000006a89e4e4-0000000000000013 circuit: S5D outcome was neither a verified success nor a counted failure
correlation_id=optid-000000006a89e4e4-0000000000000013 circuit: S5D outcome was neither a verified success nor a counted failure
correlation_id=optid-000000006a89e4e4-0000000000000013 circuit: S5D outcome was neither a verified success nor a counted failure
correlation_id=optid-000000006a89e4e4-0000000000000013 circuit: S5D outcome was neither a verified success nor a counted failure
correlation_id=optid-000000006a89e4e4-0000000000000013 circuit: S5D outcome was neither a verified success nor a counted failure
correlation_id=optid-000000006a89e4e4-0000000000000013 circuit: S5D outcome was neither a verified success nor a counted failure
correlation_id=optid-000000006a89e4e4-0000000000000013 circuit: S5D outcome was neither a verified success nor a counted failure
correlation_id=optid-000000006a89e4e4-0000000000000013 circuit: S5D outcome was neither a verified success nor a counted failure
correlation_id=optid-000000006a89e4e4-0000000000000013 circuit: S5D outcome was neither a verified success nor a counted failure
correlation_id=optid-000000006a89e4e4-0000000000000013 circuit: S5D outcome was neither a verified success nor a counted failure
correlation_id=optid-000000006a89e4e4-0000000000000013 circuit: S5D outcome was neither a verified success nor a counted failure
correlation_id=optid-000000006a89e4e4-0000000000000013 circuit: S5D outcome was neither a verified success nor a counted failure
correlation_id=optid-000000006a89e4e4-0000000000000013 circuit: S5D outcome was neither a verified success nor a counted failure
correlation_id=optid-000000006a89e4e4-0000000000000013 circuit: S5D outcome was neither a verified success nor a counted failure
correlation_id=optid-000000006a89e4e4-0000000000000013 circuit: S5D outcome was neither a verified success nor a counted failure
correlation_id=optid-000000006a89e4e4-0000000000000013 circuit: S5D outcome was neither a verified success nor a counted failure
correlation_id=optid-000000006a89e4e4-0000000000000013 circuit: S5D outcome was neither a verified success nor a counted failure
correlation_id=optid-000000006a89e4e4-0000000000000013 circuit: S5D outcome was neither a verified success nor a counted failure
correlation_id=optid-000000006a89e4e4-0000000000000013 circuit: S5D outcome was neither a verified success nor a counted failure
correlation_id=optid-000000006a89e4e4-0000000000000013 circuit: S5D outcome was neither a verified success nor a counted failure
correlation_id=optid-000000006a89e4e4-0000000000000013 circuit: S5D outcome was neither a verified success nor a counted failure
correlation_id=optid-000000006a89e4e4-0000000000000013 circuit: S5D outcome was neither a verified success nor a counted failure
correlation_id=optid-000000006a89e4e4-0000000000000013 circuit: S5D outcome was neither a verified success nor a counted failure
correlation_id=optid-000000006a89e4e4-0000000000000013 circuit: S5D outcome was neither a verified success nor a counted failure
correlation_id=optid-000000006a89e4e4-0000000000000013 reconciler: shadow_parity=true legacy_restore_intents=0 v1_restore_intents=0 intentional_v1_only=0
correlation_id=optid-000000006a89e4e4-0000000000000013
restore_outcomes=none
circuit_state=global_open=false open_domains=cgroup_reweight,cpu_dma_latency,platform_profile,runtime_pm records=20
timestamp=1787421969
mode=battery
on_ac=Some(false)
battery_pct=Some(93)
thermal_c=Some(36.0)
thermal_state=Cool
thermal_derating_ratio=0.00
thermal_die_sensor=hwmon:coretemp.0:coretemp:Package id 0
thermal_die_temp_c=36.0
thermal_skin_sensor=none
thermal_skin_temp_c=none
thermal_max_fan_rpm=2700
thermal_reasons:
- selected die signal hwmon:coretemp.0:coretemp:Package id 0 (package) at 36.0°C
- clamped thermal_hi to 90.0°C based on hardware T_crit 100.0°C - 10°C
- effective thresholds: lo=60.0°C hi=90.0°C
- die temp 36.0°C <= lo threshold 60.0°C; state = cool (sensor=hwmon:coretemp.0:coretemp:Package id 0)
thermal_sensor_count=31
fan_sensor_count=2
loadavg_1=Some(0.76)
cpu_pressure=avg10=0.00 avg60=0.00 avg300=0.00 total=128922207
memory_pressure=avg10=0.00 avg60=0.00 avg300=0.00 total=1028755
io_pressure=avg10=1.46 avg60=0.40 avg300=0.12 total=33715352
workload_class=idle
workload_reason=pinned override (global)
cpu_wakeup_latency=100000
device_resume_latency=1000000
reasons:
- system is on battery
actions:
- cpu.epp=power (prefer battery life through CPU energy preference)
- platform.profile=low-power (request low-power platform profile)
- systemd.set-property background.slice CPUWeight=25 IOWeight=25 (deprioritize background services on battery)
- vm.sysctl /proc/sys/vm/swappiness=60 (adjust swappiness for current mode)
- vm.sysctl /proc/sys/vm/dirty_background_bytes=67108864 (adjust dirty background bytes for current mode)
- vm.sysctl /proc/sys/vm/dirty_bytes=134217728 (adjust dirty bytes for current mode)
- cpu_dma_latency=100000 (class=idle, floor=100000us, row=contracts.idle)
- runtime_pm /sys/bus/pci/devices/0000:00:17.0 control=auto autosuspend_delay_ms=2000 (battery-idle runtime PM (class=idle, allowlist-gated))
- runtime_pm /sys/bus/pci/devices/0000:00:08.0 control=auto autosuspend_delay_ms=2000 (battery-idle runtime PM (class=idle, allowlist-gated))
- runtime_pm /sys/bus/pci/devices/0000:00:1f.0 control=auto autosuspend_delay_ms=2000 (battery-idle runtime PM (class=idle, allowlist-gated))
- runtime_pm /sys/bus/pci/devices/0000:00:04.0 control=auto autosuspend_delay_ms=2000 (battery-idle runtime PM (class=idle, allowlist-gated))
- runtime_pm /sys/bus/pci/devices/0000:00:14.3 control=auto autosuspend_delay_ms=2000 (battery-idle runtime PM (class=idle, allowlist-gated))
- runtime_pm /sys/bus/pci/devices/0000:00:16.0 control=auto autosuspend_delay_ms=2000 (battery-idle runtime PM (class=idle, allowlist-gated))
- runtime_pm /sys/bus/pci/devices/0000:01:00.0 control=auto autosuspend_delay_ms=2000 (battery-idle runtime PM (class=idle, allowlist-gated))
- runtime_pm /sys/bus/pci/devices/0000:00:1b.0 control=auto autosuspend_delay_ms=2000 (battery-idle runtime PM (class=idle, allowlist-gated))
- runtime_pm /sys/bus/pci/devices/0000:00:1f.5 control=auto autosuspend_delay_ms=2000 (battery-idle runtime PM (class=idle, allowlist-gated))
- runtime_pm /sys/bus/pci/devices/0000:07:00.0 control=auto autosuspend_delay_ms=2000 (battery-idle runtime PM (class=idle, allowlist-gated))
- runtime_pm /sys/bus/pci/devices/0000:00:1e.0 control=auto autosuspend_delay_ms=2000 (battery-idle runtime PM (class=idle, allowlist-gated))
- runtime_pm /sys/bus/pci/devices/0000:00:1f.3 control=auto autosuspend_delay_ms=2000 (battery-idle runtime PM (class=idle, allowlist-gated))
- runtime_pm /sys/bus/pci/devices/0000:00:00.0 control=auto autosuspend_delay_ms=2000 (battery-idle runtime PM (class=idle, allowlist-gated))
- runtime_pm /sys/bus/pci/devices/0000:00:1d.4 control=auto autosuspend_delay_ms=2000 (battery-idle runtime PM (class=idle, allowlist-gated))
- runtime_pm /sys/bus/pci/devices/0000:00:15.0 control=auto autosuspend_delay_ms=2000 (battery-idle runtime PM (class=idle, allowlist-gated))
- runtime_pm /sys/bus/pci/devices/0000:00:1d.0 control=auto autosuspend_delay_ms=2000 (battery-idle runtime PM (class=idle, allowlist-gated))
- runtime_pm /sys/bus/pci/devices/0000:00:1e.3 control=auto autosuspend_delay_ms=2000 (battery-idle runtime PM (class=idle, allowlist-gated))
- runtime_pm /sys/bus/pci/devices/0000:00:14.2 control=auto autosuspend_delay_ms=2000 (battery-idle runtime PM (class=idle, allowlist-gated))
- runtime_pm /sys/bus/pci/devices/0000:00:02.0 control=auto autosuspend_delay_ms=2000 (battery-idle runtime PM (class=idle, allowlist-gated))
- runtime_pm /sys/bus/pci/devices/0000:00:1e.1 control=auto autosuspend_delay_ms=2000 (battery-idle runtime PM (class=idle, allowlist-gated))
- runtime_pm /sys/bus/pci/devices/0000:00:14.0 control=auto autosuspend_delay_ms=2000 (battery-idle runtime PM (class=idle, allowlist-gated))
- runtime_pm /sys/bus/pci/devices/0000:00:1f.4 control=auto autosuspend_delay_ms=2000 (battery-idle runtime PM (class=idle, allowlist-gated))
- runtime_pm /sys/bus/pci/devices/0000:00:0a.0 control=auto autosuspend_delay_ms=2000 (battery-idle runtime PM (class=idle, allowlist-gated))
- runtime_pm /sys/bus/usb/devices/1-14 control=auto autosuspend_delay_ms=2000 (battery-idle runtime PM (class=idle, allowlist-gated))
- runtime_pm /sys/bus/usb/devices/usb1 control=auto autosuspend_delay_ms=2000 (battery-idle runtime PM (class=idle, allowlist-gated))
- runtime_pm /sys/bus/usb/devices/usb2 control=auto autosuspend_delay_ms=2000 (battery-idle runtime PM (class=idle, allowlist-gated))
- runtime_pm /sys/bus/usb/devices/1-6 control=auto autosuspend_delay_ms=2000 (battery-idle runtime PM (class=idle, allowlist-gated))
- pci_aspm /sys/bus/pci/devices/0000:01:00.0 l1_aspm=1 (battery-idle PCIe ASPM (class=idle, allowlist-gated))
- pci_aspm /sys/bus/pci/devices/0000:07:00.0 l1_aspm=1 (battery-idle PCIe ASPM (class=idle, allowlist-gated))
- sata_alpm /sys/class/scsi_host/host7 policy=med_power_with_dipm (battery-idle SATA ALPM (class=idle, allowlist-gated))
- sata_alpm /sys/class/scsi_host/host5 policy=med_power_with_dipm (battery-idle SATA ALPM (class=idle, allowlist-gated))
- sata_alpm /sys/class/scsi_host/host3 policy=med_power_with_dipm (battery-idle SATA ALPM (class=idle, allowlist-gated))
- sata_alpm /sys/class/scsi_host/host1 policy=med_power_with_dipm (battery-idle SATA ALPM (class=idle, allowlist-gated))
- sata_alpm /sys/class/scsi_host/host6 policy=med_power_with_dipm (battery-idle SATA ALPM (class=idle, allowlist-gated))
- sata_alpm /sys/class/scsi_host/host4 policy=med_power_with_dipm (battery-idle SATA ALPM (class=idle, allowlist-gated))
- sata_alpm /sys/class/scsi_host/host2 policy=med_power_with_dipm (battery-idle SATA ALPM (class=idle, allowlist-gated))
- sata_alpm /sys/class/scsi_host/host0 policy=med_power_with_dipm (battery-idle SATA ALPM (class=idle, allowlist-gated))
- backlight /sys/class/backlight/intel_backlight target=40% (battery-idle backlight floor (class=idle, allowlist-gated))
effective_config:
domains.cpu_epp=actuate
domains.platform_profile=actuate
domains.vm_sysctl=actuate
domains.cpu_dma_latency=actuate
domains.device_resume_latency=actuate
domains.runtime_pm=actuate
domains.pci_aspm=actuate
domains.sata_alpm=actuate
domains.backlight=actuate
domains.cgroup_reweight=actuate
correlation_id=optid-000000006a89e4e4-0000000000000014 circuit: S5D outcome was neither a verified success nor a counted failure
correlation_id=optid-000000006a89e4e4-0000000000000014 circuit: S5D verified success reset scoped pre-threshold failures
correlation_id=optid-000000006a89e4e4-0000000000000014 circuit: S5D outcome was neither a verified success nor a counted failure
correlation_id=optid-000000006a89e4e4-0000000000000014 circuit: S5D outcome was neither a verified success nor a counted failure
correlation_id=optid-000000006a89e4e4-0000000000000014 circuit: S5D outcome was neither a verified success nor a counted failure
correlation_id=optid-000000006a89e4e4-0000000000000014 circuit: S5D outcome was neither a verified success nor a counted failure
correlation_id=optid-000000006a89e4e4-0000000000000014 circuit: S5D outcome was neither a verified success nor a counted failure
correlation_id=optid-000000006a89e4e4-0000000000000014 circuit: S5D outcome was neither a verified success nor a counted failure
correlation_id=optid-000000006a89e4e4-0000000000000014 circuit: S5D outcome was neither a verified success nor a counted failure
correlation_id=optid-000000006a89e4e4-0000000000000014 circuit: S5D outcome was neither a verified success nor a counted failure
correlation_id=optid-000000006a89e4e4-0000000000000014 circuit: S5D outcome was neither a verified success nor a counted failure
correlation_id=optid-000000006a89e4e4-0000000000000014 circuit: S5D outcome was neither a verified success nor a counted failure
correlation_id=optid-000000006a89e4e4-0000000000000014 circuit: S5D outcome was neither a verified success nor a counted failure
correlation_id=optid-000000006a89e4e4-0000000000000014 circuit: S5D outcome was neither a verified success nor a counted failure
correlation_id=optid-000000006a89e4e4-0000000000000014 circuit: S5D outcome was neither a verified success nor a counted failure
correlation_id=optid-000000006a89e4e4-0000000000000014 circuit: S5D outcome was neither a verified success nor a counted failure
correlation_id=optid-000000006a89e4e4-0000000000000014 circuit: S5D outcome was neither a verified success nor a counted failure
correlation_id=optid-000000006a89e4e4-0000000000000014 circuit: S5D outcome was neither a verified success nor a counted failure
correlation_id=optid-000000006a89e4e4-0000000000000014 circuit: S5D outcome was neither a verified success nor a counted failure
correlation_id=optid-000000006a89e4e4-0000000000000014 circuit: S5D outcome was neither a verified success nor a counted failure
correlation_id=optid-000000006a89e4e4-0000000000000014 circuit: S5D outcome was neither a verified success nor a counted failure
correlation_id=optid-000000006a89e4e4-0000000000000014 circuit: S5D outcome was neither a verified success nor a counted failure
correlation_id=optid-000000006a89e4e4-0000000000000014 circuit: S5D outcome was neither a verified success nor a counted failure
correlation_id=optid-000000006a89e4e4-0000000000000014 circuit: S5D outcome was neither a verified success nor a counted failure
correlation_id=optid-000000006a89e4e4-0000000000000014 circuit: S5D outcome was neither a verified success nor a counted failure
correlation_id=optid-000000006a89e4e4-0000000000000014 circuit: S5D outcome was neither a verified success nor a counted failure
correlation_id=optid-000000006a89e4e4-0000000000000014 circuit: S5D outcome was neither a verified success nor a counted failure
correlation_id=optid-000000006a89e4e4-0000000000000014 reconciler: shadow_parity=true legacy_restore_intents=0 v1_restore_intents=0 intentional_v1_only=0
correlation_id=optid-000000006a89e4e4-0000000000000014
restore_outcomes=none
circuit_state=global_open=false open_domains=cgroup_reweight,cpu_dma_latency,platform_profile,runtime_pm records=20
timestamp=1787421972
mode=battery
on_ac=Some(false)
battery_pct=Some(93)
thermal_c=Some(37.0)
thermal_state=Cool
thermal_derating_ratio=0.00
thermal_die_sensor=hwmon:coretemp.0:coretemp:Package id 0
thermal_die_temp_c=37.0
thermal_skin_sensor=none
thermal_skin_temp_c=none
thermal_max_fan_rpm=2700
thermal_reasons:
- selected die signal hwmon:coretemp.0:coretemp:Package id 0 (package) at 37.0°C
- clamped thermal_hi to 90.0°C based on hardware T_crit 100.0°C - 10°C
- effective thresholds: lo=60.0°C hi=90.0°C
- die temp 37.0°C <= lo threshold 60.0°C; state = cool (sensor=hwmon:coretemp.0:coretemp:Package id 0)
thermal_sensor_count=31
fan_sensor_count=2
loadavg_1=Some(0.7)
cpu_pressure=avg10=0.00 avg60=0.00 avg300=0.00 total=128926962
memory_pressure=avg10=0.00 avg60=0.00 avg300=0.00 total=1028755
io_pressure=avg10=1.56 avg60=0.45 avg300=0.13 total=33749457
workload_class=idle
workload_reason=pinned override (global)
cpu_wakeup_latency=100000
device_resume_latency=1000000
reasons:
- system is on battery
actions:
- cpu.epp=power (prefer battery life through CPU energy preference)
- platform.profile=low-power (request low-power platform profile)
- systemd.set-property background.slice CPUWeight=25 IOWeight=25 (deprioritize background services on battery)
- vm.sysctl /proc/sys/vm/swappiness=60 (adjust swappiness for current mode)
- vm.sysctl /proc/sys/vm/dirty_background_bytes=67108864 (adjust dirty background bytes for current mode)
- vm.sysctl /proc/sys/vm/dirty_bytes=134217728 (adjust dirty bytes for current mode)
- cpu_dma_latency=100000 (class=idle, floor=100000us, row=contracts.idle)
- runtime_pm /sys/bus/pci/devices/0000:00:17.0 control=auto autosuspend_delay_ms=2000 (battery-idle runtime PM (class=idle, allowlist-gated))
- runtime_pm /sys/bus/pci/devices/0000:00:08.0 control=auto autosuspend_delay_ms=2000 (battery-idle runtime PM (class=idle, allowlist-gated))
- runtime_pm /sys/bus/pci/devices/0000:00:1f.0 control=auto autosuspend_delay_ms=2000 (battery-idle runtime PM (class=idle, allowlist-gated))
- runtime_pm /sys/bus/pci/devices/0000:00:04.0 control=auto autosuspend_delay_ms=2000 (battery-idle runtime PM (class=idle, allowlist-gated))
- runtime_pm /sys/bus/pci/devices/0000:00:14.3 control=auto autosuspend_delay_ms=2000 (battery-idle runtime PM (class=idle, allowlist-gated))
- runtime_pm /sys/bus/pci/devices/0000:00:16.0 control=auto autosuspend_delay_ms=2000 (battery-idle runtime PM (class=idle, allowlist-gated))
- runtime_pm /sys/bus/pci/devices/0000:01:00.0 control=auto autosuspend_delay_ms=2000 (battery-idle runtime PM (class=idle, allowlist-gated))
- runtime_pm /sys/bus/pci/devices/0000:00:1b.0 control=auto autosuspend_delay_ms=2000 (battery-idle runtime PM (class=idle, allowlist-gated))
- runtime_pm /sys/bus/pci/devices/0000:00:1f.5 control=auto autosuspend_delay_ms=2000 (battery-idle runtime PM (class=idle, allowlist-gated))
- runtime_pm /sys/bus/pci/devices/0000:07:00.0 control=auto autosuspend_delay_ms=2000 (battery-idle runtime PM (class=idle, allowlist-gated))
- runtime_pm /sys/bus/pci/devices/0000:00:1e.0 control=auto autosuspend_delay_ms=2000 (battery-idle runtime PM (class=idle, allowlist-gated))
- runtime_pm /sys/bus/pci/devices/0000:00:1f.3 control=auto autosuspend_delay_ms=2000 (battery-idle runtime PM (class=idle, allowlist-gated))
- runtime_pm /sys/bus/pci/devices/0000:00:00.0 control=auto autosuspend_delay_ms=2000 (battery-idle runtime PM (class=idle, allowlist-gated))
- runtime_pm /sys/bus/pci/devices/0000:00:1d.4 control=auto autosuspend_delay_ms=2000 (battery-idle runtime PM (class=idle, allowlist-gated))
- runtime_pm /sys/bus/pci/devices/0000:00:15.0 control=auto autosuspend_delay_ms=2000 (battery-idle runtime PM (class=idle, allowlist-gated))
- runtime_pm /sys/bus/pci/devices/0000:00:1d.0 control=auto autosuspend_delay_ms=2000 (battery-idle runtime PM (class=idle, allowlist-gated))
- runtime_pm /sys/bus/pci/devices/0000:00:1e.3 control=auto autosuspend_delay_ms=2000 (battery-idle runtime PM (class=idle, allowlist-gated))
- runtime_pm /sys/bus/pci/devices/0000:00:14.2 control=auto autosuspend_delay_ms=2000 (battery-idle runtime PM (class=idle, allowlist-gated))
- runtime_pm /sys/bus/pci/devices/0000:00:02.0 control=auto autosuspend_delay_ms=2000 (battery-idle runtime PM (class=idle, allowlist-gated))
- runtime_pm /sys/bus/pci/devices/0000:00:1e.1 control=auto autosuspend_delay_ms=2000 (battery-idle runtime PM (class=idle, allowlist-gated))
- runtime_pm /sys/bus/pci/devices/0000:00:14.0 control=auto autosuspend_delay_ms=2000 (battery-idle runtime PM (class=idle, allowlist-gated))
- runtime_pm /sys/bus/pci/devices/0000:00:1f.4 control=auto autosuspend_delay_ms=2000 (battery-idle runtime PM (class=idle, allowlist-gated))
- runtime_pm /sys/bus/pci/devices/0000:00:0a.0 control=auto autosuspend_delay_ms=2000 (battery-idle runtime PM (class=idle, allowlist-gated))
- runtime_pm /sys/bus/usb/devices/1-14 control=auto autosuspend_delay_ms=2000 (battery-idle runtime PM (class=idle, allowlist-gated))
- runtime_pm /sys/bus/usb/devices/usb1 control=auto autosuspend_delay_ms=2000 (battery-idle runtime PM (class=idle, allowlist-gated))
- runtime_pm /sys/bus/usb/devices/usb2 control=auto autosuspend_delay_ms=2000 (battery-idle runtime PM (class=idle, allowlist-gated))
- runtime_pm /sys/bus/usb/devices/1-6 control=auto autosuspend_delay_ms=2000 (battery-idle runtime PM (class=idle, allowlist-gated))
- pci_aspm /sys/bus/pci/devices/0000:01:00.0 l1_aspm=1 (battery-idle PCIe ASPM (class=idle, allowlist-gated))
- pci_aspm /sys/bus/pci/devices/0000:07:00.0 l1_aspm=1 (battery-idle PCIe ASPM (class=idle, allowlist-gated))
- sata_alpm /sys/class/scsi_host/host7 policy=med_power_with_dipm (battery-idle SATA ALPM (class=idle, allowlist-gated))
- sata_alpm /sys/class/scsi_host/host5 policy=med_power_with_dipm (battery-idle SATA ALPM (class=idle, allowlist-gated))
- sata_alpm /sys/class/scsi_host/host3 policy=med_power_with_dipm (battery-idle SATA ALPM (class=idle, allowlist-gated))
- sata_alpm /sys/class/scsi_host/host1 policy=med_power_with_dipm (battery-idle SATA ALPM (class=idle, allowlist-gated))
- sata_alpm /sys/class/scsi_host/host6 policy=med_power_with_dipm (battery-idle SATA ALPM (class=idle, allowlist-gated))
- sata_alpm /sys/class/scsi_host/host4 policy=med_power_with_dipm (battery-idle SATA ALPM (class=idle, allowlist-gated))
- sata_alpm /sys/class/scsi_host/host2 policy=med_power_with_dipm (battery-idle SATA ALPM (class=idle, allowlist-gated))
- sata_alpm /sys/class/scsi_host/host0 policy=med_power_with_dipm (battery-idle SATA ALPM (class=idle, allowlist-gated))
- backlight /sys/class/backlight/intel_backlight target=40% (battery-idle backlight floor (class=idle, allowlist-gated))
effective_config:
domains.cpu_epp=actuate
domains.platform_profile=actuate
domains.vm_sysctl=actuate
domains.cpu_dma_latency=actuate
domains.device_resume_latency=actuate
domains.runtime_pm=actuate
domains.pci_aspm=actuate
domains.sata_alpm=actuate
domains.backlight=actuate
domains.cgroup_reweight=actuate
correlation_id=optid-000000006a89e4e4-0000000000000015 circuit: S5D outcome was neither a verified success nor a counted failure
correlation_id=optid-000000006a89e4e4-0000000000000015 circuit: S5D verified success reset scoped pre-threshold failures
correlation_id=optid-000000006a89e4e4-0000000000000015 circuit: S5D outcome was neither a verified success nor a counted failure
correlation_id=optid-000000006a89e4e4-0000000000000015 circuit: S5D outcome was neither a verified success nor a counted failure
correlation_id=optid-000000006a89e4e4-0000000000000015 circuit: S5D outcome was neither a verified success nor a counted failure
correlation_id=optid-000000006a89e4e4-0000000000000015 circuit: S5D outcome was neither a verified success nor a counted failure
correlation_id=optid-000000006a89e4e4-0000000000000015 circuit: S5D outcome was neither a verified success nor a counted failure
correlation_id=optid-000000006a89e4e4-0000000000000015 circuit: S5D outcome was neither a verified success nor a counted failure
correlation_id=optid-000000006a89e4e4-0000000000000015 circuit: S5D outcome was neither a verified success nor a counted failure
correlation_id=optid-000000006a89e4e4-0000000000000015 circuit: S5D outcome was neither a verified success nor a counted failure
correlation_id=optid-000000006a89e4e4-0000000000000015 circuit: S5D outcome was neither a verified success nor a counted failure
correlation_id=optid-000000006a89e4e4-0000000000000015 circuit: S5D outcome was neither a verified success nor a counted failure
correlation_id=optid-000000006a89e4e4-0000000000000015 circuit: S5D outcome was neither a verified success nor a counted failure
correlation_id=optid-000000006a89e4e4-0000000000000015 circuit: S5D outcome was neither a verified success nor a counted failure
correlation_id=optid-000000006a89e4e4-0000000000000015 circuit: S5D outcome was neither a verified success nor a counted failure
correlation_id=optid-000000006a89e4e4-0000000000000015 circuit: S5D outcome was neither a verified success nor a counted failure
correlation_id=optid-000000006a89e4e4-0000000000000015 circuit: S5D outcome was neither a verified success nor a counted failure
correlation_id=optid-000000006a89e4e4-0000000000000015 circuit: S5D outcome was neither a verified success nor a counted failure
correlation_id=optid-000000006a89e4e4-0000000000000015 circuit: S5D outcome was neither a verified success nor a counted failure
correlation_id=optid-000000006a89e4e4-0000000000000015 circuit: S5D outcome was neither a verified success nor a counted failure
correlation_id=optid-000000006a89e4e4-0000000000000015 circuit: S5D outcome was neither a verified success nor a counted failure
correlation_id=optid-000000006a89e4e4-0000000000000015 circuit: S5D outcome was neither a verified success nor a counted failure
correlation_id=optid-000000006a89e4e4-0000000000000015 circuit: S5D outcome was neither a verified success nor a counted failure
correlation_id=optid-000000006a89e4e4-0000000000000015 circuit: S5D outcome was neither a verified success nor a counted failure
correlation_id=optid-000000006a89e4e4-0000000000000015 circuit: S5D outcome was neither a verified success nor a counted failure
correlation_id=optid-000000006a89e4e4-0000000000000015 circuit: S5D outcome was neither a verified success nor a counted failure
correlation_id=optid-000000006a89e4e4-0000000000000015 circuit: S5D outcome was neither a verified success nor a counted failure
correlation_id=optid-000000006a89e4e4-0000000000000015 reconciler: shadow_parity=true legacy_restore_intents=0 v1_restore_intents=0 intentional_v1_only=0
correlation_id=optid-000000006a89e4e4-0000000000000015
restore_outcomes=none
circuit_state=global_open=false open_domains=cgroup_reweight,cpu_dma_latency,platform_profile,runtime_pm records=20
timestamp=1787421974
mode=battery
on_ac=Some(false)
battery_pct=Some(93)
thermal_c=Some(37.0)
thermal_state=Cool
thermal_derating_ratio=0.00
thermal_die_sensor=hwmon:coretemp.0:coretemp:Package id 0
thermal_die_temp_c=37.0
thermal_skin_sensor=none
thermal_skin_temp_c=none
thermal_max_fan_rpm=2700
thermal_reasons:
- selected die signal hwmon:coretemp.0:coretemp:Package id 0 (package) at 37.0°C
- clamped thermal_hi to 90.0°C based on hardware T_crit 100.0°C - 10°C
- effective thresholds: lo=60.0°C hi=90.0°C
- die temp 37.0°C <= lo threshold 60.0°C; state = cool (sensor=hwmon:coretemp.0:coretemp:Package id 0)
thermal_sensor_count=31
fan_sensor_count=2
loadavg_1=Some(0.7)
cpu_pressure=avg10=0.00 avg60=0.00 avg300=0.00 total=128934308
memory_pressure=avg10=0.00 avg60=0.00 avg300=0.00 total=1028755
io_pressure=avg10=1.27 avg60=0.44 avg300=0.13 total=33762693
workload_class=idle
workload_reason=pinned override (global)
cpu_wakeup_latency=100000
device_resume_latency=1000000
reasons:
- system is on battery
actions:
- cpu.epp=power (prefer battery life through CPU energy preference)
- platform.profile=low-power (request low-power platform profile)
- systemd.set-property background.slice CPUWeight=25 IOWeight=25 (deprioritize background services on battery)
- vm.sysctl /proc/sys/vm/swappiness=60 (adjust swappiness for current mode)
- vm.sysctl /proc/sys/vm/dirty_background_bytes=67108864 (adjust dirty background bytes for current mode)
- vm.sysctl /proc/sys/vm/dirty_bytes=134217728 (adjust dirty bytes for current mode)
- cpu_dma_latency=100000 (class=idle, floor=100000us, row=contracts.idle)
- runtime_pm /sys/bus/pci/devices/0000:00:17.0 control=auto autosuspend_delay_ms=2000 (battery-idle runtime PM (class=idle, allowlist-gated))
- runtime_pm /sys/bus/pci/devices/0000:00:08.0 control=auto autosuspend_delay_ms=2000 (battery-idle runtime PM (class=idle, allowlist-gated))
- runtime_pm /sys/bus/pci/devices/0000:00:1f.0 control=auto autosuspend_delay_ms=2000 (battery-idle runtime PM (class=idle, allowlist-gated))
- runtime_pm /sys/bus/pci/devices/0000:00:04.0 control=auto autosuspend_delay_ms=2000 (battery-idle runtime PM (class=idle, allowlist-gated))
- runtime_pm /sys/bus/pci/devices/0000:00:14.3 control=auto autosuspend_delay_ms=2000 (battery-idle runtime PM (class=idle, allowlist-gated))
- runtime_pm /sys/bus/pci/devices/0000:00:16.0 control=auto autosuspend_delay_ms=2000 (battery-idle runtime PM (class=idle, allowlist-gated))
- runtime_pm /sys/bus/pci/devices/0000:01:00.0 control=auto autosuspend_delay_ms=2000 (battery-idle runtime PM (class=idle, allowlist-gated))
- runtime_pm /sys/bus/pci/devices/0000:00:1b.0 control=auto autosuspend_delay_ms=2000 (battery-idle runtime PM (class=idle, allowlist-gated))
- runtime_pm /sys/bus/pci/devices/0000:00:1f.5 control=auto autosuspend_delay_ms=2000 (battery-idle runtime PM (class=idle, allowlist-gated))
- runtime_pm /sys/bus/pci/devices/0000:07:00.0 control=auto autosuspend_delay_ms=2000 (battery-idle runtime PM (class=idle, allowlist-gated))
- runtime_pm /sys/bus/pci/devices/0000:00:1e.0 control=auto autosuspend_delay_ms=2000 (battery-idle runtime PM (class=idle, allowlist-gated))
- runtime_pm /sys/bus/pci/devices/0000:00:1f.3 control=auto autosuspend_delay_ms=2000 (battery-idle runtime PM (class=idle, allowlist-gated))
- runtime_pm /sys/bus/pci/devices/0000:00:00.0 control=auto autosuspend_delay_ms=2000 (battery-idle runtime PM (class=idle, allowlist-gated))
- runtime_pm /sys/bus/pci/devices/0000:00:1d.4 control=auto autosuspend_delay_ms=2000 (battery-idle runtime PM (class=idle, allowlist-gated))
- runtime_pm /sys/bus/pci/devices/0000:00:15.0 control=auto autosuspend_delay_ms=2000 (battery-idle runtime PM (class=idle, allowlist-gated))
- runtime_pm /sys/bus/pci/devices/0000:00:1d.0 control=auto autosuspend_delay_ms=2000 (battery-idle runtime PM (class=idle, allowlist-gated))
- runtime_pm /sys/bus/pci/devices/0000:00:1e.3 control=auto autosuspend_delay_ms=2000 (battery-idle runtime PM (class=idle, allowlist-gated))
- runtime_pm /sys/bus/pci/devices/0000:00:14.2 control=auto autosuspend_delay_ms=2000 (battery-idle runtime PM (class=idle, allowlist-gated))
- runtime_pm /sys/bus/pci/devices/0000:00:02.0 control=auto autosuspend_delay_ms=2000 (battery-idle runtime PM (class=idle, allowlist-gated))
- runtime_pm /sys/bus/pci/devices/0000:00:1e.1 control=auto autosuspend_delay_ms=2000 (battery-idle runtime PM (class=idle, allowlist-gated))
- runtime_pm /sys/bus/pci/devices/0000:00:14.0 control=auto autosuspend_delay_ms=2000 (battery-idle runtime PM (class=idle, allowlist-gated))
- runtime_pm /sys/bus/pci/devices/0000:00:1f.4 control=auto autosuspend_delay_ms=2000 (battery-idle runtime PM (class=idle, allowlist-gated))
- runtime_pm /sys/bus/pci/devices/0000:00:0a.0 control=auto autosuspend_delay_ms=2000 (battery-idle runtime PM (class=idle, allowlist-gated))
- runtime_pm /sys/bus/usb/devices/1-14 control=auto autosuspend_delay_ms=2000 (battery-idle runtime PM (class=idle, allowlist-gated))
- runtime_pm /sys/bus/usb/devices/usb1 control=auto autosuspend_delay_ms=2000 (battery-idle runtime PM (class=idle, allowlist-gated))
- runtime_pm /sys/bus/usb/devices/usb2 control=auto autosuspend_delay_ms=2000 (battery-idle runtime PM (class=idle, allowlist-gated))
- runtime_pm /sys/bus/usb/devices/1-6 control=auto autosuspend_delay_ms=2000 (battery-idle runtime PM (class=idle, allowlist-gated))
- pci_aspm /sys/bus/pci/devices/0000:01:00.0 l1_aspm=1 (battery-idle PCIe ASPM (class=idle, allowlist-gated))
- pci_aspm /sys/bus/pci/devices/0000:07:00.0 l1_aspm=1 (battery-idle PCIe ASPM (class=idle, allowlist-gated))
- sata_alpm /sys/class/scsi_host/host7 policy=med_power_with_dipm (battery-idle SATA ALPM (class=idle, allowlist-gated))
- sata_alpm /sys/class/scsi_host/host5 policy=med_power_with_dipm (battery-idle SATA ALPM (class=idle, allowlist-gated))
- sata_alpm /sys/class/scsi_host/host3 policy=med_power_with_dipm (battery-idle SATA ALPM (class=idle, allowlist-gated))
- sata_alpm /sys/class/scsi_host/host1 policy=med_power_with_dipm (battery-idle SATA ALPM (class=idle, allowlist-gated))
- sata_alpm /sys/class/scsi_host/host6 policy=med_power_with_dipm (battery-idle SATA ALPM (class=idle, allowlist-gated))
- sata_alpm /sys/class/scsi_host/host4 policy=med_power_with_dipm (battery-idle SATA ALPM (class=idle, allowlist-gated))
- sata_alpm /sys/class/scsi_host/host2 policy=med_power_with_dipm (battery-idle SATA ALPM (class=idle, allowlist-gated))
- sata_alpm /sys/class/scsi_host/host0 policy=med_power_with_dipm (battery-idle SATA ALPM (class=idle, allowlist-gated))
- backlight /sys/class/backlight/intel_backlight target=40% (battery-idle backlight floor (class=idle, allowlist-gated))
effective_config:
domains.cpu_epp=actuate
domains.platform_profile=actuate
domains.vm_sysctl=actuate
domains.cpu_dma_latency=actuate
domains.device_resume_latency=actuate
domains.runtime_pm=actuate
domains.pci_aspm=actuate
domains.sata_alpm=actuate
domains.backlight=actuate
domains.cgroup_reweight=actuate
correlation_id=optid-000000006a89e4e4-0000000000000016 circuit: S5D outcome was neither a verified success nor a counted failure
correlation_id=optid-000000006a89e4e4-0000000000000016 circuit: S5D verified success reset scoped pre-threshold failures
correlation_id=optid-000000006a89e4e4-0000000000000016 circuit: S5D outcome was neither a verified success nor a counted failure
correlation_id=optid-000000006a89e4e4-0000000000000016 circuit: S5D outcome was neither a verified success nor a counted failure
correlation_id=optid-000000006a89e4e4-0000000000000016 circuit: S5D outcome was neither a verified success nor a counted failure
correlation_id=optid-000000006a89e4e4-0000000000000016 circuit: S5D outcome was neither a verified success nor a counted failure
correlation_id=optid-000000006a89e4e4-0000000000000016 circuit: S5D outcome was neither a verified success nor a counted failure
correlation_id=optid-000000006a89e4e4-0000000000000016 circuit: S5D outcome was neither a verified success nor a counted failure
correlation_id=optid-000000006a89e4e4-0000000000000016 circuit: S5D outcome was neither a verified success nor a counted failure
correlation_id=optid-000000006a89e4e4-0000000000000016 circuit: S5D outcome was neither a verified success nor a counted failure
correlation_id=optid-000000006a89e4e4-0000000000000016 circuit: S5D outcome was neither a verified success nor a counted failure
correlation_id=optid-000000006a89e4e4-0000000000000016 circuit: S5D outcome was neither a verified success nor a counted failure
correlation_id=optid-000000006a89e4e4-0000000000000016 circuit: S5D outcome was neither a verified success nor a counted failure
correlation_id=optid-000000006a89e4e4-0000000000000016 circuit: S5D outcome was neither a verified success nor a counted failure
correlation_id=optid-000000006a89e4e4-0000000000000016 circuit: S5D outcome was neither a verified success nor a counted failure
correlation_id=optid-000000006a89e4e4-0000000000000016 circuit: S5D outcome was neither a verified success nor a counted failure
correlation_id=optid-000000006a89e4e4-0000000000000016 circuit: S5D outcome was neither a verified success nor a counted failure
correlation_id=optid-000000006a89e4e4-0000000000000016 circuit: S5D outcome was neither a verified success nor a counted failure
correlation_id=optid-000000006a89e4e4-0000000000000016 circuit: S5D outcome was neither a verified success nor a counted failure
correlation_id=optid-000000006a89e4e4-0000000000000016 circuit: S5D outcome was neither a verified success nor a counted failure
correlation_id=optid-000000006a89e4e4-0000000000000016 circuit: S5D outcome was neither a verified success nor a counted failure
correlation_id=optid-000000006a89e4e4-0000000000000016 circuit: S5D outcome was neither a verified success nor a counted failure
correlation_id=optid-000000006a89e4e4-0000000000000016 circuit: S5D outcome was neither a verified success nor a counted failure
correlation_id=optid-000000006a89e4e4-0000000000000016 circuit: S5D outcome was neither a verified success nor a counted failure
correlation_id=optid-000000006a89e4e4-0000000000000016 circuit: S5D outcome was neither a verified success nor a counted failure
correlation_id=optid-000000006a89e4e4-0000000000000016 circuit: S5D outcome was neither a verified success nor a counted failure
correlation_id=optid-000000006a89e4e4-0000000000000016 circuit: S5D outcome was neither a verified success nor a counted failure
correlation_id=optid-000000006a89e4e4-0000000000000016 reconciler: shadow_parity=true legacy_restore_intents=0 v1_restore_intents=0 intentional_v1_only=0
correlation_id=optid-000000006a89e4e4-0000000000000016
restore_outcomes=none
circuit_state=global_open=false open_domains=cgroup_reweight,cpu_dma_latency,platform_profile,runtime_pm records=20
timestamp=1787421976
mode=battery
on_ac=Some(false)
battery_pct=Some(93)
thermal_c=Some(36.0)
thermal_state=Cool
thermal_derating_ratio=0.00
thermal_die_sensor=hwmon:coretemp.0:coretemp:Package id 0
thermal_die_temp_c=36.0
thermal_skin_sensor=none
thermal_skin_temp_c=none
thermal_max_fan_rpm=2700
thermal_reasons:
- selected die signal hwmon:coretemp.0:coretemp:Package id 0 (package) at 36.0°C
- clamped thermal_hi to 90.0°C based on hardware T_crit 100.0°C - 10°C
- effective thresholds: lo=60.0°C hi=90.0°C
- die temp 36.0°C <= lo threshold 60.0°C; state = cool (sensor=hwmon:coretemp.0:coretemp:Package id 0)
thermal_sensor_count=31
fan_sensor_count=2
loadavg_1=Some(0.7)
cpu_pressure=avg10=0.00 avg60=0.00 avg300=0.00 total=128936274
memory_pressure=avg10=0.00 avg60=0.00 avg300=0.00 total=1028755
io_pressure=avg10=1.22 avg60=0.45 avg300=0.14 total=33802164
workload_class=idle
workload_reason=pinned override (global)
cpu_wakeup_latency=100000
device_resume_latency=1000000
reasons:
- system is on battery
actions:
- cpu.epp=power (prefer battery life through CPU energy preference)
- platform.profile=low-power (request low-power platform profile)
- systemd.set-property background.slice CPUWeight=25 IOWeight=25 (deprioritize background services on battery)
- vm.sysctl /proc/sys/vm/swappiness=60 (adjust swappiness for current mode)
- vm.sysctl /proc/sys/vm/dirty_background_bytes=67108864 (adjust dirty background bytes for current mode)
- vm.sysctl /proc/sys/vm/dirty_bytes=134217728 (adjust dirty bytes for current mode)
- cpu_dma_latency=100000 (class=idle, floor=100000us, row=contracts.idle)
- runtime_pm /sys/bus/pci/devices/0000:00:17.0 control=auto autosuspend_delay_ms=2000 (battery-idle runtime PM (class=idle, allowlist-gated))
- runtime_pm /sys/bus/pci/devices/0000:00:08.0 control=auto autosuspend_delay_ms=2000 (battery-idle runtime PM (class=idle, allowlist-gated))
- runtime_pm /sys/bus/pci/devices/0000:00:1f.0 control=auto autosuspend_delay_ms=2000 (battery-idle runtime PM (class=idle, allowlist-gated))
- runtime_pm /sys/bus/pci/devices/0000:00:04.0 control=auto autosuspend_delay_ms=2000 (battery-idle runtime PM (class=idle, allowlist-gated))
- runtime_pm /sys/bus/pci/devices/0000:00:14.3 control=auto autosuspend_delay_ms=2000 (battery-idle runtime PM (class=idle, allowlist-gated))
- runtime_pm /sys/bus/pci/devices/0000:00:16.0 control=auto autosuspend_delay_ms=2000 (battery-idle runtime PM (class=idle, allowlist-gated))
- runtime_pm /sys/bus/pci/devices/0000:01:00.0 control=auto autosuspend_delay_ms=2000 (battery-idle runtime PM (class=idle, allowlist-gated))
- runtime_pm /sys/bus/pci/devices/0000:00:1b.0 control=auto autosuspend_delay_ms=2000 (battery-idle runtime PM (class=idle, allowlist-gated))
- runtime_pm /sys/bus/pci/devices/0000:00:1f.5 control=auto autosuspend_delay_ms=2000 (battery-idle runtime PM (class=idle, allowlist-gated))
- runtime_pm /sys/bus/pci/devices/0000:07:00.0 control=auto autosuspend_delay_ms=2000 (battery-idle runtime PM (class=idle, allowlist-gated))
- runtime_pm /sys/bus/pci/devices/0000:00:1e.0 control=auto autosuspend_delay_ms=2000 (battery-idle runtime PM (class=idle, allowlist-gated))
- runtime_pm /sys/bus/pci/devices/0000:00:1f.3 control=auto autosuspend_delay_ms=2000 (battery-idle runtime PM (class=idle, allowlist-gated))
- runtime_pm /sys/bus/pci/devices/0000:00:00.0 control=auto autosuspend_delay_ms=2000 (battery-idle runtime PM (class=idle, allowlist-gated))
- runtime_pm /sys/bus/pci/devices/0000:00:1d.4 control=auto autosuspend_delay_ms=2000 (battery-idle runtime PM (class=idle, allowlist-gated))
- runtime_pm /sys/bus/pci/devices/0000:00:15.0 control=auto autosuspend_delay_ms=2000 (battery-idle runtime PM (class=idle, allowlist-gated))
- runtime_pm /sys/bus/pci/devices/0000:00:1d.0 control=auto autosuspend_delay_ms=2000 (battery-idle runtime PM (class=idle, allowlist-gated))
- runtime_pm /sys/bus/pci/devices/0000:00:1e.3 control=auto autosuspend_delay_ms=2000 (battery-idle runtime PM (class=idle, allowlist-gated))
- runtime_pm /sys/bus/pci/devices/0000:00:14.2 control=auto autosuspend_delay_ms=2000 (battery-idle runtime PM (class=idle, allowlist-gated))
- runtime_pm /sys/bus/pci/devices/0000:00:02.0 control=auto autosuspend_delay_ms=2000 (battery-idle runtime PM (class=idle, allowlist-gated))
- runtime_pm /sys/bus/pci/devices/0000:00:1e.1 control=auto autosuspend_delay_ms=2000 (battery-idle runtime PM (class=idle, allowlist-gated))
- runtime_pm /sys/bus/pci/devices/0000:00:14.0 control=auto autosuspend_delay_ms=2000 (battery-idle runtime PM (class=idle, allowlist-gated))
- runtime_pm /sys/bus/pci/devices/0000:00:1f.4 control=auto autosuspend_delay_ms=2000 (battery-idle runtime PM (class=idle, allowlist-gated))
- runtime_pm /sys/bus/pci/devices/0000:00:0a.0 control=auto autosuspend_delay_ms=2000 (battery-idle runtime PM (class=idle, allowlist-gated))
- runtime_pm /sys/bus/usb/devices/1-14 control=auto autosuspend_delay_ms=2000 (battery-idle runtime PM (class=idle, allowlist-gated))
- runtime_pm /sys/bus/usb/devices/usb1 control=auto autosuspend_delay_ms=2000 (battery-idle runtime PM (class=idle, allowlist-gated))
- runtime_pm /sys/bus/usb/devices/usb2 control=auto autosuspend_delay_ms=2000 (battery-idle runtime PM (class=idle, allowlist-gated))
- runtime_pm /sys/bus/usb/devices/1-6 control=auto autosuspend_delay_ms=2000 (battery-idle runtime PM (class=idle, allowlist-gated))
- pci_aspm /sys/bus/pci/devices/0000:01:00.0 l1_aspm=1 (battery-idle PCIe ASPM (class=idle, allowlist-gated))
- pci_aspm /sys/bus/pci/devices/0000:07:00.0 l1_aspm=1 (battery-idle PCIe ASPM (class=idle, allowlist-gated))
- sata_alpm /sys/class/scsi_host/host7 policy=med_power_with_dipm (battery-idle SATA ALPM (class=idle, allowlist-gated))
- sata_alpm /sys/class/scsi_host/host5 policy=med_power_with_dipm (battery-idle SATA ALPM (class=idle, allowlist-gated))
- sata_alpm /sys/class/scsi_host/host3 policy=med_power_with_dipm (battery-idle SATA ALPM (class=idle, allowlist-gated))
- sata_alpm /sys/class/scsi_host/host1 policy=med_power_with_dipm (battery-idle SATA ALPM (class=idle, allowlist-gated))
- sata_alpm /sys/class/scsi_host/host6 policy=med_power_with_dipm (battery-idle SATA ALPM (class=idle, allowlist-gated))
- sata_alpm /sys/class/scsi_host/host4 policy=med_power_with_dipm (battery-idle SATA ALPM (class=idle, allowlist-gated))
- sata_alpm /sys/class/scsi_host/host2 policy=med_power_with_dipm (battery-idle SATA ALPM (class=idle, allowlist-gated))
- sata_alpm /sys/class/scsi_host/host0 policy=med_power_with_dipm (battery-idle SATA ALPM (class=idle, allowlist-gated))
- backlight /sys/class/backlight/intel_backlight target=40% (battery-idle backlight floor (class=idle, allowlist-gated))
effective_config:
domains.cpu_epp=actuate
domains.platform_profile=actuate
domains.vm_sysctl=actuate
domains.cpu_dma_latency=actuate
domains.device_resume_latency=actuate
domains.runtime_pm=actuate
domains.pci_aspm=actuate
domains.sata_alpm=actuate
domains.backlight=actuate
domains.cgroup_reweight=actuate
correlation_id=optid-000000006a89e4e4-0000000000000017 circuit: S5D outcome was neither a verified success nor a counted failure
correlation_id=optid-000000006a89e4e4-0000000000000017 circuit: S5D verified success reset scoped pre-threshold failures
correlation_id=optid-000000006a89e4e4-0000000000000017 circuit: S5D outcome was neither a verified success nor a counted failure
correlation_id=optid-000000006a89e4e4-0000000000000017 circuit: S5D outcome was neither a verified success nor a counted failure
correlation_id=optid-000000006a89e4e4-0000000000000017 circuit: S5D outcome was neither a verified success nor a counted failure
correlation_id=optid-000000006a89e4e4-0000000000000017 circuit: S5D outcome was neither a verified success nor a counted failure
correlation_id=optid-000000006a89e4e4-0000000000000017 circuit: S5D outcome was neither a verified success nor a counted failure
correlation_id=optid-000000006a89e4e4-0000000000000017 circuit: S5D outcome was neither a verified success nor a counted failure
correlation_id=optid-000000006a89e4e4-0000000000000017 circuit: S5D outcome was neither a verified success nor a counted failure
correlation_id=optid-000000006a89e4e4-0000000000000017 circuit: S5D outcome was neither a verified success nor a counted failure
correlation_id=optid-000000006a89e4e4-0000000000000017 circuit: S5D outcome was neither a verified success nor a counted failure
correlation_id=optid-000000006a89e4e4-0000000000000017 circuit: S5D outcome was neither a verified success nor a counted failure
correlation_id=optid-000000006a89e4e4-0000000000000017 circuit: S5D outcome was neither a verified success nor a counted failure
correlation_id=optid-000000006a89e4e4-0000000000000017 circuit: S5D outcome was neither a verified success nor a counted failure
correlation_id=optid-000000006a89e4e4-0000000000000017 circuit: S5D outcome was neither a verified success nor a counted failure
correlation_id=optid-000000006a89e4e4-0000000000000017 circuit: S5D outcome was neither a verified success nor a counted failure
correlation_id=optid-000000006a89e4e4-0000000000000017 circuit: S5D outcome was neither a verified success nor a counted failure
correlation_id=optid-000000006a89e4e4-0000000000000017 circuit: S5D outcome was neither a verified success nor a counted failure
correlation_id=optid-000000006a89e4e4-0000000000000017 circuit: S5D outcome was neither a verified success nor a counted failure
correlation_id=optid-000000006a89e4e4-0000000000000017 circuit: S5D outcome was neither a verified success nor a counted failure
correlation_id=optid-000000006a89e4e4-0000000000000017 circuit: S5D outcome was neither a verified success nor a counted failure
correlation_id=optid-000000006a89e4e4-0000000000000017 circuit: S5D outcome was neither a verified success nor a counted failure
correlation_id=optid-000000006a89e4e4-0000000000000017 circuit: S5D outcome was neither a verified success nor a counted failure
correlation_id=optid-000000006a89e4e4-0000000000000017 circuit: S5D outcome was neither a verified success nor a counted failure
correlation_id=optid-000000006a89e4e4-0000000000000017 circuit: S5D outcome was neither a verified success nor a counted failure
correlation_id=optid-000000006a89e4e4-0000000000000017 circuit: S5D outcome was neither a verified success nor a counted failure
correlation_id=optid-000000006a89e4e4-0000000000000017 circuit: S5D outcome was neither a verified success nor a counted failure
correlation_id=optid-000000006a89e4e4-0000000000000017 reconciler: shadow_parity=true legacy_restore_intents=0 v1_restore_intents=0 intentional_v1_only=0
correlation_id=optid-000000006a89e4e4-0000000000000017
restore_outcomes=none
circuit_state=global_open=false open_domains=cgroup_reweight,cpu_dma_latency,platform_profile,runtime_pm records=20
timestamp=1787421979
mode=battery
on_ac=Some(false)
battery_pct=Some(93)
thermal_c=Some(36.0)
thermal_state=Cool
thermal_derating_ratio=0.00
thermal_die_sensor=hwmon:coretemp.0:coretemp:Package id 0
thermal_die_temp_c=36.0
thermal_skin_sensor=none
thermal_skin_temp_c=none
thermal_max_fan_rpm=2700
thermal_reasons:
- selected die signal hwmon:coretemp.0:coretemp:Package id 0 (package) at 36.0°C
- that value is a collapse maximum: hwmon:coretemp.0:coretemp:Package id 0 read 35.0°C itself and was raised to 36.0°C              by acpi:x86_pkg_temp
- clamped thermal_hi to 90.0°C based on hardware T_crit 100.0°C - 10°C
- effective thresholds: lo=60.0°C hi=90.0°C
- die temp 36.0°C <= lo threshold 60.0°C; state = cool (sensor=hwmon:coretemp.0:coretemp:Package id 0)
thermal_sensor_count=31
fan_sensor_count=2
loadavg_1=Some(0.72)
cpu_pressure=avg10=0.00 avg60=0.00 avg300=0.00 total=128937973
memory_pressure=avg10=0.00 avg60=0.00 avg300=0.00 total=1028755
io_pressure=avg10=1.36 avg60=0.51 avg300=0.15 total=33842052
workload_class=idle
workload_reason=pinned override (global)
cpu_wakeup_latency=100000
device_resume_latency=1000000
reasons:
- system is on battery
actions:
- cpu.epp=power (prefer battery life through CPU energy preference)
- platform.profile=low-power (request low-power platform profile)
- systemd.set-property background.slice CPUWeight=25 IOWeight=25 (deprioritize background services on battery)
- vm.sysctl /proc/sys/vm/swappiness=60 (adjust swappiness for current mode)
- vm.sysctl /proc/sys/vm/dirty_background_bytes=67108864 (adjust dirty background bytes for current mode)
- vm.sysctl /proc/sys/vm/dirty_bytes=134217728 (adjust dirty bytes for current mode)
- cpu_dma_latency=100000 (class=idle, floor=100000us, row=contracts.idle)
- runtime_pm /sys/bus/pci/devices/0000:00:17.0 control=auto autosuspend_delay_ms=2000 (battery-idle runtime PM (class=idle, allowlist-gated))
- runtime_pm /sys/bus/pci/devices/0000:00:08.0 control=auto autosuspend_delay_ms=2000 (battery-idle runtime PM (class=idle, allowlist-gated))
- runtime_pm /sys/bus/pci/devices/0000:00:1f.0 control=auto autosuspend_delay_ms=2000 (battery-idle runtime PM (class=idle, allowlist-gated))
- runtime_pm /sys/bus/pci/devices/0000:00:04.0 control=auto autosuspend_delay_ms=2000 (battery-idle runtime PM (class=idle, allowlist-gated))
- runtime_pm /sys/bus/pci/devices/0000:00:14.3 control=auto autosuspend_delay_ms=2000 (battery-idle runtime PM (class=idle, allowlist-gated))
- runtime_pm /sys/bus/pci/devices/0000:00:16.0 control=auto autosuspend_delay_ms=2000 (battery-idle runtime PM (class=idle, allowlist-gated))
- runtime_pm /sys/bus/pci/devices/0000:01:00.0 control=auto autosuspend_delay_ms=2000 (battery-idle runtime PM (class=idle, allowlist-gated))
- runtime_pm /sys/bus/pci/devices/0000:00:1b.0 control=auto autosuspend_delay_ms=2000 (battery-idle runtime PM (class=idle, allowlist-gated))
- runtime_pm /sys/bus/pci/devices/0000:00:1f.5 control=auto autosuspend_delay_ms=2000 (battery-idle runtime PM (class=idle, allowlist-gated))
- runtime_pm /sys/bus/pci/devices/0000:07:00.0 control=auto autosuspend_delay_ms=2000 (battery-idle runtime PM (class=idle, allowlist-gated))
- runtime_pm /sys/bus/pci/devices/0000:00:1e.0 control=auto autosuspend_delay_ms=2000 (battery-idle runtime PM (class=idle, allowlist-gated))
- runtime_pm /sys/bus/pci/devices/0000:00:1f.3 control=auto autosuspend_delay_ms=2000 (battery-idle runtime PM (class=idle, allowlist-gated))
- runtime_pm /sys/bus/pci/devices/0000:00:00.0 control=auto autosuspend_delay_ms=2000 (battery-idle runtime PM (class=idle, allowlist-gated))
- runtime_pm /sys/bus/pci/devices/0000:00:1d.4 control=auto autosuspend_delay_ms=2000 (battery-idle runtime PM (class=idle, allowlist-gated))
- runtime_pm /sys/bus/pci/devices/0000:00:15.0 control=auto autosuspend_delay_ms=2000 (battery-idle runtime PM (class=idle, allowlist-gated))
- runtime_pm /sys/bus/pci/devices/0000:00:1d.0 control=auto autosuspend_delay_ms=2000 (battery-idle runtime PM (class=idle, allowlist-gated))
- runtime_pm /sys/bus/pci/devices/0000:00:1e.3 control=auto autosuspend_delay_ms=2000 (battery-idle runtime PM (class=idle, allowlist-gated))
- runtime_pm /sys/bus/pci/devices/0000:00:14.2 control=auto autosuspend_delay_ms=2000 (battery-idle runtime PM (class=idle, allowlist-gated))
- runtime_pm /sys/bus/pci/devices/0000:00:02.0 control=auto autosuspend_delay_ms=2000 (battery-idle runtime PM (class=idle, allowlist-gated))
- runtime_pm /sys/bus/pci/devices/0000:00:1e.1 control=auto autosuspend_delay_ms=2000 (battery-idle runtime PM (class=idle, allowlist-gated))
- runtime_pm /sys/bus/pci/devices/0000:00:14.0 control=auto autosuspend_delay_ms=2000 (battery-idle runtime PM (class=idle, allowlist-gated))
- runtime_pm /sys/bus/pci/devices/0000:00:1f.4 control=auto autosuspend_delay_ms=2000 (battery-idle runtime PM (class=idle, allowlist-gated))
- runtime_pm /sys/bus/pci/devices/0000:00:0a.0 control=auto autosuspend_delay_ms=2000 (battery-idle runtime PM (class=idle, allowlist-gated))
- runtime_pm /sys/bus/usb/devices/1-14 control=auto autosuspend_delay_ms=2000 (battery-idle runtime PM (class=idle, allowlist-gated))
- runtime_pm /sys/bus/usb/devices/usb1 control=auto autosuspend_delay_ms=2000 (battery-idle runtime PM (class=idle, allowlist-gated))
- runtime_pm /sys/bus/usb/devices/usb2 control=auto autosuspend_delay_ms=2000 (battery-idle runtime PM (class=idle, allowlist-gated))
- runtime_pm /sys/bus/usb/devices/1-6 control=auto autosuspend_delay_ms=2000 (battery-idle runtime PM (class=idle, allowlist-gated))
- pci_aspm /sys/bus/pci/devices/0000:01:00.0 l1_aspm=1 (battery-idle PCIe ASPM (class=idle, allowlist-gated))
- pci_aspm /sys/bus/pci/devices/0000:07:00.0 l1_aspm=1 (battery-idle PCIe ASPM (class=idle, allowlist-gated))
- sata_alpm /sys/class/scsi_host/host7 policy=med_power_with_dipm (battery-idle SATA ALPM (class=idle, allowlist-gated))
- sata_alpm /sys/class/scsi_host/host5 policy=med_power_with_dipm (battery-idle SATA ALPM (class=idle, allowlist-gated))
- sata_alpm /sys/class/scsi_host/host3 policy=med_power_with_dipm (battery-idle SATA ALPM (class=idle, allowlist-gated))
- sata_alpm /sys/class/scsi_host/host1 policy=med_power_with_dipm (battery-idle SATA ALPM (class=idle, allowlist-gated))
- sata_alpm /sys/class/scsi_host/host6 policy=med_power_with_dipm (battery-idle SATA ALPM (class=idle, allowlist-gated))
- sata_alpm /sys/class/scsi_host/host4 policy=med_power_with_dipm (battery-idle SATA ALPM (class=idle, allowlist-gated))
- sata_alpm /sys/class/scsi_host/host2 policy=med_power_with_dipm (battery-idle SATA ALPM (class=idle, allowlist-gated))
- sata_alpm /sys/class/scsi_host/host0 policy=med_power_with_dipm (battery-idle SATA ALPM (class=idle, allowlist-gated))
- backlight /sys/class/backlight/intel_backlight target=40% (battery-idle backlight floor (class=idle, allowlist-gated))
effective_config:
domains.cpu_epp=actuate
domains.platform_profile=actuate
domains.vm_sysctl=actuate
domains.cpu_dma_latency=actuate
domains.device_resume_latency=actuate
domains.runtime_pm=actuate
domains.pci_aspm=actuate
domains.sata_alpm=actuate
domains.backlight=actuate
domains.cgroup_reweight=actuate
correlation_id=optid-000000006a89e4e4-0000000000000018 circuit: S5D outcome was neither a verified success nor a counted failure
correlation_id=optid-000000006a89e4e4-0000000000000018 circuit: S5D verified success reset scoped pre-threshold failures
correlation_id=optid-000000006a89e4e4-0000000000000018 circuit: S5D outcome was neither a verified success nor a counted failure
correlation_id=optid-000000006a89e4e4-0000000000000018 circuit: S5D outcome was neither a verified success nor a counted failure
correlation_id=optid-000000006a89e4e4-0000000000000018 circuit: S5D outcome was neither a verified success nor a counted failure
correlation_id=optid-000000006a89e4e4-0000000000000018 circuit: S5D outcome was neither a verified success nor a counted failure
correlation_id=optid-000000006a89e4e4-0000000000000018 circuit: S5D outcome was neither a verified success nor a counted failure
correlation_id=optid-000000006a89e4e4-0000000000000018 circuit: S5D outcome was neither a verified success nor a counted failure
correlation_id=optid-000000006a89e4e4-0000000000000018 circuit: S5D outcome was neither a verified success nor a counted failure
correlation_id=optid-000000006a89e4e4-0000000000000018 circuit: S5D outcome was neither a verified success nor a counted failure
correlation_id=optid-000000006a89e4e4-0000000000000018 circuit: S5D outcome was neither a verified success nor a counted failure
correlation_id=optid-000000006a89e4e4-0000000000000018 circuit: S5D outcome was neither a verified success nor a counted failure
correlation_id=optid-000000006a89e4e4-0000000000000018 circuit: S5D outcome was neither a verified success nor a counted failure
correlation_id=optid-000000006a89e4e4-0000000000000018 circuit: S5D outcome was neither a verified success nor a counted failure
correlation_id=optid-000000006a89e4e4-0000000000000018 circuit: S5D outcome was neither a verified success nor a counted failure
correlation_id=optid-000000006a89e4e4-0000000000000018 circuit: S5D outcome was neither a verified success nor a counted failure
correlation_id=optid-000000006a89e4e4-0000000000000018 circuit: S5D outcome was neither a verified success nor a counted failure
correlation_id=optid-000000006a89e4e4-0000000000000018 circuit: S5D outcome was neither a verified success nor a counted failure
correlation_id=optid-000000006a89e4e4-0000000000000018 circuit: S5D outcome was neither a verified success nor a counted failure
correlation_id=optid-000000006a89e4e4-0000000000000018 circuit: S5D outcome was neither a verified success nor a counted failure
correlation_id=optid-000000006a89e4e4-0000000000000018 circuit: S5D outcome was neither a verified success nor a counted failure
correlation_id=optid-000000006a89e4e4-0000000000000018 circuit: S5D outcome was neither a verified success nor a counted failure
correlation_id=optid-000000006a89e4e4-0000000000000018 circuit: S5D outcome was neither a verified success nor a counted failure
correlation_id=optid-000000006a89e4e4-0000000000000018 circuit: S5D outcome was neither a verified success nor a counted failure
correlation_id=optid-000000006a89e4e4-0000000000000018 circuit: S5D outcome was neither a verified success nor a counted failure
correlation_id=optid-000000006a89e4e4-0000000000000018 circuit: S5D outcome was neither a verified success nor a counted failure
correlation_id=optid-000000006a89e4e4-0000000000000018 circuit: S5D outcome was neither a verified success nor a counted failure
correlation_id=optid-000000006a89e4e4-0000000000000018 reconciler: shadow_parity=true legacy_restore_intents=0 v1_restore_intents=0 intentional_v1_only=0
correlation_id=optid-000000006a89e4e4-0000000000000018
restore_outcomes=none
circuit_state=global_open=false open_domains=cgroup_reweight,cpu_dma_latency,platform_profile,runtime_pm records=20
timestamp=1787421981
mode=battery
on_ac=Some(false)
battery_pct=Some(93)
thermal_c=Some(38.0)
thermal_state=Cool
thermal_derating_ratio=0.00
thermal_die_sensor=hwmon:coretemp.0:coretemp:Package id 0
thermal_die_temp_c=38.0
thermal_skin_sensor=none
thermal_skin_temp_c=none
thermal_max_fan_rpm=2700
thermal_reasons:
- selected die signal hwmon:coretemp.0:coretemp:Package id 0 (package) at 38.0°C
- clamped thermal_hi to 90.0°C based on hardware T_crit 100.0°C - 10°C
- effective thresholds: lo=60.0°C hi=90.0°C
- die temp 38.0°C <= lo threshold 60.0°C; state = cool (sensor=hwmon:coretemp.0:coretemp:Package id 0)
thermal_sensor_count=31
fan_sensor_count=2
loadavg_1=Some(0.72)
cpu_pressure=avg10=0.00 avg60=0.00 avg300=0.00 total=128947584
memory_pressure=avg10=0.00 avg60=0.00 avg300=0.00 total=1028755
io_pressure=avg10=1.30 avg60=0.52 avg300=0.16 total=33859191
workload_class=idle
workload_reason=pinned override (global)
cpu_wakeup_latency=100000
device_resume_latency=1000000
reasons:
- system is on battery
actions:
- cpu.epp=power (prefer battery life through CPU energy preference)
- platform.profile=low-power (request low-power platform profile)
- systemd.set-property background.slice CPUWeight=25 IOWeight=25 (deprioritize background services on battery)
- vm.sysctl /proc/sys/vm/swappiness=60 (adjust swappiness for current mode)
- vm.sysctl /proc/sys/vm/dirty_background_bytes=67108864 (adjust dirty background bytes for current mode)
- vm.sysctl /proc/sys/vm/dirty_bytes=134217728 (adjust dirty bytes for current mode)
- cpu_dma_latency=100000 (class=idle, floor=100000us, row=contracts.idle)
- runtime_pm /sys/bus/pci/devices/0000:00:17.0 control=auto autosuspend_delay_ms=2000 (battery-idle runtime PM (class=idle, allowlist-gated))
- runtime_pm /sys/bus/pci/devices/0000:00:08.0 control=auto autosuspend_delay_ms=2000 (battery-idle runtime PM (class=idle, allowlist-gated))
- runtime_pm /sys/bus/pci/devices/0000:00:1f.0 control=auto autosuspend_delay_ms=2000 (battery-idle runtime PM (class=idle, allowlist-gated))
- runtime_pm /sys/bus/pci/devices/0000:00:04.0 control=auto autosuspend_delay_ms=2000 (battery-idle runtime PM (class=idle, allowlist-gated))
- runtime_pm /sys/bus/pci/devices/0000:00:14.3 control=auto autosuspend_delay_ms=2000 (battery-idle runtime PM (class=idle, allowlist-gated))
- runtime_pm /sys/bus/pci/devices/0000:00:16.0 control=auto autosuspend_delay_ms=2000 (battery-idle runtime PM (class=idle, allowlist-gated))
- runtime_pm /sys/bus/pci/devices/0000:01:00.0 control=auto autosuspend_delay_ms=2000 (battery-idle runtime PM (class=idle, allowlist-gated))
- runtime_pm /sys/bus/pci/devices/0000:00:1b.0 control=auto autosuspend_delay_ms=2000 (battery-idle runtime PM (class=idle, allowlist-gated))
- runtime_pm /sys/bus/pci/devices/0000:00:1f.5 control=auto autosuspend_delay_ms=2000 (battery-idle runtime PM (class=idle, allowlist-gated))
- runtime_pm /sys/bus/pci/devices/0000:07:00.0 control=auto autosuspend_delay_ms=2000 (battery-idle runtime PM (class=idle, allowlist-gated))
- runtime_pm /sys/bus/pci/devices/0000:00:1e.0 control=auto autosuspend_delay_ms=2000 (battery-idle runtime PM (class=idle, allowlist-gated))
- runtime_pm /sys/bus/pci/devices/0000:00:1f.3 control=auto autosuspend_delay_ms=2000 (battery-idle runtime PM (class=idle, allowlist-gated))
- runtime_pm /sys/bus/pci/devices/0000:00:00.0 control=auto autosuspend_delay_ms=2000 (battery-idle runtime PM (class=idle, allowlist-gated))
- runtime_pm /sys/bus/pci/devices/0000:00:1d.4 control=auto autosuspend_delay_ms=2000 (battery-idle runtime PM (class=idle, allowlist-gated))
- runtime_pm /sys/bus/pci/devices/0000:00:15.0 control=auto autosuspend_delay_ms=2000 (battery-idle runtime PM (class=idle, allowlist-gated))
- runtime_pm /sys/bus/pci/devices/0000:00:1d.0 control=auto autosuspend_delay_ms=2000 (battery-idle runtime PM (class=idle, allowlist-gated))
- runtime_pm /sys/bus/pci/devices/0000:00:1e.3 control=auto autosuspend_delay_ms=2000 (battery-idle runtime PM (class=idle, allowlist-gated))
- runtime_pm /sys/bus/pci/devices/0000:00:14.2 control=auto autosuspend_delay_ms=2000 (battery-idle runtime PM (class=idle, allowlist-gated))
- runtime_pm /sys/bus/pci/devices/0000:00:02.0 control=auto autosuspend_delay_ms=2000 (battery-idle runtime PM (class=idle, allowlist-gated))
- runtime_pm /sys/bus/pci/devices/0000:00:1e.1 control=auto autosuspend_delay_ms=2000 (battery-idle runtime PM (class=idle, allowlist-gated))
- runtime_pm /sys/bus/pci/devices/0000:00:14.0 control=auto autosuspend_delay_ms=2000 (battery-idle runtime PM (class=idle, allowlist-gated))
- runtime_pm /sys/bus/pci/devices/0000:00:1f.4 control=auto autosuspend_delay_ms=2000 (battery-idle runtime PM (class=idle, allowlist-gated))
- runtime_pm /sys/bus/pci/devices/0000:00:0a.0 control=auto autosuspend_delay_ms=2000 (battery-idle runtime PM (class=idle, allowlist-gated))
- runtime_pm /sys/bus/usb/devices/1-14 control=auto autosuspend_delay_ms=2000 (battery-idle runtime PM (class=idle, allowlist-gated))
- runtime_pm /sys/bus/usb/devices/usb1 control=auto autosuspend_delay_ms=2000 (battery-idle runtime PM (class=idle, allowlist-gated))
- runtime_pm /sys/bus/usb/devices/usb2 control=auto autosuspend_delay_ms=2000 (battery-idle runtime PM (class=idle, allowlist-gated))
- runtime_pm /sys/bus/usb/devices/1-6 control=auto autosuspend_delay_ms=2000 (battery-idle runtime PM (class=idle, allowlist-gated))
- pci_aspm /sys/bus/pci/devices/0000:01:00.0 l1_aspm=1 (battery-idle PCIe ASPM (class=idle, allowlist-gated))
- pci_aspm /sys/bus/pci/devices/0000:07:00.0 l1_aspm=1 (battery-idle PCIe ASPM (class=idle, allowlist-gated))
- sata_alpm /sys/class/scsi_host/host7 policy=med_power_with_dipm (battery-idle SATA ALPM (class=idle, allowlist-gated))
- sata_alpm /sys/class/scsi_host/host5 policy=med_power_with_dipm (battery-idle SATA ALPM (class=idle, allowlist-gated))
- sata_alpm /sys/class/scsi_host/host3 policy=med_power_with_dipm (battery-idle SATA ALPM (class=idle, allowlist-gated))
- sata_alpm /sys/class/scsi_host/host1 policy=med_power_with_dipm (battery-idle SATA ALPM (class=idle, allowlist-gated))
- sata_alpm /sys/class/scsi_host/host6 policy=med_power_with_dipm (battery-idle SATA ALPM (class=idle, allowlist-gated))
- sata_alpm /sys/class/scsi_host/host4 policy=med_power_with_dipm (battery-idle SATA ALPM (class=idle, allowlist-gated))
- sata_alpm /sys/class/scsi_host/host2 policy=med_power_with_dipm (battery-idle SATA ALPM (class=idle, allowlist-gated))
- sata_alpm /sys/class/scsi_host/host0 policy=med_power_with_dipm (battery-idle SATA ALPM (class=idle, allowlist-gated))
- backlight /sys/class/backlight/intel_backlight target=40% (battery-idle backlight floor (class=idle, allowlist-gated))
effective_config:
domains.cpu_epp=actuate
domains.platform_profile=actuate
domains.vm_sysctl=actuate
domains.cpu_dma_latency=actuate
domains.device_resume_latency=actuate
domains.runtime_pm=actuate
domains.pci_aspm=actuate
domains.sata_alpm=actuate
domains.backlight=actuate
domains.cgroup_reweight=actuate
correlation_id=optid-000000006a89e4e4-0000000000000019 circuit: S5D outcome was neither a verified success nor a counted failure
correlation_id=optid-000000006a89e4e4-0000000000000019 circuit: S5D verified success reset scoped pre-threshold failures
correlation_id=optid-000000006a89e4e4-0000000000000019 circuit: S5D outcome was neither a verified success nor a counted failure
correlation_id=optid-000000006a89e4e4-0000000000000019 circuit: S5D outcome was neither a verified success nor a counted failure
correlation_id=optid-000000006a89e4e4-0000000000000019 circuit: S5D outcome was neither a verified success nor a counted failure
correlation_id=optid-000000006a89e4e4-0000000000000019 circuit: S5D outcome was neither a verified success nor a counted failure
correlation_id=optid-000000006a89e4e4-0000000000000019 circuit: S5D outcome was neither a verified success nor a counted failure
correlation_id=optid-000000006a89e4e4-0000000000000019 circuit: S5D outcome was neither a verified success nor a counted failure
correlation_id=optid-000000006a89e4e4-0000000000000019 circuit: S5D outcome was neither a verified success nor a counted failure
correlation_id=optid-000000006a89e4e4-0000000000000019 circuit: S5D outcome was neither a verified success nor a counted failure
correlation_id=optid-000000006a89e4e4-0000000000000019 circuit: S5D outcome was neither a verified success nor a counted failure
correlation_id=optid-000000006a89e4e4-0000000000000019 circuit: S5D outcome was neither a verified success nor a counted failure
correlation_id=optid-000000006a89e4e4-0000000000000019 circuit: S5D outcome was neither a verified success nor a counted failure
correlation_id=optid-000000006a89e4e4-0000000000000019 circuit: S5D outcome was neither a verified success nor a counted failure
correlation_id=optid-000000006a89e4e4-0000000000000019 circuit: S5D outcome was neither a verified success nor a counted failure
correlation_id=optid-000000006a89e4e4-0000000000000019 circuit: S5D outcome was neither a verified success nor a counted failure
correlation_id=optid-000000006a89e4e4-0000000000000019 circuit: S5D outcome was neither a verified success nor a counted failure
correlation_id=optid-000000006a89e4e4-0000000000000019 circuit: S5D outcome was neither a verified success nor a counted failure
correlation_id=optid-000000006a89e4e4-0000000000000019 circuit: S5D outcome was neither a verified success nor a counted failure
correlation_id=optid-000000006a89e4e4-0000000000000019 circuit: S5D outcome was neither a verified success nor a counted failure
correlation_id=optid-000000006a89e4e4-0000000000000019 circuit: S5D outcome was neither a verified success nor a counted failure
correlation_id=optid-000000006a89e4e4-0000000000000019 circuit: S5D outcome was neither a verified success nor a counted failure
correlation_id=optid-000000006a89e4e4-0000000000000019 circuit: S5D outcome was neither a verified success nor a counted failure
correlation_id=optid-000000006a89e4e4-0000000000000019 circuit: S5D outcome was neither a verified success nor a counted failure
correlation_id=optid-000000006a89e4e4-0000000000000019 circuit: S5D outcome was neither a verified success nor a counted failure
correlation_id=optid-000000006a89e4e4-0000000000000019 circuit: S5D outcome was neither a verified success nor a counted failure
correlation_id=optid-000000006a89e4e4-0000000000000019 circuit: S5D outcome was neither a verified success nor a counted failure
correlation_id=optid-000000006a89e4e4-0000000000000019 reconciler: shadow_parity=true legacy_restore_intents=0 v1_restore_intents=0 intentional_v1_only=0
correlation_id=optid-000000006a89e4e4-0000000000000019
restore_outcomes=none
circuit_state=global_open=false open_domains=cgroup_reweight,cpu_dma_latency,platform_profile,runtime_pm records=20
timestamp=1787421983
mode=battery
on_ac=Some(false)
battery_pct=Some(93)
thermal_c=Some(37.0)
thermal_state=Cool
thermal_derating_ratio=0.00
thermal_die_sensor=hwmon:coretemp.0:coretemp:Package id 0
thermal_die_temp_c=37.0
thermal_skin_sensor=none
thermal_skin_temp_c=none
thermal_max_fan_rpm=2700
thermal_reasons:
- selected die signal hwmon:coretemp.0:coretemp:Package id 0 (package) at 37.0°C
- clamped thermal_hi to 90.0°C based on hardware T_crit 100.0°C - 10°C
- effective thresholds: lo=60.0°C hi=90.0°C
- die temp 37.0°C <= lo threshold 60.0°C; state = cool (sensor=hwmon:coretemp.0:coretemp:Package id 0)
thermal_sensor_count=31
fan_sensor_count=2
loadavg_1=Some(0.83)
cpu_pressure=avg10=0.00 avg60=0.00 avg300=0.00 total=128956773
memory_pressure=avg10=0.00 avg60=0.00 avg300=0.00 total=1028755
io_pressure=avg10=0.87 avg60=0.49 avg300=0.16 total=33880024
workload_class=idle
workload_reason=pinned override (global)
cpu_wakeup_latency=100000
device_resume_latency=1000000
reasons:
- system is on battery
actions:
- cpu.epp=power (prefer battery life through CPU energy preference)
- platform.profile=low-power (request low-power platform profile)
- systemd.set-property background.slice CPUWeight=25 IOWeight=25 (deprioritize background services on battery)
- vm.sysctl /proc/sys/vm/swappiness=60 (adjust swappiness for current mode)
- vm.sysctl /proc/sys/vm/dirty_background_bytes=67108864 (adjust dirty background bytes for current mode)
- vm.sysctl /proc/sys/vm/dirty_bytes=134217728 (adjust dirty bytes for current mode)
- cpu_dma_latency=100000 (class=idle, floor=100000us, row=contracts.idle)
- runtime_pm /sys/bus/pci/devices/0000:00:17.0 control=auto autosuspend_delay_ms=2000 (battery-idle runtime PM (class=idle, allowlist-gated))
- runtime_pm /sys/bus/pci/devices/0000:00:08.0 control=auto autosuspend_delay_ms=2000 (battery-idle runtime PM (class=idle, allowlist-gated))
- runtime_pm /sys/bus/pci/devices/0000:00:1f.0 control=auto autosuspend_delay_ms=2000 (battery-idle runtime PM (class=idle, allowlist-gated))
- runtime_pm /sys/bus/pci/devices/0000:00:04.0 control=auto autosuspend_delay_ms=2000 (battery-idle runtime PM (class=idle, allowlist-gated))
- runtime_pm /sys/bus/pci/devices/0000:00:14.3 control=auto autosuspend_delay_ms=2000 (battery-idle runtime PM (class=idle, allowlist-gated))
- runtime_pm /sys/bus/pci/devices/0000:00:16.0 control=auto autosuspend_delay_ms=2000 (battery-idle runtime PM (class=idle, allowlist-gated))
- runtime_pm /sys/bus/pci/devices/0000:01:00.0 control=auto autosuspend_delay_ms=2000 (battery-idle runtime PM (class=idle, allowlist-gated))
- runtime_pm /sys/bus/pci/devices/0000:00:1b.0 control=auto autosuspend_delay_ms=2000 (battery-idle runtime PM (class=idle, allowlist-gated))
- runtime_pm /sys/bus/pci/devices/0000:00:1f.5 control=auto autosuspend_delay_ms=2000 (battery-idle runtime PM (class=idle, allowlist-gated))
- runtime_pm /sys/bus/pci/devices/0000:07:00.0 control=auto autosuspend_delay_ms=2000 (battery-idle runtime PM (class=idle, allowlist-gated))
- runtime_pm /sys/bus/pci/devices/0000:00:1e.0 control=auto autosuspend_delay_ms=2000 (battery-idle runtime PM (class=idle, allowlist-gated))
- runtime_pm /sys/bus/pci/devices/0000:00:1f.3 control=auto autosuspend_delay_ms=2000 (battery-idle runtime PM (class=idle, allowlist-gated))
- runtime_pm /sys/bus/pci/devices/0000:00:00.0 control=auto autosuspend_delay_ms=2000 (battery-idle runtime PM (class=idle, allowlist-gated))
- runtime_pm /sys/bus/pci/devices/0000:00:1d.4 control=auto autosuspend_delay_ms=2000 (battery-idle runtime PM (class=idle, allowlist-gated))
- runtime_pm /sys/bus/pci/devices/0000:00:15.0 control=auto autosuspend_delay_ms=2000 (battery-idle runtime PM (class=idle, allowlist-gated))
- runtime_pm /sys/bus/pci/devices/0000:00:1d.0 control=auto autosuspend_delay_ms=2000 (battery-idle runtime PM (class=idle, allowlist-gated))
- runtime_pm /sys/bus/pci/devices/0000:00:1e.3 control=auto autosuspend_delay_ms=2000 (battery-idle runtime PM (class=idle, allowlist-gated))
- runtime_pm /sys/bus/pci/devices/0000:00:14.2 control=auto autosuspend_delay_ms=2000 (battery-idle runtime PM (class=idle, allowlist-gated))
- runtime_pm /sys/bus/pci/devices/0000:00:02.0 control=auto autosuspend_delay_ms=2000 (battery-idle runtime PM (class=idle, allowlist-gated))
- runtime_pm /sys/bus/pci/devices/0000:00:1e.1 control=auto autosuspend_delay_ms=2000 (battery-idle runtime PM (class=idle, allowlist-gated))
- runtime_pm /sys/bus/pci/devices/0000:00:14.0 control=auto autosuspend_delay_ms=2000 (battery-idle runtime PM (class=idle, allowlist-gated))
- runtime_pm /sys/bus/pci/devices/0000:00:1f.4 control=auto autosuspend_delay_ms=2000 (battery-idle runtime PM (class=idle, allowlist-gated))
- runtime_pm /sys/bus/pci/devices/0000:00:0a.0 control=auto autosuspend_delay_ms=2000 (battery-idle runtime PM (class=idle, allowlist-gated))
- runtime_pm /sys/bus/usb/devices/1-14 control=auto autosuspend_delay_ms=2000 (battery-idle runtime PM (class=idle, allowlist-gated))
- runtime_pm /sys/bus/usb/devices/usb1 control=auto autosuspend_delay_ms=2000 (battery-idle runtime PM (class=idle, allowlist-gated))
- runtime_pm /sys/bus/usb/devices/usb2 control=auto autosuspend_delay_ms=2000 (battery-idle runtime PM (class=idle, allowlist-gated))
- runtime_pm /sys/bus/usb/devices/1-6 control=auto autosuspend_delay_ms=2000 (battery-idle runtime PM (class=idle, allowlist-gated))
- pci_aspm /sys/bus/pci/devices/0000:01:00.0 l1_aspm=1 (battery-idle PCIe ASPM (class=idle, allowlist-gated))
- pci_aspm /sys/bus/pci/devices/0000:07:00.0 l1_aspm=1 (battery-idle PCIe ASPM (class=idle, allowlist-gated))
- sata_alpm /sys/class/scsi_host/host7 policy=med_power_with_dipm (battery-idle SATA ALPM (class=idle, allowlist-gated))
- sata_alpm /sys/class/scsi_host/host5 policy=med_power_with_dipm (battery-idle SATA ALPM (class=idle, allowlist-gated))
- sata_alpm /sys/class/scsi_host/host3 policy=med_power_with_dipm (battery-idle SATA ALPM (class=idle, allowlist-gated))
- sata_alpm /sys/class/scsi_host/host1 policy=med_power_with_dipm (battery-idle SATA ALPM (class=idle, allowlist-gated))
- sata_alpm /sys/class/scsi_host/host6 policy=med_power_with_dipm (battery-idle SATA ALPM (class=idle, allowlist-gated))
- sata_alpm /sys/class/scsi_host/host4 policy=med_power_with_dipm (battery-idle SATA ALPM (class=idle, allowlist-gated))
- sata_alpm /sys/class/scsi_host/host2 policy=med_power_with_dipm (battery-idle SATA ALPM (class=idle, allowlist-gated))
- sata_alpm /sys/class/scsi_host/host0 policy=med_power_with_dipm (battery-idle SATA ALPM (class=idle, allowlist-gated))
- backlight /sys/class/backlight/intel_backlight target=40% (battery-idle backlight floor (class=idle, allowlist-gated))
effective_config:
domains.cpu_epp=actuate
domains.platform_profile=actuate
domains.vm_sysctl=actuate
domains.cpu_dma_latency=actuate
domains.device_resume_latency=actuate
domains.runtime_pm=actuate
domains.pci_aspm=actuate
domains.sata_alpm=actuate
domains.backlight=actuate
domains.cgroup_reweight=actuate
correlation_id=optid-000000006a89e4e4-000000000000001a circuit: S5D outcome was neither a verified success nor a counted failure
correlation_id=optid-000000006a89e4e4-000000000000001a circuit: S5D verified success reset scoped pre-threshold failures
correlation_id=optid-000000006a89e4e4-000000000000001a circuit: S5D outcome was neither a verified success nor a counted failure
correlation_id=optid-000000006a89e4e4-000000000000001a circuit: S5D outcome was neither a verified success nor a counted failure
correlation_id=optid-000000006a89e4e4-000000000000001a circuit: S5D outcome was neither a verified success nor a counted failure
correlation_id=optid-000000006a89e4e4-000000000000001a circuit: S5D outcome was neither a verified success nor a counted failure
correlation_id=optid-000000006a89e4e4-000000000000001a circuit: S5D outcome was neither a verified success nor a counted failure
correlation_id=optid-000000006a89e4e4-000000000000001a circuit: S5D outcome was neither a verified success nor a counted failure
correlation_id=optid-000000006a89e4e4-000000000000001a circuit: S5D outcome was neither a verified success nor a counted failure
correlation_id=optid-000000006a89e4e4-000000000000001a circuit: S5D outcome was neither a verified success nor a counted failure
correlation_id=optid-000000006a89e4e4-000000000000001a circuit: S5D outcome was neither a verified success nor a counted failure
correlation_id=optid-000000006a89e4e4-000000000000001a circuit: S5D outcome was neither a verified success nor a counted failure
correlation_id=optid-000000006a89e4e4-000000000000001a circuit: S5D outcome was neither a verified success nor a counted failure
correlation_id=optid-000000006a89e4e4-000000000000001a circuit: S5D outcome was neither a verified success nor a counted failure
correlation_id=optid-000000006a89e4e4-000000000000001a circuit: S5D outcome was neither a verified success nor a counted failure
correlation_id=optid-000000006a89e4e4-000000000000001a circuit: S5D outcome was neither a verified success nor a counted failure
correlation_id=optid-000000006a89e4e4-000000000000001a circuit: S5D outcome was neither a verified success nor a counted failure
correlation_id=optid-000000006a89e4e4-000000000000001a circuit: S5D outcome was neither a verified success nor a counted failure
correlation_id=optid-000000006a89e4e4-000000000000001a circuit: S5D outcome was neither a verified success nor a counted failure
correlation_id=optid-000000006a89e4e4-000000000000001a circuit: S5D outcome was neither a verified success nor a counted failure
correlation_id=optid-000000006a89e4e4-000000000000001a circuit: S5D outcome was neither a verified success nor a counted failure
correlation_id=optid-000000006a89e4e4-000000000000001a circuit: S5D outcome was neither a verified success nor a counted failure
correlation_id=optid-000000006a89e4e4-000000000000001a circuit: S5D outcome was neither a verified success nor a counted failure
correlation_id=optid-000000006a89e4e4-000000000000001a circuit: S5D outcome was neither a verified success nor a counted failure
correlation_id=optid-000000006a89e4e4-000000000000001a circuit: S5D outcome was neither a verified success nor a counted failure
correlation_id=optid-000000006a89e4e4-000000000000001a circuit: S5D outcome was neither a verified success nor a counted failure
correlation_id=optid-000000006a89e4e4-000000000000001a circuit: S5D outcome was neither a verified success nor a counted failure
correlation_id=optid-000000006a89e4e4-000000000000001a reconciler: shadow_parity=true legacy_restore_intents=0 v1_restore_intents=0 intentional_v1_only=0
correlation_id=optid-000000006a89e4e4-000000000000001a
restore_outcomes=none
circuit_state=global_open=false open_domains=cgroup_reweight,cpu_dma_latency,platform_profile,runtime_pm records=20
timestamp=1787421985
mode=battery
on_ac=Some(false)
battery_pct=Some(93)
thermal_c=Some(38.0)
thermal_state=Cool
thermal_derating_ratio=0.00
thermal_die_sensor=hwmon:coretemp.0:coretemp:Package id 0
thermal_die_temp_c=38.0
thermal_skin_sensor=none
thermal_skin_temp_c=none
thermal_max_fan_rpm=2700
thermal_reasons:
- selected die signal hwmon:coretemp.0:coretemp:Package id 0 (package) at 38.0°C
- that value is a collapse maximum: hwmon:coretemp.0:coretemp:Package id 0 read 37.0°C itself and was raised to 38.0°C              by acpi:x86_pkg_temp
- clamped thermal_hi to 90.0°C based on hardware T_crit 100.0°C - 10°C
- effective thresholds: lo=60.0°C hi=90.0°C
- die temp 38.0°C <= lo threshold 60.0°C; state = cool (sensor=hwmon:coretemp.0:coretemp:Package id 0)
thermal_sensor_count=31
fan_sensor_count=2
loadavg_1=Some(0.83)
cpu_pressure=avg10=0.00 avg60=0.00 avg300=0.00 total=128971601
memory_pressure=avg10=0.00 avg60=0.00 avg300=0.00 total=1028755
io_pressure=avg10=0.71 avg60=0.47 avg300=0.15 total=33888261
workload_class=idle
workload_reason=pinned override (global)
cpu_wakeup_latency=100000
device_resume_latency=1000000
reasons:
- system is on battery
actions:
- cpu.epp=power (prefer battery life through CPU energy preference)
- platform.profile=low-power (request low-power platform profile)
- systemd.set-property background.slice CPUWeight=25 IOWeight=25 (deprioritize background services on battery)
- vm.sysctl /proc/sys/vm/swappiness=60 (adjust swappiness for current mode)
- vm.sysctl /proc/sys/vm/dirty_background_bytes=67108864 (adjust dirty background bytes for current mode)
- vm.sysctl /proc/sys/vm/dirty_bytes=134217728 (adjust dirty bytes for current mode)
- cpu_dma_latency=100000 (class=idle, floor=100000us, row=contracts.idle)
- runtime_pm /sys/bus/pci/devices/0000:00:17.0 control=auto autosuspend_delay_ms=2000 (battery-idle runtime PM (class=idle, allowlist-gated))
- runtime_pm /sys/bus/pci/devices/0000:00:08.0 control=auto autosuspend_delay_ms=2000 (battery-idle runtime PM (class=idle, allowlist-gated))
- runtime_pm /sys/bus/pci/devices/0000:00:1f.0 control=auto autosuspend_delay_ms=2000 (battery-idle runtime PM (class=idle, allowlist-gated))
- runtime_pm /sys/bus/pci/devices/0000:00:04.0 control=auto autosuspend_delay_ms=2000 (battery-idle runtime PM (class=idle, allowlist-gated))
- runtime_pm /sys/bus/pci/devices/0000:00:14.3 control=auto autosuspend_delay_ms=2000 (battery-idle runtime PM (class=idle, allowlist-gated))
- runtime_pm /sys/bus/pci/devices/0000:00:16.0 control=auto autosuspend_delay_ms=2000 (battery-idle runtime PM (class=idle, allowlist-gated))
- runtime_pm /sys/bus/pci/devices/0000:01:00.0 control=auto autosuspend_delay_ms=2000 (battery-idle runtime PM (class=idle, allowlist-gated))
- runtime_pm /sys/bus/pci/devices/0000:00:1b.0 control=auto autosuspend_delay_ms=2000 (battery-idle runtime PM (class=idle, allowlist-gated))
- runtime_pm /sys/bus/pci/devices/0000:00:1f.5 control=auto autosuspend_delay_ms=2000 (battery-idle runtime PM (class=idle, allowlist-gated))
- runtime_pm /sys/bus/pci/devices/0000:07:00.0 control=auto autosuspend_delay_ms=2000 (battery-idle runtime PM (class=idle, allowlist-gated))
- runtime_pm /sys/bus/pci/devices/0000:00:1e.0 control=auto autosuspend_delay_ms=2000 (battery-idle runtime PM (class=idle, allowlist-gated))
- runtime_pm /sys/bus/pci/devices/0000:00:1f.3 control=auto autosuspend_delay_ms=2000 (battery-idle runtime PM (class=idle, allowlist-gated))
- runtime_pm /sys/bus/pci/devices/0000:00:00.0 control=auto autosuspend_delay_ms=2000 (battery-idle runtime PM (class=idle, allowlist-gated))
- runtime_pm /sys/bus/pci/devices/0000:00:1d.4 control=auto autosuspend_delay_ms=2000 (battery-idle runtime PM (class=idle, allowlist-gated))
- runtime_pm /sys/bus/pci/devices/0000:00:15.0 control=auto autosuspend_delay_ms=2000 (battery-idle runtime PM (class=idle, allowlist-gated))
- runtime_pm /sys/bus/pci/devices/0000:00:1d.0 control=auto autosuspend_delay_ms=2000 (battery-idle runtime PM (class=idle, allowlist-gated))
- runtime_pm /sys/bus/pci/devices/0000:00:1e.3 control=auto autosuspend_delay_ms=2000 (battery-idle runtime PM (class=idle, allowlist-gated))
- runtime_pm /sys/bus/pci/devices/0000:00:14.2 control=auto autosuspend_delay_ms=2000 (battery-idle runtime PM (class=idle, allowlist-gated))
- runtime_pm /sys/bus/pci/devices/0000:00:02.0 control=auto autosuspend_delay_ms=2000 (battery-idle runtime PM (class=idle, allowlist-gated))
- runtime_pm /sys/bus/pci/devices/0000:00:1e.1 control=auto autosuspend_delay_ms=2000 (battery-idle runtime PM (class=idle, allowlist-gated))
- runtime_pm /sys/bus/pci/devices/0000:00:14.0 control=auto autosuspend_delay_ms=2000 (battery-idle runtime PM (class=idle, allowlist-gated))
- runtime_pm /sys/bus/pci/devices/0000:00:1f.4 control=auto autosuspend_delay_ms=2000 (battery-idle runtime PM (class=idle, allowlist-gated))
- runtime_pm /sys/bus/pci/devices/0000:00:0a.0 control=auto autosuspend_delay_ms=2000 (battery-idle runtime PM (class=idle, allowlist-gated))
- runtime_pm /sys/bus/usb/devices/1-14 control=auto autosuspend_delay_ms=2000 (battery-idle runtime PM (class=idle, allowlist-gated))
- runtime_pm /sys/bus/usb/devices/usb1 control=auto autosuspend_delay_ms=2000 (battery-idle runtime PM (class=idle, allowlist-gated))
- runtime_pm /sys/bus/usb/devices/usb2 control=auto autosuspend_delay_ms=2000 (battery-idle runtime PM (class=idle, allowlist-gated))
- runtime_pm /sys/bus/usb/devices/1-6 control=auto autosuspend_delay_ms=2000 (battery-idle runtime PM (class=idle, allowlist-gated))
- pci_aspm /sys/bus/pci/devices/0000:01:00.0 l1_aspm=1 (battery-idle PCIe ASPM (class=idle, allowlist-gated))
- pci_aspm /sys/bus/pci/devices/0000:07:00.0 l1_aspm=1 (battery-idle PCIe ASPM (class=idle, allowlist-gated))
- sata_alpm /sys/class/scsi_host/host7 policy=med_power_with_dipm (battery-idle SATA ALPM (class=idle, allowlist-gated))
- sata_alpm /sys/class/scsi_host/host5 policy=med_power_with_dipm (battery-idle SATA ALPM (class=idle, allowlist-gated))
- sata_alpm /sys/class/scsi_host/host3 policy=med_power_with_dipm (battery-idle SATA ALPM (class=idle, allowlist-gated))
- sata_alpm /sys/class/scsi_host/host1 policy=med_power_with_dipm (battery-idle SATA ALPM (class=idle, allowlist-gated))
- sata_alpm /sys/class/scsi_host/host6 policy=med_power_with_dipm (battery-idle SATA ALPM (class=idle, allowlist-gated))
- sata_alpm /sys/class/scsi_host/host4 policy=med_power_with_dipm (battery-idle SATA ALPM (class=idle, allowlist-gated))
- sata_alpm /sys/class/scsi_host/host2 policy=med_power_with_dipm (battery-idle SATA ALPM (class=idle, allowlist-gated))
- sata_alpm /sys/class/scsi_host/host0 policy=med_power_with_dipm (battery-idle SATA ALPM (class=idle, allowlist-gated))
- backlight /sys/class/backlight/intel_backlight target=40% (battery-idle backlight floor (class=idle, allowlist-gated))
effective_config:
domains.cpu_epp=actuate
domains.platform_profile=actuate
domains.vm_sysctl=actuate
domains.cpu_dma_latency=actuate
domains.device_resume_latency=actuate
domains.runtime_pm=actuate
domains.pci_aspm=actuate
domains.sata_alpm=actuate
domains.backlight=actuate
domains.cgroup_reweight=actuate
correlation_id=optid-000000006a89e4e4-000000000000001b circuit: S5D outcome was neither a verified success nor a counted failure
correlation_id=optid-000000006a89e4e4-000000000000001b circuit: S5D verified success reset scoped pre-threshold failures
correlation_id=optid-000000006a89e4e4-000000000000001b circuit: S5D outcome was neither a verified success nor a counted failure
correlation_id=optid-000000006a89e4e4-000000000000001b circuit: S5D outcome was neither a verified success nor a counted failure
correlation_id=optid-000000006a89e4e4-000000000000001b circuit: S5D outcome was neither a verified success nor a counted failure
correlation_id=optid-000000006a89e4e4-000000000000001b circuit: S5D outcome was neither a verified success nor a counted failure
correlation_id=optid-000000006a89e4e4-000000000000001b circuit: S5D outcome was neither a verified success nor a counted failure
correlation_id=optid-000000006a89e4e4-000000000000001b circuit: S5D outcome was neither a verified success nor a counted failure
correlation_id=optid-000000006a89e4e4-000000000000001b circuit: S5D outcome was neither a verified success nor a counted failure
correlation_id=optid-000000006a89e4e4-000000000000001b circuit: S5D outcome was neither a verified success nor a counted failure
correlation_id=optid-000000006a89e4e4-000000000000001b circuit: S5D outcome was neither a verified success nor a counted failure
correlation_id=optid-000000006a89e4e4-000000000000001b circuit: S5D outcome was neither a verified success nor a counted failure
correlation_id=optid-000000006a89e4e4-000000000000001b circuit: S5D outcome was neither a verified success nor a counted failure
correlation_id=optid-000000006a89e4e4-000000000000001b circuit: S5D outcome was neither a verified success nor a counted failure
correlation_id=optid-000000006a89e4e4-000000000000001b circuit: S5D outcome was neither a verified success nor a counted failure
correlation_id=optid-000000006a89e4e4-000000000000001b circuit: S5D outcome was neither a verified success nor a counted failure
correlation_id=optid-000000006a89e4e4-000000000000001b circuit: S5D outcome was neither a verified success nor a counted failure
correlation_id=optid-000000006a89e4e4-000000000000001b circuit: S5D outcome was neither a verified success nor a counted failure
correlation_id=optid-000000006a89e4e4-000000000000001b circuit: S5D outcome was neither a verified success nor a counted failure
correlation_id=optid-000000006a89e4e4-000000000000001b circuit: S5D outcome was neither a verified success nor a counted failure
correlation_id=optid-000000006a89e4e4-000000000000001b circuit: S5D outcome was neither a verified success nor a counted failure
correlation_id=optid-000000006a89e4e4-000000000000001b circuit: S5D outcome was neither a verified success nor a counted failure
correlation_id=optid-000000006a89e4e4-000000000000001b circuit: S5D outcome was neither a verified success nor a counted failure
correlation_id=optid-000000006a89e4e4-000000000000001b circuit: S5D outcome was neither a verified success nor a counted failure
correlation_id=optid-000000006a89e4e4-000000000000001b circuit: S5D outcome was neither a verified success nor a counted failure
correlation_id=optid-000000006a89e4e4-000000000000001b circuit: S5D outcome was neither a verified success nor a counted failure
correlation_id=optid-000000006a89e4e4-000000000000001b circuit: S5D outcome was neither a verified success nor a counted failure
correlation_id=optid-000000006a89e4e4-000000000000001b reconciler: shadow_parity=true legacy_restore_intents=0 v1_restore_intents=0 intentional_v1_only=0
correlation_id=optid-000000006a89e4e4-000000000000001b
restore_outcomes=none
circuit_state=global_open=false open_domains=cgroup_reweight,cpu_dma_latency,platform_profile,runtime_pm records=20
timestamp=1787421988
mode=battery
on_ac=Some(false)
battery_pct=Some(93)
thermal_c=Some(37.0)
thermal_state=Cool
thermal_derating_ratio=0.00
thermal_die_sensor=hwmon:coretemp.0:coretemp:Package id 0
thermal_die_temp_c=37.0
thermal_skin_sensor=none
thermal_skin_temp_c=none
thermal_max_fan_rpm=2700
thermal_reasons:
- selected die signal hwmon:coretemp.0:coretemp:Package id 0 (package) at 37.0°C
- clamped thermal_hi to 90.0°C based on hardware T_crit 100.0°C - 10°C
- effective thresholds: lo=60.0°C hi=90.0°C
- die temp 37.0°C <= lo threshold 60.0°C; state = cool (sensor=hwmon:coretemp.0:coretemp:Package id 0)
thermal_sensor_count=31
fan_sensor_count=2
loadavg_1=Some(1.08)
cpu_pressure=avg10=0.00 avg60=0.00 avg300=0.00 total=128980440
memory_pressure=avg10=0.00 avg60=0.00 avg300=0.00 total=1028755
io_pressure=avg10=0.58 avg60=0.46 avg300=0.15 total=33896730
workload_class=idle
workload_reason=pinned override (global)
cpu_wakeup_latency=100000
device_resume_latency=1000000
reasons:
- system is on battery
actions:
- cpu.epp=power (prefer battery life through CPU energy preference)
- platform.profile=low-power (request low-power platform profile)
- systemd.set-property background.slice CPUWeight=25 IOWeight=25 (deprioritize background services on battery)
- vm.sysctl /proc/sys/vm/swappiness=60 (adjust swappiness for current mode)
- vm.sysctl /proc/sys/vm/dirty_background_bytes=67108864 (adjust dirty background bytes for current mode)
- vm.sysctl /proc/sys/vm/dirty_bytes=134217728 (adjust dirty bytes for current mode)
- cpu_dma_latency=100000 (class=idle, floor=100000us, row=contracts.idle)
- runtime_pm /sys/bus/pci/devices/0000:00:17.0 control=auto autosuspend_delay_ms=2000 (battery-idle runtime PM (class=idle, allowlist-gated))
- runtime_pm /sys/bus/pci/devices/0000:00:08.0 control=auto autosuspend_delay_ms=2000 (battery-idle runtime PM (class=idle, allowlist-gated))
- runtime_pm /sys/bus/pci/devices/0000:00:1f.0 control=auto autosuspend_delay_ms=2000 (battery-idle runtime PM (class=idle, allowlist-gated))
- runtime_pm /sys/bus/pci/devices/0000:00:04.0 control=auto autosuspend_delay_ms=2000 (battery-idle runtime PM (class=idle, allowlist-gated))
- runtime_pm /sys/bus/pci/devices/0000:00:14.3 control=auto autosuspend_delay_ms=2000 (battery-idle runtime PM (class=idle, allowlist-gated))
- runtime_pm /sys/bus/pci/devices/0000:00:16.0 control=auto autosuspend_delay_ms=2000 (battery-idle runtime PM (class=idle, allowlist-gated))
- runtime_pm /sys/bus/pci/devices/0000:01:00.0 control=auto autosuspend_delay_ms=2000 (battery-idle runtime PM (class=idle, allowlist-gated))
- runtime_pm /sys/bus/pci/devices/0000:00:1b.0 control=auto autosuspend_delay_ms=2000 (battery-idle runtime PM (class=idle, allowlist-gated))
- runtime_pm /sys/bus/pci/devices/0000:00:1f.5 control=auto autosuspend_delay_ms=2000 (battery-idle runtime PM (class=idle, allowlist-gated))
- runtime_pm /sys/bus/pci/devices/0000:07:00.0 control=auto autosuspend_delay_ms=2000 (battery-idle runtime PM (class=idle, allowlist-gated))
- runtime_pm /sys/bus/pci/devices/0000:00:1e.0 control=auto autosuspend_delay_ms=2000 (battery-idle runtime PM (class=idle, allowlist-gated))
- runtime_pm /sys/bus/pci/devices/0000:00:1f.3 control=auto autosuspend_delay_ms=2000 (battery-idle runtime PM (class=idle, allowlist-gated))
- runtime_pm /sys/bus/pci/devices/0000:00:00.0 control=auto autosuspend_delay_ms=2000 (battery-idle runtime PM (class=idle, allowlist-gated))
- runtime_pm /sys/bus/pci/devices/0000:00:1d.4 control=auto autosuspend_delay_ms=2000 (battery-idle runtime PM (class=idle, allowlist-gated))
- runtime_pm /sys/bus/pci/devices/0000:00:15.0 control=auto autosuspend_delay_ms=2000 (battery-idle runtime PM (class=idle, allowlist-gated))
- runtime_pm /sys/bus/pci/devices/0000:00:1d.0 control=auto autosuspend_delay_ms=2000 (battery-idle runtime PM (class=idle, allowlist-gated))
- runtime_pm /sys/bus/pci/devices/0000:00:1e.3 control=auto autosuspend_delay_ms=2000 (battery-idle runtime PM (class=idle, allowlist-gated))
- runtime_pm /sys/bus/pci/devices/0000:00:14.2 control=auto autosuspend_delay_ms=2000 (battery-idle runtime PM (class=idle, allowlist-gated))
- runtime_pm /sys/bus/pci/devices/0000:00:02.0 control=auto autosuspend_delay_ms=2000 (battery-idle runtime PM (class=idle, allowlist-gated))
- runtime_pm /sys/bus/pci/devices/0000:00:1e.1 control=auto autosuspend_delay_ms=2000 (battery-idle runtime PM (class=idle, allowlist-gated))
- runtime_pm /sys/bus/pci/devices/0000:00:14.0 control=auto autosuspend_delay_ms=2000 (battery-idle runtime PM (class=idle, allowlist-gated))
- runtime_pm /sys/bus/pci/devices/0000:00:1f.4 control=auto autosuspend_delay_ms=2000 (battery-idle runtime PM (class=idle, allowlist-gated))
- runtime_pm /sys/bus/pci/devices/0000:00:0a.0 control=auto autosuspend_delay_ms=2000 (battery-idle runtime PM (class=idle, allowlist-gated))
- runtime_pm /sys/bus/usb/devices/1-14 control=auto autosuspend_delay_ms=2000 (battery-idle runtime PM (class=idle, allowlist-gated))
- runtime_pm /sys/bus/usb/devices/usb1 control=auto autosuspend_delay_ms=2000 (battery-idle runtime PM (class=idle, allowlist-gated))
- runtime_pm /sys/bus/usb/devices/usb2 control=auto autosuspend_delay_ms=2000 (battery-idle runtime PM (class=idle, allowlist-gated))
- runtime_pm /sys/bus/usb/devices/1-6 control=auto autosuspend_delay_ms=2000 (battery-idle runtime PM (class=idle, allowlist-gated))
- pci_aspm /sys/bus/pci/devices/0000:01:00.0 l1_aspm=1 (battery-idle PCIe ASPM (class=idle, allowlist-gated))
- pci_aspm /sys/bus/pci/devices/0000:07:00.0 l1_aspm=1 (battery-idle PCIe ASPM (class=idle, allowlist-gated))
- sata_alpm /sys/class/scsi_host/host7 policy=med_power_with_dipm (battery-idle SATA ALPM (class=idle, allowlist-gated))
- sata_alpm /sys/class/scsi_host/host5 policy=med_power_with_dipm (battery-idle SATA ALPM (class=idle, allowlist-gated))
- sata_alpm /sys/class/scsi_host/host3 policy=med_power_with_dipm (battery-idle SATA ALPM (class=idle, allowlist-gated))
- sata_alpm /sys/class/scsi_host/host1 policy=med_power_with_dipm (battery-idle SATA ALPM (class=idle, allowlist-gated))
- sata_alpm /sys/class/scsi_host/host6 policy=med_power_with_dipm (battery-idle SATA ALPM (class=idle, allowlist-gated))
- sata_alpm /sys/class/scsi_host/host4 policy=med_power_with_dipm (battery-idle SATA ALPM (class=idle, allowlist-gated))
- sata_alpm /sys/class/scsi_host/host2 policy=med_power_with_dipm (battery-idle SATA ALPM (class=idle, allowlist-gated))
- sata_alpm /sys/class/scsi_host/host0 policy=med_power_with_dipm (battery-idle SATA ALPM (class=idle, allowlist-gated))
- backlight /sys/class/backlight/intel_backlight target=40% (battery-idle backlight floor (class=idle, allowlist-gated))
effective_config:
domains.cpu_epp=actuate
domains.platform_profile=actuate
domains.vm_sysctl=actuate
domains.cpu_dma_latency=actuate
domains.device_resume_latency=actuate
domains.runtime_pm=actuate
domains.pci_aspm=actuate
domains.sata_alpm=actuate
domains.backlight=actuate
domains.cgroup_reweight=actuate
correlation_id=optid-000000006a89e4e4-000000000000001c circuit: S5D outcome was neither a verified success nor a counted failure
correlation_id=optid-000000006a89e4e4-000000000000001c circuit: S5D verified success reset scoped pre-threshold failures
correlation_id=optid-000000006a89e4e4-000000000000001c circuit: S5D outcome was neither a verified success nor a counted failure
correlation_id=optid-000000006a89e4e4-000000000000001c circuit: S5D outcome was neither a verified success nor a counted failure
correlation_id=optid-000000006a89e4e4-000000000000001c circuit: S5D outcome was neither a verified success nor a counted failure
correlation_id=optid-000000006a89e4e4-000000000000001c circuit: S5D outcome was neither a verified success nor a counted failure
correlation_id=optid-000000006a89e4e4-000000000000001c circuit: S5D outcome was neither a verified success nor a counted failure
correlation_id=optid-000000006a89e4e4-000000000000001c circuit: S5D outcome was neither a verified success nor a counted failure
correlation_id=optid-000000006a89e4e4-000000000000001c circuit: S5D outcome was neither a verified success nor a counted failure
correlation_id=optid-000000006a89e4e4-000000000000001c circuit: S5D outcome was neither a verified success nor a counted failure
correlation_id=optid-000000006a89e4e4-000000000000001c circuit: S5D outcome was neither a verified success nor a counted failure
correlation_id=optid-000000006a89e4e4-000000000000001c circuit: S5D outcome was neither a verified success nor a counted failure
correlation_id=optid-000000006a89e4e4-000000000000001c circuit: S5D outcome was neither a verified success nor a counted failure
correlation_id=optid-000000006a89e4e4-000000000000001c circuit: S5D outcome was neither a verified success nor a counted failure
correlation_id=optid-000000006a89e4e4-000000000000001c circuit: S5D outcome was neither a verified success nor a counted failure
correlation_id=optid-000000006a89e4e4-000000000000001c circuit: S5D outcome was neither a verified success nor a counted failure
correlation_id=optid-000000006a89e4e4-000000000000001c circuit: S5D outcome was neither a verified success nor a counted failure
correlation_id=optid-000000006a89e4e4-000000000000001c circuit: S5D outcome was neither a verified success nor a counted failure
correlation_id=optid-000000006a89e4e4-000000000000001c circuit: S5D outcome was neither a verified success nor a counted failure
correlation_id=optid-000000006a89e4e4-000000000000001c circuit: S5D outcome was neither a verified success nor a counted failure
correlation_id=optid-000000006a89e4e4-000000000000001c circuit: S5D outcome was neither a verified success nor a counted failure
correlation_id=optid-000000006a89e4e4-000000000000001c circuit: S5D outcome was neither a verified success nor a counted failure
correlation_id=optid-000000006a89e4e4-000000000000001c circuit: S5D outcome was neither a verified success nor a counted failure
correlation_id=optid-000000006a89e4e4-000000000000001c circuit: S5D outcome was neither a verified success nor a counted failure
correlation_id=optid-000000006a89e4e4-000000000000001c circuit: S5D outcome was neither a verified success nor a counted failure
correlation_id=optid-000000006a89e4e4-000000000000001c circuit: S5D outcome was neither a verified success nor a counted failure
correlation_id=optid-000000006a89e4e4-000000000000001c circuit: S5D outcome was neither a verified success nor a counted failure
correlation_id=optid-000000006a89e4e4-000000000000001c reconciler: shadow_parity=true legacy_restore_intents=0 v1_restore_intents=0 intentional_v1_only=0
correlation_id=optid-000000006a89e4e4-000000000000001c
restore_outcomes=none
circuit_state=global_open=false open_domains=cgroup_reweight,cpu_dma_latency,platform_profile,runtime_pm records=20
timestamp=1787421990
mode=battery
on_ac=Some(false)
battery_pct=Some(93)
thermal_c=Some(37.0)
thermal_state=Cool
thermal_derating_ratio=0.00
thermal_die_sensor=hwmon:coretemp.0:coretemp:Package id 0
thermal_die_temp_c=37.0
thermal_skin_sensor=none
thermal_skin_temp_c=none
thermal_max_fan_rpm=2700
thermal_reasons:
- selected die signal hwmon:coretemp.0:coretemp:Package id 0 (package) at 37.0°C
- clamped thermal_hi to 90.0°C based on hardware T_crit 100.0°C - 10°C
- effective thresholds: lo=60.0°C hi=90.0°C
- die temp 37.0°C <= lo threshold 60.0°C; state = cool (sensor=hwmon:coretemp.0:coretemp:Package id 0)
thermal_sensor_count=31
fan_sensor_count=2
loadavg_1=Some(1.08)
cpu_pressure=avg10=0.00 avg60=0.00 avg300=0.00 total=128989817
memory_pressure=avg10=0.00 avg60=0.00 avg300=0.00 total=1028755
io_pressure=avg10=0.47 avg60=0.44 avg300=0.15 total=33905832
workload_class=idle
workload_reason=pinned override (global)
cpu_wakeup_latency=100000
device_resume_latency=1000000
reasons:
- system is on battery
actions:
- cpu.epp=power (prefer battery life through CPU energy preference)
- platform.profile=low-power (request low-power platform profile)
- systemd.set-property background.slice CPUWeight=25 IOWeight=25 (deprioritize background services on battery)
- vm.sysctl /proc/sys/vm/swappiness=60 (adjust swappiness for current mode)
- vm.sysctl /proc/sys/vm/dirty_background_bytes=67108864 (adjust dirty background bytes for current mode)
- vm.sysctl /proc/sys/vm/dirty_bytes=134217728 (adjust dirty bytes for current mode)
- cpu_dma_latency=100000 (class=idle, floor=100000us, row=contracts.idle)
- runtime_pm /sys/bus/pci/devices/0000:00:17.0 control=auto autosuspend_delay_ms=2000 (battery-idle runtime PM (class=idle, allowlist-gated))
- runtime_pm /sys/bus/pci/devices/0000:00:08.0 control=auto autosuspend_delay_ms=2000 (battery-idle runtime PM (class=idle, allowlist-gated))
- runtime_pm /sys/bus/pci/devices/0000:00:1f.0 control=auto autosuspend_delay_ms=2000 (battery-idle runtime PM (class=idle, allowlist-gated))
- runtime_pm /sys/bus/pci/devices/0000:00:04.0 control=auto autosuspend_delay_ms=2000 (battery-idle runtime PM (class=idle, allowlist-gated))
- runtime_pm /sys/bus/pci/devices/0000:00:14.3 control=auto autosuspend_delay_ms=2000 (battery-idle runtime PM (class=idle, allowlist-gated))
- runtime_pm /sys/bus/pci/devices/0000:00:16.0 control=auto autosuspend_delay_ms=2000 (battery-idle runtime PM (class=idle, allowlist-gated))
- runtime_pm /sys/bus/pci/devices/0000:01:00.0 control=auto autosuspend_delay_ms=2000 (battery-idle runtime PM (class=idle, allowlist-gated))
- runtime_pm /sys/bus/pci/devices/0000:00:1b.0 control=auto autosuspend_delay_ms=2000 (battery-idle runtime PM (class=idle, allowlist-gated))
- runtime_pm /sys/bus/pci/devices/0000:00:1f.5 control=auto autosuspend_delay_ms=2000 (battery-idle runtime PM (class=idle, allowlist-gated))
- runtime_pm /sys/bus/pci/devices/0000:07:00.0 control=auto autosuspend_delay_ms=2000 (battery-idle runtime PM (class=idle, allowlist-gated))
- runtime_pm /sys/bus/pci/devices/0000:00:1e.0 control=auto autosuspend_delay_ms=2000 (battery-idle runtime PM (class=idle, allowlist-gated))
- runtime_pm /sys/bus/pci/devices/0000:00:1f.3 control=auto autosuspend_delay_ms=2000 (battery-idle runtime PM (class=idle, allowlist-gated))
- runtime_pm /sys/bus/pci/devices/0000:00:00.0 control=auto autosuspend_delay_ms=2000 (battery-idle runtime PM (class=idle, allowlist-gated))
- runtime_pm /sys/bus/pci/devices/0000:00:1d.4 control=auto autosuspend_delay_ms=2000 (battery-idle runtime PM (class=idle, allowlist-gated))
- runtime_pm /sys/bus/pci/devices/0000:00:15.0 control=auto autosuspend_delay_ms=2000 (battery-idle runtime PM (class=idle, allowlist-gated))
- runtime_pm /sys/bus/pci/devices/0000:00:1d.0 control=auto autosuspend_delay_ms=2000 (battery-idle runtime PM (class=idle, allowlist-gated))
- runtime_pm /sys/bus/pci/devices/0000:00:1e.3 control=auto autosuspend_delay_ms=2000 (battery-idle runtime PM (class=idle, allowlist-gated))
- runtime_pm /sys/bus/pci/devices/0000:00:14.2 control=auto autosuspend_delay_ms=2000 (battery-idle runtime PM (class=idle, allowlist-gated))
- runtime_pm /sys/bus/pci/devices/0000:00:02.0 control=auto autosuspend_delay_ms=2000 (battery-idle runtime PM (class=idle, allowlist-gated))
- runtime_pm /sys/bus/pci/devices/0000:00:1e.1 control=auto autosuspend_delay_ms=2000 (battery-idle runtime PM (class=idle, allowlist-gated))
- runtime_pm /sys/bus/pci/devices/0000:00:14.0 control=auto autosuspend_delay_ms=2000 (battery-idle runtime PM (class=idle, allowlist-gated))
- runtime_pm /sys/bus/pci/devices/0000:00:1f.4 control=auto autosuspend_delay_ms=2000 (battery-idle runtime PM (class=idle, allowlist-gated))
- runtime_pm /sys/bus/pci/devices/0000:00:0a.0 control=auto autosuspend_delay_ms=2000 (battery-idle runtime PM (class=idle, allowlist-gated))
- runtime_pm /sys/bus/usb/devices/1-14 control=auto autosuspend_delay_ms=2000 (battery-idle runtime PM (class=idle, allowlist-gated))
- runtime_pm /sys/bus/usb/devices/usb1 control=auto autosuspend_delay_ms=2000 (battery-idle runtime PM (class=idle, allowlist-gated))
- runtime_pm /sys/bus/usb/devices/usb2 control=auto autosuspend_delay_ms=2000 (battery-idle runtime PM (class=idle, allowlist-gated))
- runtime_pm /sys/bus/usb/devices/1-6 control=auto autosuspend_delay_ms=2000 (battery-idle runtime PM (class=idle, allowlist-gated))
- pci_aspm /sys/bus/pci/devices/0000:01:00.0 l1_aspm=1 (battery-idle PCIe ASPM (class=idle, allowlist-gated))
- pci_aspm /sys/bus/pci/devices/0000:07:00.0 l1_aspm=1 (battery-idle PCIe ASPM (class=idle, allowlist-gated))
- sata_alpm /sys/class/scsi_host/host7 policy=med_power_with_dipm (battery-idle SATA ALPM (class=idle, allowlist-gated))
- sata_alpm /sys/class/scsi_host/host5 policy=med_power_with_dipm (battery-idle SATA ALPM (class=idle, allowlist-gated))
- sata_alpm /sys/class/scsi_host/host3 policy=med_power_with_dipm (battery-idle SATA ALPM (class=idle, allowlist-gated))
- sata_alpm /sys/class/scsi_host/host1 policy=med_power_with_dipm (battery-idle SATA ALPM (class=idle, allowlist-gated))
- sata_alpm /sys/class/scsi_host/host6 policy=med_power_with_dipm (battery-idle SATA ALPM (class=idle, allowlist-gated))
- sata_alpm /sys/class/scsi_host/host4 policy=med_power_with_dipm (battery-idle SATA ALPM (class=idle, allowlist-gated))
- sata_alpm /sys/class/scsi_host/host2 policy=med_power_with_dipm (battery-idle SATA ALPM (class=idle, allowlist-gated))
- sata_alpm /sys/class/scsi_host/host0 policy=med_power_with_dipm (battery-idle SATA ALPM (class=idle, allowlist-gated))
- backlight /sys/class/backlight/intel_backlight target=40% (battery-idle backlight floor (class=idle, allowlist-gated))
effective_config:
domains.cpu_epp=actuate
domains.platform_profile=actuate
domains.vm_sysctl=actuate
domains.cpu_dma_latency=actuate
domains.device_resume_latency=actuate
domains.runtime_pm=actuate
domains.pci_aspm=actuate
domains.sata_alpm=actuate
domains.backlight=actuate
domains.cgroup_reweight=actuate
correlation_id=optid-000000006a89e4e4-000000000000001d circuit: S5D outcome was neither a verified success nor a counted failure
correlation_id=optid-000000006a89e4e4-000000000000001d circuit: S5D verified success reset scoped pre-threshold failures
correlation_id=optid-000000006a89e4e4-000000000000001d circuit: S5D outcome was neither a verified success nor a counted failure
correlation_id=optid-000000006a89e4e4-000000000000001d circuit: S5D outcome was neither a verified success nor a counted failure
correlation_id=optid-000000006a89e4e4-000000000000001d circuit: S5D outcome was neither a verified success nor a counted failure
correlation_id=optid-000000006a89e4e4-000000000000001d circuit: S5D outcome was neither a verified success nor a counted failure
correlation_id=optid-000000006a89e4e4-000000000000001d circuit: S5D outcome was neither a verified success nor a counted failure
correlation_id=optid-000000006a89e4e4-000000000000001d circuit: S5D outcome was neither a verified success nor a counted failure
correlation_id=optid-000000006a89e4e4-000000000000001d circuit: S5D outcome was neither a verified success nor a counted failure
correlation_id=optid-000000006a89e4e4-000000000000001d circuit: S5D outcome was neither a verified success nor a counted failure
correlation_id=optid-000000006a89e4e4-000000000000001d circuit: S5D outcome was neither a verified success nor a counted failure
correlation_id=optid-000000006a89e4e4-000000000000001d circuit: S5D outcome was neither a verified success nor a counted failure
correlation_id=optid-000000006a89e4e4-000000000000001d circuit: S5D outcome was neither a verified success nor a counted failure
correlation_id=optid-000000006a89e4e4-000000000000001d circuit: S5D outcome was neither a verified success nor a counted failure
correlation_id=optid-000000006a89e4e4-000000000000001d circuit: S5D outcome was neither a verified success nor a counted failure
correlation_id=optid-000000006a89e4e4-000000000000001d circuit: S5D outcome was neither a verified success nor a counted failure
correlation_id=optid-000000006a89e4e4-000000000000001d circuit: S5D outcome was neither a verified success nor a counted failure
correlation_id=optid-000000006a89e4e4-000000000000001d circuit: S5D outcome was neither a verified success nor a counted failure
correlation_id=optid-000000006a89e4e4-000000000000001d circuit: S5D outcome was neither a verified success nor a counted failure
correlation_id=optid-000000006a89e4e4-000000000000001d circuit: S5D outcome was neither a verified success nor a counted failure
correlation_id=optid-000000006a89e4e4-000000000000001d circuit: S5D outcome was neither a verified success nor a counted failure
correlation_id=optid-000000006a89e4e4-000000000000001d circuit: S5D outcome was neither a verified success nor a counted failure
correlation_id=optid-000000006a89e4e4-000000000000001d circuit: S5D outcome was neither a verified success nor a counted failure
correlation_id=optid-000000006a89e4e4-000000000000001d circuit: S5D outcome was neither a verified success nor a counted failure
correlation_id=optid-000000006a89e4e4-000000000000001d circuit: S5D outcome was neither a verified success nor a counted failure
correlation_id=optid-000000006a89e4e4-000000000000001d circuit: S5D outcome was neither a verified success nor a counted failure
correlation_id=optid-000000006a89e4e4-000000000000001d circuit: S5D outcome was neither a verified success nor a counted failure
correlation_id=optid-000000006a89e4e4-000000000000001d reconciler: shadow_parity=true legacy_restore_intents=0 v1_restore_intents=0 intentional_v1_only=0
correlation_id=optid-000000006a89e4e4-000000000000001d
restore_outcomes=none
circuit_state=global_open=false open_domains=cgroup_reweight,cpu_dma_latency,platform_profile,runtime_pm records=20
timestamp=1787421992
mode=battery
on_ac=Some(false)
battery_pct=Some(93)
thermal_c=Some(37.0)
thermal_state=Cool
thermal_derating_ratio=0.00
thermal_die_sensor=hwmon:coretemp.0:coretemp:Package id 0
thermal_die_temp_c=37.0
thermal_skin_sensor=none
thermal_skin_temp_c=none
thermal_max_fan_rpm=2700
thermal_reasons:
- selected die signal hwmon:coretemp.0:coretemp:Package id 0 (package) at 37.0°C
- that value is a collapse maximum: hwmon:coretemp.0:coretemp:Package id 0 read 36.0°C itself and was raised to 37.0°C              by acpi:x86_pkg_temp
- clamped thermal_hi to 90.0°C based on hardware T_crit 100.0°C - 10°C
- effective thresholds: lo=60.0°C hi=90.0°C
- die temp 37.0°C <= lo threshold 60.0°C; state = cool (sensor=hwmon:coretemp.0:coretemp:Package id 0)
thermal_sensor_count=31
fan_sensor_count=2
loadavg_1=Some(1.07)
cpu_pressure=avg10=0.00 avg60=0.00 avg300=0.00 total=129000868
memory_pressure=avg10=0.00 avg60=0.00 avg300=0.00 total=1028755
io_pressure=avg10=0.39 avg60=0.43 avg300=0.15 total=33913817
workload_class=idle
workload_reason=pinned override (global)
cpu_wakeup_latency=100000
device_resume_latency=1000000
reasons:
- system is on battery
actions:
- cpu.epp=power (prefer battery life through CPU energy preference)
- platform.profile=low-power (request low-power platform profile)
- systemd.set-property background.slice CPUWeight=25 IOWeight=25 (deprioritize background services on battery)
- vm.sysctl /proc/sys/vm/swappiness=60 (adjust swappiness for current mode)
- vm.sysctl /proc/sys/vm/dirty_background_bytes=67108864 (adjust dirty background bytes for current mode)
- vm.sysctl /proc/sys/vm/dirty_bytes=134217728 (adjust dirty bytes for current mode)
- cpu_dma_latency=100000 (class=idle, floor=100000us, row=contracts.idle)
- runtime_pm /sys/bus/pci/devices/0000:00:17.0 control=auto autosuspend_delay_ms=2000 (battery-idle runtime PM (class=idle, allowlist-gated))
- runtime_pm /sys/bus/pci/devices/0000:00:08.0 control=auto autosuspend_delay_ms=2000 (battery-idle runtime PM (class=idle, allowlist-gated))
- runtime_pm /sys/bus/pci/devices/0000:00:1f.0 control=auto autosuspend_delay_ms=2000 (battery-idle runtime PM (class=idle, allowlist-gated))
- runtime_pm /sys/bus/pci/devices/0000:00:04.0 control=auto autosuspend_delay_ms=2000 (battery-idle runtime PM (class=idle, allowlist-gated))
- runtime_pm /sys/bus/pci/devices/0000:00:14.3 control=auto autosuspend_delay_ms=2000 (battery-idle runtime PM (class=idle, allowlist-gated))
- runtime_pm /sys/bus/pci/devices/0000:00:16.0 control=auto autosuspend_delay_ms=2000 (battery-idle runtime PM (class=idle, allowlist-gated))
- runtime_pm /sys/bus/pci/devices/0000:01:00.0 control=auto autosuspend_delay_ms=2000 (battery-idle runtime PM (class=idle, allowlist-gated))
- runtime_pm /sys/bus/pci/devices/0000:00:1b.0 control=auto autosuspend_delay_ms=2000 (battery-idle runtime PM (class=idle, allowlist-gated))
- runtime_pm /sys/bus/pci/devices/0000:00:1f.5 control=auto autosuspend_delay_ms=2000 (battery-idle runtime PM (class=idle, allowlist-gated))
- runtime_pm /sys/bus/pci/devices/0000:07:00.0 control=auto autosuspend_delay_ms=2000 (battery-idle runtime PM (class=idle, allowlist-gated))
- runtime_pm /sys/bus/pci/devices/0000:00:1e.0 control=auto autosuspend_delay_ms=2000 (battery-idle runtime PM (class=idle, allowlist-gated))
- runtime_pm /sys/bus/pci/devices/0000:00:1f.3 control=auto autosuspend_delay_ms=2000 (battery-idle runtime PM (class=idle, allowlist-gated))
- runtime_pm /sys/bus/pci/devices/0000:00:00.0 control=auto autosuspend_delay_ms=2000 (battery-idle runtime PM (class=idle, allowlist-gated))
- runtime_pm /sys/bus/pci/devices/0000:00:1d.4 control=auto autosuspend_delay_ms=2000 (battery-idle runtime PM (class=idle, allowlist-gated))
- runtime_pm /sys/bus/pci/devices/0000:00:15.0 control=auto autosuspend_delay_ms=2000 (battery-idle runtime PM (class=idle, allowlist-gated))
- runtime_pm /sys/bus/pci/devices/0000:00:1d.0 control=auto autosuspend_delay_ms=2000 (battery-idle runtime PM (class=idle, allowlist-gated))
- runtime_pm /sys/bus/pci/devices/0000:00:1e.3 control=auto autosuspend_delay_ms=2000 (battery-idle runtime PM (class=idle, allowlist-gated))
- runtime_pm /sys/bus/pci/devices/0000:00:14.2 control=auto autosuspend_delay_ms=2000 (battery-idle runtime PM (class=idle, allowlist-gated))
- runtime_pm /sys/bus/pci/devices/0000:00:02.0 control=auto autosuspend_delay_ms=2000 (battery-idle runtime PM (class=idle, allowlist-gated))
- runtime_pm /sys/bus/pci/devices/0000:00:1e.1 control=auto autosuspend_delay_ms=2000 (battery-idle runtime PM (class=idle, allowlist-gated))
- runtime_pm /sys/bus/pci/devices/0000:00:14.0 control=auto autosuspend_delay_ms=2000 (battery-idle runtime PM (class=idle, allowlist-gated))
- runtime_pm /sys/bus/pci/devices/0000:00:1f.4 control=auto autosuspend_delay_ms=2000 (battery-idle runtime PM (class=idle, allowlist-gated))
- runtime_pm /sys/bus/pci/devices/0000:00:0a.0 control=auto autosuspend_delay_ms=2000 (battery-idle runtime PM (class=idle, allowlist-gated))
- runtime_pm /sys/bus/usb/devices/1-14 control=auto autosuspend_delay_ms=2000 (battery-idle runtime PM (class=idle, allowlist-gated))
- runtime_pm /sys/bus/usb/devices/usb1 control=auto autosuspend_delay_ms=2000 (battery-idle runtime PM (class=idle, allowlist-gated))
- runtime_pm /sys/bus/usb/devices/usb2 control=auto autosuspend_delay_ms=2000 (battery-idle runtime PM (class=idle, allowlist-gated))
- runtime_pm /sys/bus/usb/devices/1-6 control=auto autosuspend_delay_ms=2000 (battery-idle runtime PM (class=idle, allowlist-gated))
- pci_aspm /sys/bus/pci/devices/0000:01:00.0 l1_aspm=1 (battery-idle PCIe ASPM (class=idle, allowlist-gated))
- pci_aspm /sys/bus/pci/devices/0000:07:00.0 l1_aspm=1 (battery-idle PCIe ASPM (class=idle, allowlist-gated))
- sata_alpm /sys/class/scsi_host/host7 policy=med_power_with_dipm (battery-idle SATA ALPM (class=idle, allowlist-gated))
- sata_alpm /sys/class/scsi_host/host5 policy=med_power_with_dipm (battery-idle SATA ALPM (class=idle, allowlist-gated))
- sata_alpm /sys/class/scsi_host/host3 policy=med_power_with_dipm (battery-idle SATA ALPM (class=idle, allowlist-gated))
- sata_alpm /sys/class/scsi_host/host1 policy=med_power_with_dipm (battery-idle SATA ALPM (class=idle, allowlist-gated))
- sata_alpm /sys/class/scsi_host/host6 policy=med_power_with_dipm (battery-idle SATA ALPM (class=idle, allowlist-gated))
- sata_alpm /sys/class/scsi_host/host4 policy=med_power_with_dipm (battery-idle SATA ALPM (class=idle, allowlist-gated))
- sata_alpm /sys/class/scsi_host/host2 policy=med_power_with_dipm (battery-idle SATA ALPM (class=idle, allowlist-gated))
- sata_alpm /sys/class/scsi_host/host0 policy=med_power_with_dipm (battery-idle SATA ALPM (class=idle, allowlist-gated))
- backlight /sys/class/backlight/intel_backlight target=40% (battery-idle backlight floor (class=idle, allowlist-gated))
effective_config:
domains.cpu_epp=actuate
domains.platform_profile=actuate
domains.vm_sysctl=actuate
domains.cpu_dma_latency=actuate
domains.device_resume_latency=actuate
domains.runtime_pm=actuate
domains.pci_aspm=actuate
domains.sata_alpm=actuate
domains.backlight=actuate
domains.cgroup_reweight=actuate
correlation_id=optid-000000006a89e4e4-000000000000001e circuit: S5D outcome was neither a verified success nor a counted failure
correlation_id=optid-000000006a89e4e4-000000000000001e circuit: S5D verified success reset scoped pre-threshold failures
correlation_id=optid-000000006a89e4e4-000000000000001e circuit: S5D outcome was neither a verified success nor a counted failure
correlation_id=optid-000000006a89e4e4-000000000000001e circuit: S5D outcome was neither a verified success nor a counted failure
correlation_id=optid-000000006a89e4e4-000000000000001e circuit: S5D outcome was neither a verified success nor a counted failure
correlation_id=optid-000000006a89e4e4-000000000000001e circuit: S5D outcome was neither a verified success nor a counted failure
correlation_id=optid-000000006a89e4e4-000000000000001e circuit: S5D outcome was neither a verified success nor a counted failure
correlation_id=optid-000000006a89e4e4-000000000000001e circuit: S5D outcome was neither a verified success nor a counted failure
correlation_id=optid-000000006a89e4e4-000000000000001e circuit: S5D outcome was neither a verified success nor a counted failure
correlation_id=optid-000000006a89e4e4-000000000000001e circuit: S5D outcome was neither a verified success nor a counted failure
correlation_id=optid-000000006a89e4e4-000000000000001e circuit: S5D outcome was neither a verified success nor a counted failure
correlation_id=optid-000000006a89e4e4-000000000000001e circuit: S5D outcome was neither a verified success nor a counted failure
correlation_id=optid-000000006a89e4e4-000000000000001e circuit: S5D outcome was neither a verified success nor a counted failure
correlation_id=optid-000000006a89e4e4-000000000000001e circuit: S5D outcome was neither a verified success nor a counted failure
correlation_id=optid-000000006a89e4e4-000000000000001e circuit: S5D outcome was neither a verified success nor a counted failure
correlation_id=optid-000000006a89e4e4-000000000000001e circuit: S5D outcome was neither a verified success nor a counted failure
correlation_id=optid-000000006a89e4e4-000000000000001e circuit: S5D outcome was neither a verified success nor a counted failure
correlation_id=optid-000000006a89e4e4-000000000000001e circuit: S5D outcome was neither a verified success nor a counted failure
correlation_id=optid-000000006a89e4e4-000000000000001e circuit: S5D outcome was neither a verified success nor a counted failure
correlation_id=optid-000000006a89e4e4-000000000000001e circuit: S5D outcome was neither a verified success nor a counted failure
correlation_id=optid-000000006a89e4e4-000000000000001e circuit: S5D outcome was neither a verified success nor a counted failure
correlation_id=optid-000000006a89e4e4-000000000000001e circuit: S5D outcome was neither a verified success nor a counted failure
correlation_id=optid-000000006a89e4e4-000000000000001e circuit: S5D outcome was neither a verified success nor a counted failure
correlation_id=optid-000000006a89e4e4-000000000000001e circuit: S5D outcome was neither a verified success nor a counted failure
correlation_id=optid-000000006a89e4e4-000000000000001e circuit: S5D outcome was neither a verified success nor a counted failure
correlation_id=optid-000000006a89e4e4-000000000000001e circuit: S5D outcome was neither a verified success nor a counted failure
correlation_id=optid-000000006a89e4e4-000000000000001e circuit: S5D outcome was neither a verified success nor a counted failure
correlation_id=optid-000000006a89e4e4-000000000000001e reconciler: shadow_parity=true legacy_restore_intents=0 v1_restore_intents=0 intentional_v1_only=0
correlation_id=optid-000000006a89e4e4-000000000000001e
restore_outcomes=none
circuit_state=global_open=false open_domains=cgroup_reweight,cpu_dma_latency,platform_profile,runtime_pm records=20
timestamp=1787421994
mode=battery
on_ac=Some(false)
battery_pct=Some(93)
thermal_c=Some(38.0)
thermal_state=Cool
thermal_derating_ratio=0.00
thermal_die_sensor=hwmon:coretemp.0:coretemp:Package id 0
thermal_die_temp_c=38.0
thermal_skin_sensor=none
thermal_skin_temp_c=none
thermal_max_fan_rpm=2700
thermal_reasons:
- selected die signal hwmon:coretemp.0:coretemp:Package id 0 (package) at 38.0°C
- that value is a collapse maximum: hwmon:coretemp.0:coretemp:Package id 0 read 37.0°C itself and was raised to 38.0°C              by acpi:x86_pkg_temp
- clamped thermal_hi to 90.0°C based on hardware T_crit 100.0°C - 10°C
- effective thresholds: lo=60.0°C hi=90.0°C
- die temp 38.0°C <= lo threshold 60.0°C; state = cool (sensor=hwmon:coretemp.0:coretemp:Package id 0)
thermal_sensor_count=31
fan_sensor_count=2
loadavg_1=Some(1.07)
cpu_pressure=avg10=0.00 avg60=0.00 avg300=0.00 total=129013937
memory_pressure=avg10=0.00 avg60=0.00 avg300=0.00 total=1028755
io_pressure=avg10=0.32 avg60=0.41 avg300=0.15 total=33925864
workload_class=idle
workload_reason=pinned override (global)
cpu_wakeup_latency=100000
device_resume_latency=1000000
reasons:
- system is on battery
actions:
- cpu.epp=power (prefer battery life through CPU energy preference)
- platform.profile=low-power (request low-power platform profile)
- systemd.set-property background.slice CPUWeight=25 IOWeight=25 (deprioritize background services on battery)
- vm.sysctl /proc/sys/vm/swappiness=60 (adjust swappiness for current mode)
- vm.sysctl /proc/sys/vm/dirty_background_bytes=67108864 (adjust dirty background bytes for current mode)
- vm.sysctl /proc/sys/vm/dirty_bytes=134217728 (adjust dirty bytes for current mode)
- cpu_dma_latency=100000 (class=idle, floor=100000us, row=contracts.idle)
- runtime_pm /sys/bus/pci/devices/0000:00:17.0 control=auto autosuspend_delay_ms=2000 (battery-idle runtime PM (class=idle, allowlist-gated))
- runtime_pm /sys/bus/pci/devices/0000:00:08.0 control=auto autosuspend_delay_ms=2000 (battery-idle runtime PM (class=idle, allowlist-gated))
- runtime_pm /sys/bus/pci/devices/0000:00:1f.0 control=auto autosuspend_delay_ms=2000 (battery-idle runtime PM (class=idle, allowlist-gated))
- runtime_pm /sys/bus/pci/devices/0000:00:04.0 control=auto autosuspend_delay_ms=2000 (battery-idle runtime PM (class=idle, allowlist-gated))
- runtime_pm /sys/bus/pci/devices/0000:00:14.3 control=auto autosuspend_delay_ms=2000 (battery-idle runtime PM (class=idle, allowlist-gated))
- runtime_pm /sys/bus/pci/devices/0000:00:16.0 control=auto autosuspend_delay_ms=2000 (battery-idle runtime PM (class=idle, allowlist-gated))
- runtime_pm /sys/bus/pci/devices/0000:01:00.0 control=auto autosuspend_delay_ms=2000 (battery-idle runtime PM (class=idle, allowlist-gated))
- runtime_pm /sys/bus/pci/devices/0000:00:1b.0 control=auto autosuspend_delay_ms=2000 (battery-idle runtime PM (class=idle, allowlist-gated))
- runtime_pm /sys/bus/pci/devices/0000:00:1f.5 control=auto autosuspend_delay_ms=2000 (battery-idle runtime PM (class=idle, allowlist-gated))
- runtime_pm /sys/bus/pci/devices/0000:07:00.0 control=auto autosuspend_delay_ms=2000 (battery-idle runtime PM (class=idle, allowlist-gated))
- runtime_pm /sys/bus/pci/devices/0000:00:1e.0 control=auto autosuspend_delay_ms=2000 (battery-idle runtime PM (class=idle, allowlist-gated))
- runtime_pm /sys/bus/pci/devices/0000:00:1f.3 control=auto autosuspend_delay_ms=2000 (battery-idle runtime PM (class=idle, allowlist-gated))
- runtime_pm /sys/bus/pci/devices/0000:00:00.0 control=auto autosuspend_delay_ms=2000 (battery-idle runtime PM (class=idle, allowlist-gated))
- runtime_pm /sys/bus/pci/devices/0000:00:1d.4 control=auto autosuspend_delay_ms=2000 (battery-idle runtime PM (class=idle, allowlist-gated))
- runtime_pm /sys/bus/pci/devices/0000:00:15.0 control=auto autosuspend_delay_ms=2000 (battery-idle runtime PM (class=idle, allowlist-gated))
- runtime_pm /sys/bus/pci/devices/0000:00:1d.0 control=auto autosuspend_delay_ms=2000 (battery-idle runtime PM (class=idle, allowlist-gated))
- runtime_pm /sys/bus/pci/devices/0000:00:1e.3 control=auto autosuspend_delay_ms=2000 (battery-idle runtime PM (class=idle, allowlist-gated))
- runtime_pm /sys/bus/pci/devices/0000:00:14.2 control=auto autosuspend_delay_ms=2000 (battery-idle runtime PM (class=idle, allowlist-gated))
- runtime_pm /sys/bus/pci/devices/0000:00:02.0 control=auto autosuspend_delay_ms=2000 (battery-idle runtime PM (class=idle, allowlist-gated))
- runtime_pm /sys/bus/pci/devices/0000:00:1e.1 control=auto autosuspend_delay_ms=2000 (battery-idle runtime PM (class=idle, allowlist-gated))
- runtime_pm /sys/bus/pci/devices/0000:00:14.0 control=auto autosuspend_delay_ms=2000 (battery-idle runtime PM (class=idle, allowlist-gated))
- runtime_pm /sys/bus/pci/devices/0000:00:1f.4 control=auto autosuspend_delay_ms=2000 (battery-idle runtime PM (class=idle, allowlist-gated))
- runtime_pm /sys/bus/pci/devices/0000:00:0a.0 control=auto autosuspend_delay_ms=2000 (battery-idle runtime PM (class=idle, allowlist-gated))
- runtime_pm /sys/bus/usb/devices/1-14 control=auto autosuspend_delay_ms=2000 (battery-idle runtime PM (class=idle, allowlist-gated))
- runtime_pm /sys/bus/usb/devices/usb1 control=auto autosuspend_delay_ms=2000 (battery-idle runtime PM (class=idle, allowlist-gated))
- runtime_pm /sys/bus/usb/devices/usb2 control=auto autosuspend_delay_ms=2000 (battery-idle runtime PM (class=idle, allowlist-gated))
- runtime_pm /sys/bus/usb/devices/1-6 control=auto autosuspend_delay_ms=2000 (battery-idle runtime PM (class=idle, allowlist-gated))
- pci_aspm /sys/bus/pci/devices/0000:01:00.0 l1_aspm=1 (battery-idle PCIe ASPM (class=idle, allowlist-gated))
- pci_aspm /sys/bus/pci/devices/0000:07:00.0 l1_aspm=1 (battery-idle PCIe ASPM (class=idle, allowlist-gated))
- sata_alpm /sys/class/scsi_host/host7 policy=med_power_with_dipm (battery-idle SATA ALPM (class=idle, allowlist-gated))
- sata_alpm /sys/class/scsi_host/host5 policy=med_power_with_dipm (battery-idle SATA ALPM (class=idle, allowlist-gated))
- sata_alpm /sys/class/scsi_host/host3 policy=med_power_with_dipm (battery-idle SATA ALPM (class=idle, allowlist-gated))
- sata_alpm /sys/class/scsi_host/host1 policy=med_power_with_dipm (battery-idle SATA ALPM (class=idle, allowlist-gated))
- sata_alpm /sys/class/scsi_host/host6 policy=med_power_with_dipm (battery-idle SATA ALPM (class=idle, allowlist-gated))
- sata_alpm /sys/class/scsi_host/host4 policy=med_power_with_dipm (battery-idle SATA ALPM (class=idle, allowlist-gated))
- sata_alpm /sys/class/scsi_host/host2 policy=med_power_with_dipm (battery-idle SATA ALPM (class=idle, allowlist-gated))
- sata_alpm /sys/class/scsi_host/host0 policy=med_power_with_dipm (battery-idle SATA ALPM (class=idle, allowlist-gated))
- backlight /sys/class/backlight/intel_backlight target=40% (battery-idle backlight floor (class=idle, allowlist-gated))
effective_config:
domains.cpu_epp=actuate
domains.platform_profile=actuate
domains.vm_sysctl=actuate
domains.cpu_dma_latency=actuate
domains.device_resume_latency=actuate
domains.runtime_pm=actuate
domains.pci_aspm=actuate
domains.sata_alpm=actuate
domains.backlight=actuate
domains.cgroup_reweight=actuate
correlation_id=optid-000000006a89e4e4-000000000000001f circuit: S5D outcome was neither a verified success nor a counted failure
correlation_id=optid-000000006a89e4e4-000000000000001f circuit: S5D verified success reset scoped pre-threshold failures
correlation_id=optid-000000006a89e4e4-000000000000001f circuit: S5D outcome was neither a verified success nor a counted failure
correlation_id=optid-000000006a89e4e4-000000000000001f circuit: S5D outcome was neither a verified success nor a counted failure
correlation_id=optid-000000006a89e4e4-000000000000001f circuit: S5D outcome was neither a verified success nor a counted failure
correlation_id=optid-000000006a89e4e4-000000000000001f circuit: S5D outcome was neither a verified success nor a counted failure
correlation_id=optid-000000006a89e4e4-000000000000001f circuit: S5D outcome was neither a verified success nor a counted failure
correlation_id=optid-000000006a89e4e4-000000000000001f circuit: S5D outcome was neither a verified success nor a counted failure
correlation_id=optid-000000006a89e4e4-000000000000001f circuit: S5D outcome was neither a verified success nor a counted failure
correlation_id=optid-000000006a89e4e4-000000000000001f circuit: S5D outcome was neither a verified success nor a counted failure
correlation_id=optid-000000006a89e4e4-000000000000001f circuit: S5D outcome was neither a verified success nor a counted failure
correlation_id=optid-000000006a89e4e4-000000000000001f circuit: S5D outcome was neither a verified success nor a counted failure
correlation_id=optid-000000006a89e4e4-000000000000001f circuit: S5D outcome was neither a verified success nor a counted failure
correlation_id=optid-000000006a89e4e4-000000000000001f circuit: S5D outcome was neither a verified success nor a counted failure
correlation_id=optid-000000006a89e4e4-000000000000001f circuit: S5D outcome was neither a verified success nor a counted failure
correlation_id=optid-000000006a89e4e4-000000000000001f circuit: S5D outcome was neither a verified success nor a counted failure
correlation_id=optid-000000006a89e4e4-000000000000001f circuit: S5D outcome was neither a verified success nor a counted failure
correlation_id=optid-000000006a89e4e4-000000000000001f circuit: S5D outcome was neither a verified success nor a counted failure
correlation_id=optid-000000006a89e4e4-000000000000001f circuit: S5D outcome was neither a verified success nor a counted failure
correlation_id=optid-000000006a89e4e4-000000000000001f circuit: S5D outcome was neither a verified success nor a counted failure
correlation_id=optid-000000006a89e4e4-000000000000001f circuit: S5D outcome was neither a verified success nor a counted failure
correlation_id=optid-000000006a89e4e4-000000000000001f circuit: S5D outcome was neither a verified success nor a counted failure
correlation_id=optid-000000006a89e4e4-000000000000001f circuit: S5D outcome was neither a verified success nor a counted failure
correlation_id=optid-000000006a89e4e4-000000000000001f circuit: S5D outcome was neither a verified success nor a counted failure
correlation_id=optid-000000006a89e4e4-000000000000001f circuit: S5D outcome was neither a verified success nor a counted failure
correlation_id=optid-000000006a89e4e4-000000000000001f circuit: S5D outcome was neither a verified success nor a counted failure
correlation_id=optid-000000006a89e4e4-000000000000001f circuit: S5D outcome was neither a verified success nor a counted failure
correlation_id=optid-000000006a89e4e4-000000000000001f reconciler: shadow_parity=true legacy_restore_intents=0 v1_restore_intents=0 intentional_v1_only=0
correlation_id=optid-000000006a89e4e4-000000000000001f
restore_outcomes=none
circuit_state=global_open=false open_domains=cgroup_reweight,cpu_dma_latency,platform_profile,runtime_pm records=20
timestamp=1787421997
mode=battery
on_ac=Some(false)
battery_pct=Some(93)
thermal_c=Some(37.0)
thermal_state=Cool
thermal_derating_ratio=0.00
thermal_die_sensor=hwmon:coretemp.0:coretemp:Package id 0
thermal_die_temp_c=37.0
thermal_skin_sensor=none
thermal_skin_temp_c=none
thermal_max_fan_rpm=2700
thermal_reasons:
- selected die signal hwmon:coretemp.0:coretemp:Package id 0 (package) at 37.0°C
- clamped thermal_hi to 90.0°C based on hardware T_crit 100.0°C - 10°C
- effective thresholds: lo=60.0°C hi=90.0°C
- die temp 37.0°C <= lo threshold 60.0°C; state = cool (sensor=hwmon:coretemp.0:coretemp:Package id 0)
thermal_sensor_count=31
fan_sensor_count=2
loadavg_1=Some(1.15)
cpu_pressure=avg10=0.00 avg60=0.00 avg300=0.00 total=129025030
memory_pressure=avg10=0.00 avg60=0.00 avg300=0.00 total=1028755
io_pressure=avg10=0.26 avg60=0.40 avg300=0.15 total=33935572
workload_class=idle
workload_reason=pinned override (global)
cpu_wakeup_latency=100000
device_resume_latency=1000000
reasons:
- system is on battery
actions:
- cpu.epp=power (prefer battery life through CPU energy preference)
- platform.profile=low-power (request low-power platform profile)
- systemd.set-property background.slice CPUWeight=25 IOWeight=25 (deprioritize background services on battery)
- vm.sysctl /proc/sys/vm/swappiness=60 (adjust swappiness for current mode)
- vm.sysctl /proc/sys/vm/dirty_background_bytes=67108864 (adjust dirty background bytes for current mode)
- vm.sysctl /proc/sys/vm/dirty_bytes=134217728 (adjust dirty bytes for current mode)
- cpu_dma_latency=100000 (class=idle, floor=100000us, row=contracts.idle)
- runtime_pm /sys/bus/pci/devices/0000:00:17.0 control=auto autosuspend_delay_ms=2000 (battery-idle runtime PM (class=idle, allowlist-gated))
- runtime_pm /sys/bus/pci/devices/0000:00:08.0 control=auto autosuspend_delay_ms=2000 (battery-idle runtime PM (class=idle, allowlist-gated))
- runtime_pm /sys/bus/pci/devices/0000:00:1f.0 control=auto autosuspend_delay_ms=2000 (battery-idle runtime PM (class=idle, allowlist-gated))
- runtime_pm /sys/bus/pci/devices/0000:00:04.0 control=auto autosuspend_delay_ms=2000 (battery-idle runtime PM (class=idle, allowlist-gated))
- runtime_pm /sys/bus/pci/devices/0000:00:14.3 control=auto autosuspend_delay_ms=2000 (battery-idle runtime PM (class=idle, allowlist-gated))
- runtime_pm /sys/bus/pci/devices/0000:00:16.0 control=auto autosuspend_delay_ms=2000 (battery-idle runtime PM (class=idle, allowlist-gated))
- runtime_pm /sys/bus/pci/devices/0000:01:00.0 control=auto autosuspend_delay_ms=2000 (battery-idle runtime PM (class=idle, allowlist-gated))
- runtime_pm /sys/bus/pci/devices/0000:00:1b.0 control=auto autosuspend_delay_ms=2000 (battery-idle runtime PM (class=idle, allowlist-gated))
- runtime_pm /sys/bus/pci/devices/0000:00:1f.5 control=auto autosuspend_delay_ms=2000 (battery-idle runtime PM (class=idle, allowlist-gated))
- runtime_pm /sys/bus/pci/devices/0000:07:00.0 control=auto autosuspend_delay_ms=2000 (battery-idle runtime PM (class=idle, allowlist-gated))
- runtime_pm /sys/bus/pci/devices/0000:00:1e.0 control=auto autosuspend_delay_ms=2000 (battery-idle runtime PM (class=idle, allowlist-gated))
- runtime_pm /sys/bus/pci/devices/0000:00:1f.3 control=auto autosuspend_delay_ms=2000 (battery-idle runtime PM (class=idle, allowlist-gated))
- runtime_pm /sys/bus/pci/devices/0000:00:00.0 control=auto autosuspend_delay_ms=2000 (battery-idle runtime PM (class=idle, allowlist-gated))
- runtime_pm /sys/bus/pci/devices/0000:00:1d.4 control=auto autosuspend_delay_ms=2000 (battery-idle runtime PM (class=idle, allowlist-gated))
- runtime_pm /sys/bus/pci/devices/0000:00:15.0 control=auto autosuspend_delay_ms=2000 (battery-idle runtime PM (class=idle, allowlist-gated))
- runtime_pm /sys/bus/pci/devices/0000:00:1d.0 control=auto autosuspend_delay_ms=2000 (battery-idle runtime PM (class=idle, allowlist-gated))
- runtime_pm /sys/bus/pci/devices/0000:00:1e.3 control=auto autosuspend_delay_ms=2000 (battery-idle runtime PM (class=idle, allowlist-gated))
- runtime_pm /sys/bus/pci/devices/0000:00:14.2 control=auto autosuspend_delay_ms=2000 (battery-idle runtime PM (class=idle, allowlist-gated))
- runtime_pm /sys/bus/pci/devices/0000:00:02.0 control=auto autosuspend_delay_ms=2000 (battery-idle runtime PM (class=idle, allowlist-gated))
- runtime_pm /sys/bus/pci/devices/0000:00:1e.1 control=auto autosuspend_delay_ms=2000 (battery-idle runtime PM (class=idle, allowlist-gated))
- runtime_pm /sys/bus/pci/devices/0000:00:14.0 control=auto autosuspend_delay_ms=2000 (battery-idle runtime PM (class=idle, allowlist-gated))
- runtime_pm /sys/bus/pci/devices/0000:00:1f.4 control=auto autosuspend_delay_ms=2000 (battery-idle runtime PM (class=idle, allowlist-gated))
- runtime_pm /sys/bus/pci/devices/0000:00:0a.0 control=auto autosuspend_delay_ms=2000 (battery-idle runtime PM (class=idle, allowlist-gated))
- runtime_pm /sys/bus/usb/devices/1-14 control=auto autosuspend_delay_ms=2000 (battery-idle runtime PM (class=idle, allowlist-gated))
- runtime_pm /sys/bus/usb/devices/usb1 control=auto autosuspend_delay_ms=2000 (battery-idle runtime PM (class=idle, allowlist-gated))
- runtime_pm /sys/bus/usb/devices/usb2 control=auto autosuspend_delay_ms=2000 (battery-idle runtime PM (class=idle, allowlist-gated))
- runtime_pm /sys/bus/usb/devices/1-6 control=auto autosuspend_delay_ms=2000 (battery-idle runtime PM (class=idle, allowlist-gated))
- pci_aspm /sys/bus/pci/devices/0000:01:00.0 l1_aspm=1 (battery-idle PCIe ASPM (class=idle, allowlist-gated))
- pci_aspm /sys/bus/pci/devices/0000:07:00.0 l1_aspm=1 (battery-idle PCIe ASPM (class=idle, allowlist-gated))
- sata_alpm /sys/class/scsi_host/host7 policy=med_power_with_dipm (battery-idle SATA ALPM (class=idle, allowlist-gated))
- sata_alpm /sys/class/scsi_host/host5 policy=med_power_with_dipm (battery-idle SATA ALPM (class=idle, allowlist-gated))
- sata_alpm /sys/class/scsi_host/host3 policy=med_power_with_dipm (battery-idle SATA ALPM (class=idle, allowlist-gated))
- sata_alpm /sys/class/scsi_host/host1 policy=med_power_with_dipm (battery-idle SATA ALPM (class=idle, allowlist-gated))
- sata_alpm /sys/class/scsi_host/host6 policy=med_power_with_dipm (battery-idle SATA ALPM (class=idle, allowlist-gated))
- sata_alpm /sys/class/scsi_host/host4 policy=med_power_with_dipm (battery-idle SATA ALPM (class=idle, allowlist-gated))
- sata_alpm /sys/class/scsi_host/host2 policy=med_power_with_dipm (battery-idle SATA ALPM (class=idle, allowlist-gated))
- sata_alpm /sys/class/scsi_host/host0 policy=med_power_with_dipm (battery-idle SATA ALPM (class=idle, allowlist-gated))
- backlight /sys/class/backlight/intel_backlight target=40% (battery-idle backlight floor (class=idle, allowlist-gated))
effective_config:
domains.cpu_epp=actuate
domains.platform_profile=actuate
domains.vm_sysctl=actuate
domains.cpu_dma_latency=actuate
domains.device_resume_latency=actuate
domains.runtime_pm=actuate
domains.pci_aspm=actuate
domains.sata_alpm=actuate
domains.backlight=actuate
domains.cgroup_reweight=actuate
correlation_id=optid-000000006a89e4e4-0000000000000020 circuit: S5D outcome was neither a verified success nor a counted failure
correlation_id=optid-000000006a89e4e4-0000000000000020 circuit: S5D verified success reset scoped pre-threshold failures
correlation_id=optid-000000006a89e4e4-0000000000000020 circuit: S5D outcome was neither a verified success nor a counted failure
correlation_id=optid-000000006a89e4e4-0000000000000020 circuit: S5D outcome was neither a verified success nor a counted failure
correlation_id=optid-000000006a89e4e4-0000000000000020 circuit: S5D outcome was neither a verified success nor a counted failure
correlation_id=optid-000000006a89e4e4-0000000000000020 circuit: S5D outcome was neither a verified success nor a counted failure
correlation_id=optid-000000006a89e4e4-0000000000000020 circuit: S5D outcome was neither a verified success nor a counted failure
correlation_id=optid-000000006a89e4e4-0000000000000020 circuit: S5D outcome was neither a verified success nor a counted failure
correlation_id=optid-000000006a89e4e4-0000000000000020 circuit: S5D outcome was neither a verified success nor a counted failure
correlation_id=optid-000000006a89e4e4-0000000000000020 circuit: S5D outcome was neither a verified success nor a counted failure
correlation_id=optid-000000006a89e4e4-0000000000000020 circuit: S5D outcome was neither a verified success nor a counted failure
correlation_id=optid-000000006a89e4e4-0000000000000020 circuit: S5D outcome was neither a verified success nor a counted failure
correlation_id=optid-000000006a89e4e4-0000000000000020 circuit: S5D outcome was neither a verified success nor a counted failure
correlation_id=optid-000000006a89e4e4-0000000000000020 circuit: S5D outcome was neither a verified success nor a counted failure
correlation_id=optid-000000006a89e4e4-0000000000000020 circuit: S5D outcome was neither a verified success nor a counted failure
correlation_id=optid-000000006a89e4e4-0000000000000020 circuit: S5D outcome was neither a verified success nor a counted failure
correlation_id=optid-000000006a89e4e4-0000000000000020 circuit: S5D outcome was neither a verified success nor a counted failure
correlation_id=optid-000000006a89e4e4-0000000000000020 circuit: S5D outcome was neither a verified success nor a counted failure
correlation_id=optid-000000006a89e4e4-0000000000000020 circuit: S5D outcome was neither a verified success nor a counted failure
correlation_id=optid-000000006a89e4e4-0000000000000020 circuit: S5D outcome was neither a verified success nor a counted failure
correlation_id=optid-000000006a89e4e4-0000000000000020 circuit: S5D outcome was neither a verified success nor a counted failure
correlation_id=optid-000000006a89e4e4-0000000000000020 circuit: S5D outcome was neither a verified success nor a counted failure
correlation_id=optid-000000006a89e4e4-0000000000000020 circuit: S5D outcome was neither a verified success nor a counted failure
correlation_id=optid-000000006a89e4e4-0000000000000020 circuit: S5D outcome was neither a verified success nor a counted failure
correlation_id=optid-000000006a89e4e4-0000000000000020 circuit: S5D outcome was neither a verified success nor a counted failure
correlation_id=optid-000000006a89e4e4-0000000000000020 circuit: S5D outcome was neither a verified success nor a counted failure
correlation_id=optid-000000006a89e4e4-0000000000000020 circuit: S5D outcome was neither a verified success nor a counted failure
correlation_id=optid-000000006a89e4e4-0000000000000020 reconciler: shadow_parity=true legacy_restore_intents=0 v1_restore_intents=0 intentional_v1_only=0
correlation_id=optid-000000006a89e4e4-0000000000000020
restore_outcomes=none
circuit_state=global_open=false open_domains=cgroup_reweight,cpu_dma_latency,platform_profile,runtime_pm records=20
timestamp=1787421999
mode=battery
on_ac=Some(false)
battery_pct=Some(93)
thermal_c=Some(37.0)
thermal_state=Cool
thermal_derating_ratio=0.00
thermal_die_sensor=hwmon:coretemp.0:coretemp:Package id 0
thermal_die_temp_c=37.0
thermal_skin_sensor=none
thermal_skin_temp_c=none
thermal_max_fan_rpm=2700
thermal_reasons:
- selected die signal hwmon:coretemp.0:coretemp:Package id 0 (package) at 37.0°C
- clamped thermal_hi to 90.0°C based on hardware T_crit 100.0°C - 10°C
- effective thresholds: lo=60.0°C hi=90.0°C
- die temp 37.0°C <= lo threshold 60.0°C; state = cool (sensor=hwmon:coretemp.0:coretemp:Package id 0)
thermal_sensor_count=31
fan_sensor_count=2
loadavg_1=Some(1.15)
cpu_pressure=avg10=0.00 avg60=0.00 avg300=0.00 total=129030948
memory_pressure=avg10=0.00 avg60=0.00 avg300=0.00 total=1028755
io_pressure=avg10=0.17 avg60=0.37 avg300=0.14 total=33950586
workload_class=idle
workload_reason=pinned override (global)
cpu_wakeup_latency=100000
device_resume_latency=1000000
reasons:
- system is on battery
actions:
- cpu.epp=power (prefer battery life through CPU energy preference)
- platform.profile=low-power (request low-power platform profile)
- systemd.set-property background.slice CPUWeight=25 IOWeight=25 (deprioritize background services on battery)
- vm.sysctl /proc/sys/vm/swappiness=60 (adjust swappiness for current mode)
- vm.sysctl /proc/sys/vm/dirty_background_bytes=67108864 (adjust dirty background bytes for current mode)
- vm.sysctl /proc/sys/vm/dirty_bytes=134217728 (adjust dirty bytes for current mode)
- cpu_dma_latency=100000 (class=idle, floor=100000us, row=contracts.idle)
- runtime_pm /sys/bus/pci/devices/0000:00:17.0 control=auto autosuspend_delay_ms=2000 (battery-idle runtime PM (class=idle, allowlist-gated))
- runtime_pm /sys/bus/pci/devices/0000:00:08.0 control=auto autosuspend_delay_ms=2000 (battery-idle runtime PM (class=idle, allowlist-gated))
- runtime_pm /sys/bus/pci/devices/0000:00:1f.0 control=auto autosuspend_delay_ms=2000 (battery-idle runtime PM (class=idle, allowlist-gated))
- runtime_pm /sys/bus/pci/devices/0000:00:04.0 control=auto autosuspend_delay_ms=2000 (battery-idle runtime PM (class=idle, allowlist-gated))
- runtime_pm /sys/bus/pci/devices/0000:00:14.3 control=auto autosuspend_delay_ms=2000 (battery-idle runtime PM (class=idle, allowlist-gated))
- runtime_pm /sys/bus/pci/devices/0000:00:16.0 control=auto autosuspend_delay_ms=2000 (battery-idle runtime PM (class=idle, allowlist-gated))
- runtime_pm /sys/bus/pci/devices/0000:01:00.0 control=auto autosuspend_delay_ms=2000 (battery-idle runtime PM (class=idle, allowlist-gated))
- runtime_pm /sys/bus/pci/devices/0000:00:1b.0 control=auto autosuspend_delay_ms=2000 (battery-idle runtime PM (class=idle, allowlist-gated))
- runtime_pm /sys/bus/pci/devices/0000:00:1f.5 control=auto autosuspend_delay_ms=2000 (battery-idle runtime PM (class=idle, allowlist-gated))
- runtime_pm /sys/bus/pci/devices/0000:07:00.0 control=auto autosuspend_delay_ms=2000 (battery-idle runtime PM (class=idle, allowlist-gated))
- runtime_pm /sys/bus/pci/devices/0000:00:1e.0 control=auto autosuspend_delay_ms=2000 (battery-idle runtime PM (class=idle, allowlist-gated))
- runtime_pm /sys/bus/pci/devices/0000:00:1f.3 control=auto autosuspend_delay_ms=2000 (battery-idle runtime PM (class=idle, allowlist-gated))
- runtime_pm /sys/bus/pci/devices/0000:00:00.0 control=auto autosuspend_delay_ms=2000 (battery-idle runtime PM (class=idle, allowlist-gated))
- runtime_pm /sys/bus/pci/devices/0000:00:1d.4 control=auto autosuspend_delay_ms=2000 (battery-idle runtime PM (class=idle, allowlist-gated))
- runtime_pm /sys/bus/pci/devices/0000:00:15.0 control=auto autosuspend_delay_ms=2000 (battery-idle runtime PM (class=idle, allowlist-gated))
- runtime_pm /sys/bus/pci/devices/0000:00:1d.0 control=auto autosuspend_delay_ms=2000 (battery-idle runtime PM (class=idle, allowlist-gated))
- runtime_pm /sys/bus/pci/devices/0000:00:1e.3 control=auto autosuspend_delay_ms=2000 (battery-idle runtime PM (class=idle, allowlist-gated))
- runtime_pm /sys/bus/pci/devices/0000:00:14.2 control=auto autosuspend_delay_ms=2000 (battery-idle runtime PM (class=idle, allowlist-gated))
- runtime_pm /sys/bus/pci/devices/0000:00:02.0 control=auto autosuspend_delay_ms=2000 (battery-idle runtime PM (class=idle, allowlist-gated))
- runtime_pm /sys/bus/pci/devices/0000:00:1e.1 control=auto autosuspend_delay_ms=2000 (battery-idle runtime PM (class=idle, allowlist-gated))
- runtime_pm /sys/bus/pci/devices/0000:00:14.0 control=auto autosuspend_delay_ms=2000 (battery-idle runtime PM (class=idle, allowlist-gated))
- runtime_pm /sys/bus/pci/devices/0000:00:1f.4 control=auto autosuspend_delay_ms=2000 (battery-idle runtime PM (class=idle, allowlist-gated))
- runtime_pm /sys/bus/pci/devices/0000:00:0a.0 control=auto autosuspend_delay_ms=2000 (battery-idle runtime PM (class=idle, allowlist-gated))
- runtime_pm /sys/bus/usb/devices/1-14 control=auto autosuspend_delay_ms=2000 (battery-idle runtime PM (class=idle, allowlist-gated))
- runtime_pm /sys/bus/usb/devices/usb1 control=auto autosuspend_delay_ms=2000 (battery-idle runtime PM (class=idle, allowlist-gated))
- runtime_pm /sys/bus/usb/devices/usb2 control=auto autosuspend_delay_ms=2000 (battery-idle runtime PM (class=idle, allowlist-gated))
- runtime_pm /sys/bus/usb/devices/1-6 control=auto autosuspend_delay_ms=2000 (battery-idle runtime PM (class=idle, allowlist-gated))
- pci_aspm /sys/bus/pci/devices/0000:01:00.0 l1_aspm=1 (battery-idle PCIe ASPM (class=idle, allowlist-gated))
- pci_aspm /sys/bus/pci/devices/0000:07:00.0 l1_aspm=1 (battery-idle PCIe ASPM (class=idle, allowlist-gated))
- sata_alpm /sys/class/scsi_host/host7 policy=med_power_with_dipm (battery-idle SATA ALPM (class=idle, allowlist-gated))
- sata_alpm /sys/class/scsi_host/host5 policy=med_power_with_dipm (battery-idle SATA ALPM (class=idle, allowlist-gated))
- sata_alpm /sys/class/scsi_host/host3 policy=med_power_with_dipm (battery-idle SATA ALPM (class=idle, allowlist-gated))
- sata_alpm /sys/class/scsi_host/host1 policy=med_power_with_dipm (battery-idle SATA ALPM (class=idle, allowlist-gated))
- sata_alpm /sys/class/scsi_host/host6 policy=med_power_with_dipm (battery-idle SATA ALPM (class=idle, allowlist-gated))
- sata_alpm /sys/class/scsi_host/host4 policy=med_power_with_dipm (battery-idle SATA ALPM (class=idle, allowlist-gated))
- sata_alpm /sys/class/scsi_host/host2 policy=med_power_with_dipm (battery-idle SATA ALPM (class=idle, allowlist-gated))
- sata_alpm /sys/class/scsi_host/host0 policy=med_power_with_dipm (battery-idle SATA ALPM (class=idle, allowlist-gated))
- backlight /sys/class/backlight/intel_backlight target=40% (battery-idle backlight floor (class=idle, allowlist-gated))
effective_config:
domains.cpu_epp=actuate
domains.platform_profile=actuate
domains.vm_sysctl=actuate
domains.cpu_dma_latency=actuate
domains.device_resume_latency=actuate
domains.runtime_pm=actuate
domains.pci_aspm=actuate
domains.sata_alpm=actuate
domains.backlight=actuate
domains.cgroup_reweight=actuate
correlation_id=optid-000000006a89e4e4-0000000000000021 circuit: S5D outcome was neither a verified success nor a counted failure
correlation_id=optid-000000006a89e4e4-0000000000000021 circuit: S5D verified success reset scoped pre-threshold failures
correlation_id=optid-000000006a89e4e4-0000000000000021 circuit: S5D outcome was neither a verified success nor a counted failure
correlation_id=optid-000000006a89e4e4-0000000000000021 circuit: S5D outcome was neither a verified success nor a counted failure
correlation_id=optid-000000006a89e4e4-0000000000000021 circuit: S5D outcome was neither a verified success nor a counted failure
correlation_id=optid-000000006a89e4e4-0000000000000021 circuit: S5D outcome was neither a verified success nor a counted failure
correlation_id=optid-000000006a89e4e4-0000000000000021 circuit: S5D outcome was neither a verified success nor a counted failure
correlation_id=optid-000000006a89e4e4-0000000000000021 circuit: S5D outcome was neither a verified success nor a counted failure
correlation_id=optid-000000006a89e4e4-0000000000000021 circuit: S5D outcome was neither a verified success nor a counted failure
correlation_id=optid-000000006a89e4e4-0000000000000021 circuit: S5D outcome was neither a verified success nor a counted failure
correlation_id=optid-000000006a89e4e4-0000000000000021 circuit: S5D outcome was neither a verified success nor a counted failure
correlation_id=optid-000000006a89e4e4-0000000000000021 circuit: S5D outcome was neither a verified success nor a counted failure
correlation_id=optid-000000006a89e4e4-0000000000000021 circuit: S5D outcome was neither a verified success nor a counted failure
correlation_id=optid-000000006a89e4e4-0000000000000021 circuit: S5D outcome was neither a verified success nor a counted failure
correlation_id=optid-000000006a89e4e4-0000000000000021 circuit: S5D outcome was neither a verified success nor a counted failure
correlation_id=optid-000000006a89e4e4-0000000000000021 circuit: S5D outcome was neither a verified success nor a counted failure
correlation_id=optid-000000006a89e4e4-0000000000000021 circuit: S5D outcome was neither a verified success nor a counted failure
correlation_id=optid-000000006a89e4e4-0000000000000021 circuit: S5D outcome was neither a verified success nor a counted failure
correlation_id=optid-000000006a89e4e4-0000000000000021 circuit: S5D outcome was neither a verified success nor a counted failure
correlation_id=optid-000000006a89e4e4-0000000000000021 circuit: S5D outcome was neither a verified success nor a counted failure
correlation_id=optid-000000006a89e4e4-0000000000000021 circuit: S5D outcome was neither a verified success nor a counted failure
correlation_id=optid-000000006a89e4e4-0000000000000021 circuit: S5D outcome was neither a verified success nor a counted failure
correlation_id=optid-000000006a89e4e4-0000000000000021 circuit: S5D outcome was neither a verified success nor a counted failure
correlation_id=optid-000000006a89e4e4-0000000000000021 circuit: S5D outcome was neither a verified success nor a counted failure
correlation_id=optid-000000006a89e4e4-0000000000000021 circuit: S5D outcome was neither a verified success nor a counted failure
correlation_id=optid-000000006a89e4e4-0000000000000021 circuit: S5D outcome was neither a verified success nor a counted failure
correlation_id=optid-000000006a89e4e4-0000000000000021 circuit: S5D outcome was neither a verified success nor a counted failure
correlation_id=optid-000000006a89e4e4-0000000000000021 reconciler: shadow_parity=true legacy_restore_intents=0 v1_restore_intents=0 intentional_v1_only=0
correlation_id=optid-000000006a89e4e4-0000000000000021
restore_outcomes=none
circuit_state=global_open=false open_domains=cgroup_reweight,cpu_dma_latency,platform_profile,runtime_pm records=20
timestamp=1787422001
mode=battery
on_ac=Some(false)
battery_pct=Some(93)
thermal_c=Some(36.0)
thermal_state=Cool
thermal_derating_ratio=0.00
thermal_die_sensor=hwmon:coretemp.0:coretemp:Package id 0
thermal_die_temp_c=36.0
thermal_skin_sensor=none
thermal_skin_temp_c=none
thermal_max_fan_rpm=2700
thermal_reasons:
- selected die signal hwmon:coretemp.0:coretemp:Package id 0 (package) at 36.0°C
- clamped thermal_hi to 90.0°C based on hardware T_crit 100.0°C - 10°C
- effective thresholds: lo=60.0°C hi=90.0°C
- die temp 36.0°C <= lo threshold 60.0°C; state = cool (sensor=hwmon:coretemp.0:coretemp:Package id 0)
thermal_sensor_count=31
fan_sensor_count=2
loadavg_1=Some(1.15)
cpu_pressure=avg10=0.00 avg60=0.00 avg300=0.00 total=129036759
memory_pressure=avg10=0.00 avg60=0.00 avg300=0.00 total=1028755
io_pressure=avg10=0.14 avg60=0.36 avg300=0.14 total=33960690
workload_class=idle
workload_reason=pinned override (global)
cpu_wakeup_latency=100000
device_resume_latency=1000000
reasons:
- system is on battery
actions:
- cpu.epp=power (prefer battery life through CPU energy preference)
- platform.profile=low-power (request low-power platform profile)
- systemd.set-property background.slice CPUWeight=25 IOWeight=25 (deprioritize background services on battery)
- vm.sysctl /proc/sys/vm/swappiness=60 (adjust swappiness for current mode)
- vm.sysctl /proc/sys/vm/dirty_background_bytes=67108864 (adjust dirty background bytes for current mode)
- vm.sysctl /proc/sys/vm/dirty_bytes=134217728 (adjust dirty bytes for current mode)
- cpu_dma_latency=100000 (class=idle, floor=100000us, row=contracts.idle)
- runtime_pm /sys/bus/pci/devices/0000:00:17.0 control=auto autosuspend_delay_ms=2000 (battery-idle runtime PM (class=idle, allowlist-gated))
- runtime_pm /sys/bus/pci/devices/0000:00:08.0 control=auto autosuspend_delay_ms=2000 (battery-idle runtime PM (class=idle, allowlist-gated))
- runtime_pm /sys/bus/pci/devices/0000:00:1f.0 control=auto autosuspend_delay_ms=2000 (battery-idle runtime PM (class=idle, allowlist-gated))
- runtime_pm /sys/bus/pci/devices/0000:00:04.0 control=auto autosuspend_delay_ms=2000 (battery-idle runtime PM (class=idle, allowlist-gated))
- runtime_pm /sys/bus/pci/devices/0000:00:14.3 control=auto autosuspend_delay_ms=2000 (battery-idle runtime PM (class=idle, allowlist-gated))
- runtime_pm /sys/bus/pci/devices/0000:00:16.0 control=auto autosuspend_delay_ms=2000 (battery-idle runtime PM (class=idle, allowlist-gated))
- runtime_pm /sys/bus/pci/devices/0000:01:00.0 control=auto autosuspend_delay_ms=2000 (battery-idle runtime PM (class=idle, allowlist-gated))
- runtime_pm /sys/bus/pci/devices/0000:00:1b.0 control=auto autosuspend_delay_ms=2000 (battery-idle runtime PM (class=idle, allowlist-gated))
- runtime_pm /sys/bus/pci/devices/0000:00:1f.5 control=auto autosuspend_delay_ms=2000 (battery-idle runtime PM (class=idle, allowlist-gated))
- runtime_pm /sys/bus/pci/devices/0000:07:00.0 control=auto autosuspend_delay_ms=2000 (battery-idle runtime PM (class=idle, allowlist-gated))
- runtime_pm /sys/bus/pci/devices/0000:00:1e.0 control=auto autosuspend_delay_ms=2000 (battery-idle runtime PM (class=idle, allowlist-gated))
- runtime_pm /sys/bus/pci/devices/0000:00:1f.3 control=auto autosuspend_delay_ms=2000 (battery-idle runtime PM (class=idle, allowlist-gated))
- runtime_pm /sys/bus/pci/devices/0000:00:00.0 control=auto autosuspend_delay_ms=2000 (battery-idle runtime PM (class=idle, allowlist-gated))
- runtime_pm /sys/bus/pci/devices/0000:00:1d.4 control=auto autosuspend_delay_ms=2000 (battery-idle runtime PM (class=idle, allowlist-gated))
- runtime_pm /sys/bus/pci/devices/0000:00:15.0 control=auto autosuspend_delay_ms=2000 (battery-idle runtime PM (class=idle, allowlist-gated))
- runtime_pm /sys/bus/pci/devices/0000:00:1d.0 control=auto autosuspend_delay_ms=2000 (battery-idle runtime PM (class=idle, allowlist-gated))
- runtime_pm /sys/bus/pci/devices/0000:00:1e.3 control=auto autosuspend_delay_ms=2000 (battery-idle runtime PM (class=idle, allowlist-gated))
- runtime_pm /sys/bus/pci/devices/0000:00:14.2 control=auto autosuspend_delay_ms=2000 (battery-idle runtime PM (class=idle, allowlist-gated))
- runtime_pm /sys/bus/pci/devices/0000:00:02.0 control=auto autosuspend_delay_ms=2000 (battery-idle runtime PM (class=idle, allowlist-gated))
- runtime_pm /sys/bus/pci/devices/0000:00:1e.1 control=auto autosuspend_delay_ms=2000 (battery-idle runtime PM (class=idle, allowlist-gated))
- runtime_pm /sys/bus/pci/devices/0000:00:14.0 control=auto autosuspend_delay_ms=2000 (battery-idle runtime PM (class=idle, allowlist-gated))
- runtime_pm /sys/bus/pci/devices/0000:00:1f.4 control=auto autosuspend_delay_ms=2000 (battery-idle runtime PM (class=idle, allowlist-gated))
- runtime_pm /sys/bus/pci/devices/0000:00:0a.0 control=auto autosuspend_delay_ms=2000 (battery-idle runtime PM (class=idle, allowlist-gated))
- runtime_pm /sys/bus/usb/devices/1-14 control=auto autosuspend_delay_ms=2000 (battery-idle runtime PM (class=idle, allowlist-gated))
- runtime_pm /sys/bus/usb/devices/usb1 control=auto autosuspend_delay_ms=2000 (battery-idle runtime PM (class=idle, allowlist-gated))
- runtime_pm /sys/bus/usb/devices/usb2 control=auto autosuspend_delay_ms=2000 (battery-idle runtime PM (class=idle, allowlist-gated))
- runtime_pm /sys/bus/usb/devices/1-6 control=auto autosuspend_delay_ms=2000 (battery-idle runtime PM (class=idle, allowlist-gated))
- pci_aspm /sys/bus/pci/devices/0000:01:00.0 l1_aspm=1 (battery-idle PCIe ASPM (class=idle, allowlist-gated))
- pci_aspm /sys/bus/pci/devices/0000:07:00.0 l1_aspm=1 (battery-idle PCIe ASPM (class=idle, allowlist-gated))
- sata_alpm /sys/class/scsi_host/host7 policy=med_power_with_dipm (battery-idle SATA ALPM (class=idle, allowlist-gated))
- sata_alpm /sys/class/scsi_host/host5 policy=med_power_with_dipm (battery-idle SATA ALPM (class=idle, allowlist-gated))
- sata_alpm /sys/class/scsi_host/host3 policy=med_power_with_dipm (battery-idle SATA ALPM (class=idle, allowlist-gated))
- sata_alpm /sys/class/scsi_host/host1 policy=med_power_with_dipm (battery-idle SATA ALPM (class=idle, allowlist-gated))
- sata_alpm /sys/class/scsi_host/host6 policy=med_power_with_dipm (battery-idle SATA ALPM (class=idle, allowlist-gated))
- sata_alpm /sys/class/scsi_host/host4 policy=med_power_with_dipm (battery-idle SATA ALPM (class=idle, allowlist-gated))
- sata_alpm /sys/class/scsi_host/host2 policy=med_power_with_dipm (battery-idle SATA ALPM (class=idle, allowlist-gated))
- sata_alpm /sys/class/scsi_host/host0 policy=med_power_with_dipm (battery-idle SATA ALPM (class=idle, allowlist-gated))
- backlight /sys/class/backlight/intel_backlight target=40% (battery-idle backlight floor (class=idle, allowlist-gated))
effective_config:
domains.cpu_epp=actuate
domains.platform_profile=actuate
domains.vm_sysctl=actuate
domains.cpu_dma_latency=actuate
domains.device_resume_latency=actuate
domains.runtime_pm=actuate
domains.pci_aspm=actuate
domains.sata_alpm=actuate
domains.backlight=actuate
domains.cgroup_reweight=actuate
correlation_id=optid-000000006a89e4e4-0000000000000022 circuit: S5D outcome was neither a verified success nor a counted failure
correlation_id=optid-000000006a89e4e4-0000000000000022 circuit: S5D verified success reset scoped pre-threshold failures
correlation_id=optid-000000006a89e4e4-0000000000000022 circuit: S5D outcome was neither a verified success nor a counted failure
correlation_id=optid-000000006a89e4e4-0000000000000022 circuit: S5D outcome was neither a verified success nor a counted failure
correlation_id=optid-000000006a89e4e4-0000000000000022 circuit: S5D outcome was neither a verified success nor a counted failure
correlation_id=optid-000000006a89e4e4-0000000000000022 circuit: S5D outcome was neither a verified success nor a counted failure
correlation_id=optid-000000006a89e4e4-0000000000000022 circuit: S5D outcome was neither a verified success nor a counted failure
correlation_id=optid-000000006a89e4e4-0000000000000022 circuit: S5D outcome was neither a verified success nor a counted failure
correlation_id=optid-000000006a89e4e4-0000000000000022 circuit: S5D outcome was neither a verified success nor a counted failure
correlation_id=optid-000000006a89e4e4-0000000000000022 circuit: S5D outcome was neither a verified success nor a counted failure
correlation_id=optid-000000006a89e4e4-0000000000000022 circuit: S5D outcome was neither a verified success nor a counted failure
correlation_id=optid-000000006a89e4e4-0000000000000022 circuit: S5D outcome was neither a verified success nor a counted failure
correlation_id=optid-000000006a89e4e4-0000000000000022 circuit: S5D outcome was neither a verified success nor a counted failure
correlation_id=optid-000000006a89e4e4-0000000000000022 circuit: S5D outcome was neither a verified success nor a counted failure
correlation_id=optid-000000006a89e4e4-0000000000000022 circuit: S5D outcome was neither a verified success nor a counted failure
correlation_id=optid-000000006a89e4e4-0000000000000022 circuit: S5D outcome was neither a verified success nor a counted failure
correlation_id=optid-000000006a89e4e4-0000000000000022 circuit: S5D outcome was neither a verified success nor a counted failure
correlation_id=optid-000000006a89e4e4-0000000000000022 circuit: S5D outcome was neither a verified success nor a counted failure
correlation_id=optid-000000006a89e4e4-0000000000000022 circuit: S5D outcome was neither a verified success nor a counted failure
correlation_id=optid-000000006a89e4e4-0000000000000022 circuit: S5D outcome was neither a verified success nor a counted failure
correlation_id=optid-000000006a89e4e4-0000000000000022 circuit: S5D outcome was neither a verified success nor a counted failure
correlation_id=optid-000000006a89e4e4-0000000000000022 circuit: S5D outcome was neither a verified success nor a counted failure
correlation_id=optid-000000006a89e4e4-0000000000000022 circuit: S5D outcome was neither a verified success nor a counted failure
correlation_id=optid-000000006a89e4e4-0000000000000022 circuit: S5D outcome was neither a verified success nor a counted failure
correlation_id=optid-000000006a89e4e4-0000000000000022 circuit: S5D outcome was neither a verified success nor a counted failure
correlation_id=optid-000000006a89e4e4-0000000000000022 circuit: S5D outcome was neither a verified success nor a counted failure
correlation_id=optid-000000006a89e4e4-0000000000000022 circuit: S5D outcome was neither a verified success nor a counted failure
correlation_id=optid-000000006a89e4e4-0000000000000022 reconciler: shadow_parity=true legacy_restore_intents=0 v1_restore_intents=0 intentional_v1_only=0
correlation_id=optid-000000006a89e4e4-0000000000000022
restore_outcomes=none
circuit_state=global_open=false open_domains=cgroup_reweight,cpu_dma_latency,platform_profile,runtime_pm records=20
timestamp=1787422004
mode=battery
on_ac=Some(false)
battery_pct=Some(93)
thermal_c=Some(36.0)
thermal_state=Cool
thermal_derating_ratio=0.00
thermal_die_sensor=hwmon:coretemp.0:coretemp:Package id 0
thermal_die_temp_c=36.0
thermal_skin_sensor=none
thermal_skin_temp_c=none
thermal_max_fan_rpm=2700
thermal_reasons:
- selected die signal hwmon:coretemp.0:coretemp:Package id 0 (package) at 36.0°C
- clamped thermal_hi to 90.0°C based on hardware T_crit 100.0°C - 10°C
- effective thresholds: lo=60.0°C hi=90.0°C
- die temp 36.0°C <= lo threshold 60.0°C; state = cool (sensor=hwmon:coretemp.0:coretemp:Package id 0)
thermal_sensor_count=31
fan_sensor_count=2
loadavg_1=Some(1.14)
cpu_pressure=avg10=0.00 avg60=0.00 avg300=0.00 total=129045650
memory_pressure=avg10=0.00 avg60=0.00 avg300=0.00 total=1028755
io_pressure=avg10=0.11 avg60=0.35 avg300=0.14 total=33973219
workload_class=idle
workload_reason=pinned override (global)
cpu_wakeup_latency=100000
device_resume_latency=1000000
reasons:
- system is on battery
actions:
- cpu.epp=power (prefer battery life through CPU energy preference)
- platform.profile=low-power (request low-power platform profile)
- systemd.set-property background.slice CPUWeight=25 IOWeight=25 (deprioritize background services on battery)
- vm.sysctl /proc/sys/vm/swappiness=60 (adjust swappiness for current mode)
- vm.sysctl /proc/sys/vm/dirty_background_bytes=67108864 (adjust dirty background bytes for current mode)
- vm.sysctl /proc/sys/vm/dirty_bytes=134217728 (adjust dirty bytes for current mode)
- cpu_dma_latency=100000 (class=idle, floor=100000us, row=contracts.idle)
- runtime_pm /sys/bus/pci/devices/0000:00:17.0 control=auto autosuspend_delay_ms=2000 (battery-idle runtime PM (class=idle, allowlist-gated))
- runtime_pm /sys/bus/pci/devices/0000:00:08.0 control=auto autosuspend_delay_ms=2000 (battery-idle runtime PM (class=idle, allowlist-gated))
- runtime_pm /sys/bus/pci/devices/0000:00:1f.0 control=auto autosuspend_delay_ms=2000 (battery-idle runtime PM (class=idle, allowlist-gated))
- runtime_pm /sys/bus/pci/devices/0000:00:04.0 control=auto autosuspend_delay_ms=2000 (battery-idle runtime PM (class=idle, allowlist-gated))
- runtime_pm /sys/bus/pci/devices/0000:00:14.3 control=auto autosuspend_delay_ms=2000 (battery-idle runtime PM (class=idle, allowlist-gated))
- runtime_pm /sys/bus/pci/devices/0000:00:16.0 control=auto autosuspend_delay_ms=2000 (battery-idle runtime PM (class=idle, allowlist-gated))
- runtime_pm /sys/bus/pci/devices/0000:01:00.0 control=auto autosuspend_delay_ms=2000 (battery-idle runtime PM (class=idle, allowlist-gated))
- runtime_pm /sys/bus/pci/devices/0000:00:1b.0 control=auto autosuspend_delay_ms=2000 (battery-idle runtime PM (class=idle, allowlist-gated))
- runtime_pm /sys/bus/pci/devices/0000:00:1f.5 control=auto autosuspend_delay_ms=2000 (battery-idle runtime PM (class=idle, allowlist-gated))
- runtime_pm /sys/bus/pci/devices/0000:07:00.0 control=auto autosuspend_delay_ms=2000 (battery-idle runtime PM (class=idle, allowlist-gated))
- runtime_pm /sys/bus/pci/devices/0000:00:1e.0 control=auto autosuspend_delay_ms=2000 (battery-idle runtime PM (class=idle, allowlist-gated))
- runtime_pm /sys/bus/pci/devices/0000:00:1f.3 control=auto autosuspend_delay_ms=2000 (battery-idle runtime PM (class=idle, allowlist-gated))
- runtime_pm /sys/bus/pci/devices/0000:00:00.0 control=auto autosuspend_delay_ms=2000 (battery-idle runtime PM (class=idle, allowlist-gated))
- runtime_pm /sys/bus/pci/devices/0000:00:1d.4 control=auto autosuspend_delay_ms=2000 (battery-idle runtime PM (class=idle, allowlist-gated))
- runtime_pm /sys/bus/pci/devices/0000:00:15.0 control=auto autosuspend_delay_ms=2000 (battery-idle runtime PM (class=idle, allowlist-gated))
- runtime_pm /sys/bus/pci/devices/0000:00:1d.0 control=auto autosuspend_delay_ms=2000 (battery-idle runtime PM (class=idle, allowlist-gated))
- runtime_pm /sys/bus/pci/devices/0000:00:1e.3 control=auto autosuspend_delay_ms=2000 (battery-idle runtime PM (class=idle, allowlist-gated))
- runtime_pm /sys/bus/pci/devices/0000:00:14.2 control=auto autosuspend_delay_ms=2000 (battery-idle runtime PM (class=idle, allowlist-gated))
- runtime_pm /sys/bus/pci/devices/0000:00:02.0 control=auto autosuspend_delay_ms=2000 (battery-idle runtime PM (class=idle, allowlist-gated))
- runtime_pm /sys/bus/pci/devices/0000:00:1e.1 control=auto autosuspend_delay_ms=2000 (battery-idle runtime PM (class=idle, allowlist-gated))
- runtime_pm /sys/bus/pci/devices/0000:00:14.0 control=auto autosuspend_delay_ms=2000 (battery-idle runtime PM (class=idle, allowlist-gated))
- runtime_pm /sys/bus/pci/devices/0000:00:1f.4 control=auto autosuspend_delay_ms=2000 (battery-idle runtime PM (class=idle, allowlist-gated))
- runtime_pm /sys/bus/pci/devices/0000:00:0a.0 control=auto autosuspend_delay_ms=2000 (battery-idle runtime PM (class=idle, allowlist-gated))
- runtime_pm /sys/bus/usb/devices/1-14 control=auto autosuspend_delay_ms=2000 (battery-idle runtime PM (class=idle, allowlist-gated))
- runtime_pm /sys/bus/usb/devices/usb1 control=auto autosuspend_delay_ms=2000 (battery-idle runtime PM (class=idle, allowlist-gated))
- runtime_pm /sys/bus/usb/devices/usb2 control=auto autosuspend_delay_ms=2000 (battery-idle runtime PM (class=idle, allowlist-gated))
- runtime_pm /sys/bus/usb/devices/1-6 control=auto autosuspend_delay_ms=2000 (battery-idle runtime PM (class=idle, allowlist-gated))
- pci_aspm /sys/bus/pci/devices/0000:01:00.0 l1_aspm=1 (battery-idle PCIe ASPM (class=idle, allowlist-gated))
- pci_aspm /sys/bus/pci/devices/0000:07:00.0 l1_aspm=1 (battery-idle PCIe ASPM (class=idle, allowlist-gated))
- sata_alpm /sys/class/scsi_host/host7 policy=med_power_with_dipm (battery-idle SATA ALPM (class=idle, allowlist-gated))
- sata_alpm /sys/class/scsi_host/host5 policy=med_power_with_dipm (battery-idle SATA ALPM (class=idle, allowlist-gated))
- sata_alpm /sys/class/scsi_host/host3 policy=med_power_with_dipm (battery-idle SATA ALPM (class=idle, allowlist-gated))
- sata_alpm /sys/class/scsi_host/host1 policy=med_power_with_dipm (battery-idle SATA ALPM (class=idle, allowlist-gated))
- sata_alpm /sys/class/scsi_host/host6 policy=med_power_with_dipm (battery-idle SATA ALPM (class=idle, allowlist-gated))
- sata_alpm /sys/class/scsi_host/host4 policy=med_power_with_dipm (battery-idle SATA ALPM (class=idle, allowlist-gated))
- sata_alpm /sys/class/scsi_host/host2 policy=med_power_with_dipm (battery-idle SATA ALPM (class=idle, allowlist-gated))
- sata_alpm /sys/class/scsi_host/host0 policy=med_power_with_dipm (battery-idle SATA ALPM (class=idle, allowlist-gated))
- backlight /sys/class/backlight/intel_backlight target=40% (battery-idle backlight floor (class=idle, allowlist-gated))
effective_config:
domains.cpu_epp=actuate
domains.platform_profile=actuate
domains.vm_sysctl=actuate
domains.cpu_dma_latency=actuate
domains.device_resume_latency=actuate
domains.runtime_pm=actuate
domains.pci_aspm=actuate
domains.sata_alpm=actuate
domains.backlight=actuate
domains.cgroup_reweight=actuate
correlation_id=optid-000000006a89e4e4-0000000000000023 circuit: S5D outcome was neither a verified success nor a counted failure
correlation_id=optid-000000006a89e4e4-0000000000000023 circuit: S5D verified success reset scoped pre-threshold failures
correlation_id=optid-000000006a89e4e4-0000000000000023 circuit: S5D outcome was neither a verified success nor a counted failure
correlation_id=optid-000000006a89e4e4-0000000000000023 circuit: S5D outcome was neither a verified success nor a counted failure
correlation_id=optid-000000006a89e4e4-0000000000000023 circuit: S5D outcome was neither a verified success nor a counted failure
correlation_id=optid-000000006a89e4e4-0000000000000023 circuit: S5D outcome was neither a verified success nor a counted failure
correlation_id=optid-000000006a89e4e4-0000000000000023 circuit: S5D outcome was neither a verified success nor a counted failure
correlation_id=optid-000000006a89e4e4-0000000000000023 circuit: S5D outcome was neither a verified success nor a counted failure
correlation_id=optid-000000006a89e4e4-0000000000000023 circuit: S5D outcome was neither a verified success nor a counted failure
correlation_id=optid-000000006a89e4e4-0000000000000023 circuit: S5D outcome was neither a verified success nor a counted failure
correlation_id=optid-000000006a89e4e4-0000000000000023 circuit: S5D outcome was neither a verified success nor a counted failure
correlation_id=optid-000000006a89e4e4-0000000000000023 circuit: S5D outcome was neither a verified success nor a counted failure
correlation_id=optid-000000006a89e4e4-0000000000000023 circuit: S5D outcome was neither a verified success nor a counted failure
correlation_id=optid-000000006a89e4e4-0000000000000023 circuit: S5D outcome was neither a verified success nor a counted failure
correlation_id=optid-000000006a89e4e4-0000000000000023 circuit: S5D outcome was neither a verified success nor a counted failure
correlation_id=optid-000000006a89e4e4-0000000000000023 circuit: S5D outcome was neither a verified success nor a counted failure
correlation_id=optid-000000006a89e4e4-0000000000000023 circuit: S5D outcome was neither a verified success nor a counted failure
correlation_id=optid-000000006a89e4e4-0000000000000023 circuit: S5D outcome was neither a verified success nor a counted failure
correlation_id=optid-000000006a89e4e4-0000000000000023 circuit: S5D outcome was neither a verified success nor a counted failure
correlation_id=optid-000000006a89e4e4-0000000000000023 circuit: S5D outcome was neither a verified success nor a counted failure
correlation_id=optid-000000006a89e4e4-0000000000000023 circuit: S5D outcome was neither a verified success nor a counted failure
correlation_id=optid-000000006a89e4e4-0000000000000023 circuit: S5D outcome was neither a verified success nor a counted failure
correlation_id=optid-000000006a89e4e4-0000000000000023 circuit: S5D outcome was neither a verified success nor a counted failure
correlation_id=optid-000000006a89e4e4-0000000000000023 circuit: S5D outcome was neither a verified success nor a counted failure
correlation_id=optid-000000006a89e4e4-0000000000000023 circuit: S5D outcome was neither a verified success nor a counted failure
correlation_id=optid-000000006a89e4e4-0000000000000023 circuit: S5D outcome was neither a verified success nor a counted failure
correlation_id=optid-000000006a89e4e4-0000000000000023 circuit: S5D outcome was neither a verified success nor a counted failure
correlation_id=optid-000000006a89e4e4-0000000000000023 reconciler: shadow_parity=true legacy_restore_intents=0 v1_restore_intents=0 intentional_v1_only=0
correlation_id=optid-000000006a89e4e4-0000000000000023
restore_outcomes=none
circuit_state=global_open=false open_domains=cgroup_reweight,cpu_dma_latency,platform_profile,runtime_pm records=20
timestamp=1787422006
mode=battery
on_ac=Some(false)
battery_pct=Some(93)
thermal_c=Some(36.0)
thermal_state=Cool
thermal_derating_ratio=0.00
thermal_die_sensor=hwmon:coretemp.0:coretemp:Package id 0
thermal_die_temp_c=36.0
thermal_skin_sensor=none
thermal_skin_temp_c=none
thermal_max_fan_rpm=2700
thermal_reasons:
- selected die signal hwmon:coretemp.0:coretemp:Package id 0 (package) at 36.0°C
- clamped thermal_hi to 90.0°C based on hardware T_crit 100.0°C - 10°C
- effective thresholds: lo=60.0°C hi=90.0°C
- die temp 36.0°C <= lo threshold 60.0°C; state = cool (sensor=hwmon:coretemp.0:coretemp:Package id 0)
thermal_sensor_count=31
fan_sensor_count=2
loadavg_1=Some(1.14)
cpu_pressure=avg10=0.00 avg60=0.00 avg300=0.00 total=129053031
memory_pressure=avg10=0.00 avg60=0.00 avg300=0.00 total=1028755
io_pressure=avg10=0.09 avg60=0.33 avg300=0.14 total=33987170
workload_class=idle
workload_reason=pinned override (global)
cpu_wakeup_latency=100000
device_resume_latency=1000000
reasons:
- system is on battery
actions:
- cpu.epp=power (prefer battery life through CPU energy preference)
- platform.profile=low-power (request low-power platform profile)
- systemd.set-property background.slice CPUWeight=25 IOWeight=25 (deprioritize background services on battery)
- vm.sysctl /proc/sys/vm/swappiness=60 (adjust swappiness for current mode)
- vm.sysctl /proc/sys/vm/dirty_background_bytes=67108864 (adjust dirty background bytes for current mode)
- vm.sysctl /proc/sys/vm/dirty_bytes=134217728 (adjust dirty bytes for current mode)
- cpu_dma_latency=100000 (class=idle, floor=100000us, row=contracts.idle)
- runtime_pm /sys/bus/pci/devices/0000:00:17.0 control=auto autosuspend_delay_ms=2000 (battery-idle runtime PM (class=idle, allowlist-gated))
- runtime_pm /sys/bus/pci/devices/0000:00:08.0 control=auto autosuspend_delay_ms=2000 (battery-idle runtime PM (class=idle, allowlist-gated))
- runtime_pm /sys/bus/pci/devices/0000:00:1f.0 control=auto autosuspend_delay_ms=2000 (battery-idle runtime PM (class=idle, allowlist-gated))
- runtime_pm /sys/bus/pci/devices/0000:00:04.0 control=auto autosuspend_delay_ms=2000 (battery-idle runtime PM (class=idle, allowlist-gated))
- runtime_pm /sys/bus/pci/devices/0000:00:14.3 control=auto autosuspend_delay_ms=2000 (battery-idle runtime PM (class=idle, allowlist-gated))
- runtime_pm /sys/bus/pci/devices/0000:00:16.0 control=auto autosuspend_delay_ms=2000 (battery-idle runtime PM (class=idle, allowlist-gated))
- runtime_pm /sys/bus/pci/devices/0000:01:00.0 control=auto autosuspend_delay_ms=2000 (battery-idle runtime PM (class=idle, allowlist-gated))
- runtime_pm /sys/bus/pci/devices/0000:00:1b.0 control=auto autosuspend_delay_ms=2000 (battery-idle runtime PM (class=idle, allowlist-gated))
- runtime_pm /sys/bus/pci/devices/0000:00:1f.5 control=auto autosuspend_delay_ms=2000 (battery-idle runtime PM (class=idle, allowlist-gated))
- runtime_pm /sys/bus/pci/devices/0000:07:00.0 control=auto autosuspend_delay_ms=2000 (battery-idle runtime PM (class=idle, allowlist-gated))
- runtime_pm /sys/bus/pci/devices/0000:00:1e.0 control=auto autosuspend_delay_ms=2000 (battery-idle runtime PM (class=idle, allowlist-gated))
- runtime_pm /sys/bus/pci/devices/0000:00:1f.3 control=auto autosuspend_delay_ms=2000 (battery-idle runtime PM (class=idle, allowlist-gated))
- runtime_pm /sys/bus/pci/devices/0000:00:00.0 control=auto autosuspend_delay_ms=2000 (battery-idle runtime PM (class=idle, allowlist-gated))
- runtime_pm /sys/bus/pci/devices/0000:00:1d.4 control=auto autosuspend_delay_ms=2000 (battery-idle runtime PM (class=idle, allowlist-gated))
- runtime_pm /sys/bus/pci/devices/0000:00:15.0 control=auto autosuspend_delay_ms=2000 (battery-idle runtime PM (class=idle, allowlist-gated))
- runtime_pm /sys/bus/pci/devices/0000:00:1d.0 control=auto autosuspend_delay_ms=2000 (battery-idle runtime PM (class=idle, allowlist-gated))
- runtime_pm /sys/bus/pci/devices/0000:00:1e.3 control=auto autosuspend_delay_ms=2000 (battery-idle runtime PM (class=idle, allowlist-gated))
- runtime_pm /sys/bus/pci/devices/0000:00:14.2 control=auto autosuspend_delay_ms=2000 (battery-idle runtime PM (class=idle, allowlist-gated))
- runtime_pm /sys/bus/pci/devices/0000:00:02.0 control=auto autosuspend_delay_ms=2000 (battery-idle runtime PM (class=idle, allowlist-gated))
- runtime_pm /sys/bus/pci/devices/0000:00:1e.1 control=auto autosuspend_delay_ms=2000 (battery-idle runtime PM (class=idle, allowlist-gated))
- runtime_pm /sys/bus/pci/devices/0000:00:14.0 control=auto autosuspend_delay_ms=2000 (battery-idle runtime PM (class=idle, allowlist-gated))
- runtime_pm /sys/bus/pci/devices/0000:00:1f.4 control=auto autosuspend_delay_ms=2000 (battery-idle runtime PM (class=idle, allowlist-gated))
- runtime_pm /sys/bus/pci/devices/0000:00:0a.0 control=auto autosuspend_delay_ms=2000 (battery-idle runtime PM (class=idle, allowlist-gated))
- runtime_pm /sys/bus/usb/devices/1-14 control=auto autosuspend_delay_ms=2000 (battery-idle runtime PM (class=idle, allowlist-gated))
- runtime_pm /sys/bus/usb/devices/usb1 control=auto autosuspend_delay_ms=2000 (battery-idle runtime PM (class=idle, allowlist-gated))
- runtime_pm /sys/bus/usb/devices/usb2 control=auto autosuspend_delay_ms=2000 (battery-idle runtime PM (class=idle, allowlist-gated))
- runtime_pm /sys/bus/usb/devices/1-6 control=auto autosuspend_delay_ms=2000 (battery-idle runtime PM (class=idle, allowlist-gated))
- pci_aspm /sys/bus/pci/devices/0000:01:00.0 l1_aspm=1 (battery-idle PCIe ASPM (class=idle, allowlist-gated))
- pci_aspm /sys/bus/pci/devices/0000:07:00.0 l1_aspm=1 (battery-idle PCIe ASPM (class=idle, allowlist-gated))
- sata_alpm /sys/class/scsi_host/host7 policy=med_power_with_dipm (battery-idle SATA ALPM (class=idle, allowlist-gated))
- sata_alpm /sys/class/scsi_host/host5 policy=med_power_with_dipm (battery-idle SATA ALPM (class=idle, allowlist-gated))
- sata_alpm /sys/class/scsi_host/host3 policy=med_power_with_dipm (battery-idle SATA ALPM (class=idle, allowlist-gated))
- sata_alpm /sys/class/scsi_host/host1 policy=med_power_with_dipm (battery-idle SATA ALPM (class=idle, allowlist-gated))
- sata_alpm /sys/class/scsi_host/host6 policy=med_power_with_dipm (battery-idle SATA ALPM (class=idle, allowlist-gated))
- sata_alpm /sys/class/scsi_host/host4 policy=med_power_with_dipm (battery-idle SATA ALPM (class=idle, allowlist-gated))
- sata_alpm /sys/class/scsi_host/host2 policy=med_power_with_dipm (battery-idle SATA ALPM (class=idle, allowlist-gated))
- sata_alpm /sys/class/scsi_host/host0 policy=med_power_with_dipm (battery-idle SATA ALPM (class=idle, allowlist-gated))
- backlight /sys/class/backlight/intel_backlight target=40% (battery-idle backlight floor (class=idle, allowlist-gated))
effective_config:
domains.cpu_epp=actuate
domains.platform_profile=actuate
domains.vm_sysctl=actuate
domains.cpu_dma_latency=actuate
domains.device_resume_latency=actuate
domains.runtime_pm=actuate
domains.pci_aspm=actuate
domains.sata_alpm=actuate
domains.backlight=actuate
domains.cgroup_reweight=actuate
correlation_id=optid-000000006a89e4e4-0000000000000024 circuit: S5D outcome was neither a verified success nor a counted failure
correlation_id=optid-000000006a89e4e4-0000000000000024 circuit: S5D verified success reset scoped pre-threshold failures
correlation_id=optid-000000006a89e4e4-0000000000000024 circuit: S5D outcome was neither a verified success nor a counted failure
correlation_id=optid-000000006a89e4e4-0000000000000024 circuit: S5D outcome was neither a verified success nor a counted failure
correlation_id=optid-000000006a89e4e4-0000000000000024 circuit: S5D outcome was neither a verified success nor a counted failure
correlation_id=optid-000000006a89e4e4-0000000000000024 circuit: S5D outcome was neither a verified success nor a counted failure
correlation_id=optid-000000006a89e4e4-0000000000000024 circuit: S5D outcome was neither a verified success nor a counted failure
correlation_id=optid-000000006a89e4e4-0000000000000024 circuit: S5D outcome was neither a verified success nor a counted failure
correlation_id=optid-000000006a89e4e4-0000000000000024 circuit: S5D outcome was neither a verified success nor a counted failure
correlation_id=optid-000000006a89e4e4-0000000000000024 circuit: S5D outcome was neither a verified success nor a counted failure
correlation_id=optid-000000006a89e4e4-0000000000000024 circuit: S5D outcome was neither a verified success nor a counted failure
correlation_id=optid-000000006a89e4e4-0000000000000024 circuit: S5D outcome was neither a verified success nor a counted failure
correlation_id=optid-000000006a89e4e4-0000000000000024 circuit: S5D outcome was neither a verified success nor a counted failure
correlation_id=optid-000000006a89e4e4-0000000000000024 circuit: S5D outcome was neither a verified success nor a counted failure
correlation_id=optid-000000006a89e4e4-0000000000000024 circuit: S5D outcome was neither a verified success nor a counted failure
correlation_id=optid-000000006a89e4e4-0000000000000024 circuit: S5D outcome was neither a verified success nor a counted failure
correlation_id=optid-000000006a89e4e4-0000000000000024 circuit: S5D outcome was neither a verified success nor a counted failure
correlation_id=optid-000000006a89e4e4-0000000000000024 circuit: S5D outcome was neither a verified success nor a counted failure
correlation_id=optid-000000006a89e4e4-0000000000000024 circuit: S5D outcome was neither a verified success nor a counted failure
correlation_id=optid-000000006a89e4e4-0000000000000024 circuit: S5D outcome was neither a verified success nor a counted failure
correlation_id=optid-000000006a89e4e4-0000000000000024 circuit: S5D outcome was neither a verified success nor a counted failure
correlation_id=optid-000000006a89e4e4-0000000000000024 circuit: S5D outcome was neither a verified success nor a counted failure
correlation_id=optid-000000006a89e4e4-0000000000000024 circuit: S5D outcome was neither a verified success nor a counted failure
correlation_id=optid-000000006a89e4e4-0000000000000024 circuit: S5D outcome was neither a verified success nor a counted failure
correlation_id=optid-000000006a89e4e4-0000000000000024 circuit: S5D outcome was neither a verified success nor a counted failure
correlation_id=optid-000000006a89e4e4-0000000000000024 circuit: S5D outcome was neither a verified success nor a counted failure
correlation_id=optid-000000006a89e4e4-0000000000000024 circuit: S5D outcome was neither a verified success nor a counted failure
correlation_id=optid-000000006a89e4e4-0000000000000024 reconciler: shadow_parity=true legacy_restore_intents=0 v1_restore_intents=0 intentional_v1_only=0
correlation_id=optid-000000006a89e4e4-0000000000000024
restore_outcomes=none
circuit_state=global_open=false open_domains=cgroup_reweight,cpu_dma_latency,platform_profile,runtime_pm records=20
timestamp=1787422008
mode=battery
on_ac=Some(false)
battery_pct=Some(93)
thermal_c=Some(37.0)
thermal_state=Cool
thermal_derating_ratio=0.00
thermal_die_sensor=hwmon:coretemp.0:coretemp:Package id 0
thermal_die_temp_c=37.0
thermal_skin_sensor=none
thermal_skin_temp_c=none
thermal_max_fan_rpm=2700
thermal_reasons:
- selected die signal hwmon:coretemp.0:coretemp:Package id 0 (package) at 37.0°C
- that value is a collapse maximum: hwmon:coretemp.0:coretemp:Package id 0 read 35.0°C itself and was raised to 37.0°C              by acpi:x86_pkg_temp
- clamped thermal_hi to 90.0°C based on hardware T_crit 100.0°C - 10°C
- effective thresholds: lo=60.0°C hi=90.0°C
- die temp 37.0°C <= lo threshold 60.0°C; state = cool (sensor=hwmon:coretemp.0:coretemp:Package id 0)
thermal_sensor_count=31
fan_sensor_count=2
loadavg_1=Some(1.04)
cpu_pressure=avg10=0.00 avg60=0.00 avg300=0.00 total=129064020
memory_pressure=avg10=0.00 avg60=0.00 avg300=0.00 total=1028755
io_pressure=avg10=0.07 avg60=0.32 avg300=0.14 total=33997836
workload_class=idle
workload_reason=pinned override (global)
cpu_wakeup_latency=100000
device_resume_latency=1000000
reasons:
- system is on battery
actions:
- cpu.epp=power (prefer battery life through CPU energy preference)
- platform.profile=low-power (request low-power platform profile)
- systemd.set-property background.slice CPUWeight=25 IOWeight=25 (deprioritize background services on battery)
- vm.sysctl /proc/sys/vm/swappiness=60 (adjust swappiness for current mode)
- vm.sysctl /proc/sys/vm/dirty_background_bytes=67108864 (adjust dirty background bytes for current mode)
- vm.sysctl /proc/sys/vm/dirty_bytes=134217728 (adjust dirty bytes for current mode)
- cpu_dma_latency=100000 (class=idle, floor=100000us, row=contracts.idle)
- runtime_pm /sys/bus/pci/devices/0000:00:17.0 control=auto autosuspend_delay_ms=2000 (battery-idle runtime PM (class=idle, allowlist-gated))
- runtime_pm /sys/bus/pci/devices/0000:00:08.0 control=auto autosuspend_delay_ms=2000 (battery-idle runtime PM (class=idle, allowlist-gated))
- runtime_pm /sys/bus/pci/devices/0000:00:1f.0 control=auto autosuspend_delay_ms=2000 (battery-idle runtime PM (class=idle, allowlist-gated))
- runtime_pm /sys/bus/pci/devices/0000:00:04.0 control=auto autosuspend_delay_ms=2000 (battery-idle runtime PM (class=idle, allowlist-gated))
- runtime_pm /sys/bus/pci/devices/0000:00:14.3 control=auto autosuspend_delay_ms=2000 (battery-idle runtime PM (class=idle, allowlist-gated))
- runtime_pm /sys/bus/pci/devices/0000:00:16.0 control=auto autosuspend_delay_ms=2000 (battery-idle runtime PM (class=idle, allowlist-gated))
- runtime_pm /sys/bus/pci/devices/0000:01:00.0 control=auto autosuspend_delay_ms=2000 (battery-idle runtime PM (class=idle, allowlist-gated))
- runtime_pm /sys/bus/pci/devices/0000:00:1b.0 control=auto autosuspend_delay_ms=2000 (battery-idle runtime PM (class=idle, allowlist-gated))
- runtime_pm /sys/bus/pci/devices/0000:00:1f.5 control=auto autosuspend_delay_ms=2000 (battery-idle runtime PM (class=idle, allowlist-gated))
- runtime_pm /sys/bus/pci/devices/0000:07:00.0 control=auto autosuspend_delay_ms=2000 (battery-idle runtime PM (class=idle, allowlist-gated))
- runtime_pm /sys/bus/pci/devices/0000:00:1e.0 control=auto autosuspend_delay_ms=2000 (battery-idle runtime PM (class=idle, allowlist-gated))
- runtime_pm /sys/bus/pci/devices/0000:00:1f.3 control=auto autosuspend_delay_ms=2000 (battery-idle runtime PM (class=idle, allowlist-gated))
- runtime_pm /sys/bus/pci/devices/0000:00:00.0 control=auto autosuspend_delay_ms=2000 (battery-idle runtime PM (class=idle, allowlist-gated))
- runtime_pm /sys/bus/pci/devices/0000:00:1d.4 control=auto autosuspend_delay_ms=2000 (battery-idle runtime PM (class=idle, allowlist-gated))
- runtime_pm /sys/bus/pci/devices/0000:00:15.0 control=auto autosuspend_delay_ms=2000 (battery-idle runtime PM (class=idle, allowlist-gated))
- runtime_pm /sys/bus/pci/devices/0000:00:1d.0 control=auto autosuspend_delay_ms=2000 (battery-idle runtime PM (class=idle, allowlist-gated))
- runtime_pm /sys/bus/pci/devices/0000:00:1e.3 control=auto autosuspend_delay_ms=2000 (battery-idle runtime PM (class=idle, allowlist-gated))
- runtime_pm /sys/bus/pci/devices/0000:00:14.2 control=auto autosuspend_delay_ms=2000 (battery-idle runtime PM (class=idle, allowlist-gated))
- runtime_pm /sys/bus/pci/devices/0000:00:02.0 control=auto autosuspend_delay_ms=2000 (battery-idle runtime PM (class=idle, allowlist-gated))
- runtime_pm /sys/bus/pci/devices/0000:00:1e.1 control=auto autosuspend_delay_ms=2000 (battery-idle runtime PM (class=idle, allowlist-gated))
- runtime_pm /sys/bus/pci/devices/0000:00:14.0 control=auto autosuspend_delay_ms=2000 (battery-idle runtime PM (class=idle, allowlist-gated))
- runtime_pm /sys/bus/pci/devices/0000:00:1f.4 control=auto autosuspend_delay_ms=2000 (battery-idle runtime PM (class=idle, allowlist-gated))
- runtime_pm /sys/bus/pci/devices/0000:00:0a.0 control=auto autosuspend_delay_ms=2000 (battery-idle runtime PM (class=idle, allowlist-gated))
- runtime_pm /sys/bus/usb/devices/1-14 control=auto autosuspend_delay_ms=2000 (battery-idle runtime PM (class=idle, allowlist-gated))
- runtime_pm /sys/bus/usb/devices/usb1 control=auto autosuspend_delay_ms=2000 (battery-idle runtime PM (class=idle, allowlist-gated))
- runtime_pm /sys/bus/usb/devices/usb2 control=auto autosuspend_delay_ms=2000 (battery-idle runtime PM (class=idle, allowlist-gated))
- runtime_pm /sys/bus/usb/devices/1-6 control=auto autosuspend_delay_ms=2000 (battery-idle runtime PM (class=idle, allowlist-gated))
- pci_aspm /sys/bus/pci/devices/0000:01:00.0 l1_aspm=1 (battery-idle PCIe ASPM (class=idle, allowlist-gated))
- pci_aspm /sys/bus/pci/devices/0000:07:00.0 l1_aspm=1 (battery-idle PCIe ASPM (class=idle, allowlist-gated))
- sata_alpm /sys/class/scsi_host/host7 policy=med_power_with_dipm (battery-idle SATA ALPM (class=idle, allowlist-gated))
- sata_alpm /sys/class/scsi_host/host5 policy=med_power_with_dipm (battery-idle SATA ALPM (class=idle, allowlist-gated))
- sata_alpm /sys/class/scsi_host/host3 policy=med_power_with_dipm (battery-idle SATA ALPM (class=idle, allowlist-gated))
- sata_alpm /sys/class/scsi_host/host1 policy=med_power_with_dipm (battery-idle SATA ALPM (class=idle, allowlist-gated))
- sata_alpm /sys/class/scsi_host/host6 policy=med_power_with_dipm (battery-idle SATA ALPM (class=idle, allowlist-gated))
- sata_alpm /sys/class/scsi_host/host4 policy=med_power_with_dipm (battery-idle SATA ALPM (class=idle, allowlist-gated))
- sata_alpm /sys/class/scsi_host/host2 policy=med_power_with_dipm (battery-idle SATA ALPM (class=idle, allowlist-gated))
- sata_alpm /sys/class/scsi_host/host0 policy=med_power_with_dipm (battery-idle SATA ALPM (class=idle, allowlist-gated))
- backlight /sys/class/backlight/intel_backlight target=40% (battery-idle backlight floor (class=idle, allowlist-gated))
effective_config:
domains.cpu_epp=actuate
domains.platform_profile=actuate
domains.vm_sysctl=actuate
domains.cpu_dma_latency=actuate
domains.device_resume_latency=actuate
domains.runtime_pm=actuate
domains.pci_aspm=actuate
domains.sata_alpm=actuate
domains.backlight=actuate
domains.cgroup_reweight=actuate
correlation_id=optid-000000006a89e4e4-0000000000000025 circuit: S5D outcome was neither a verified success nor a counted failure
correlation_id=optid-000000006a89e4e4-0000000000000025 circuit: S5D verified success reset scoped pre-threshold failures
correlation_id=optid-000000006a89e4e4-0000000000000025 circuit: S5D outcome was neither a verified success nor a counted failure
correlation_id=optid-000000006a89e4e4-0000000000000025 circuit: S5D outcome was neither a verified success nor a counted failure
correlation_id=optid-000000006a89e4e4-0000000000000025 circuit: S5D outcome was neither a verified success nor a counted failure
correlation_id=optid-000000006a89e4e4-0000000000000025 circuit: S5D outcome was neither a verified success nor a counted failure
correlation_id=optid-000000006a89e4e4-0000000000000025 circuit: S5D outcome was neither a verified success nor a counted failure
correlation_id=optid-000000006a89e4e4-0000000000000025 circuit: S5D outcome was neither a verified success nor a counted failure
correlation_id=optid-000000006a89e4e4-0000000000000025 circuit: S5D outcome was neither a verified success nor a counted failure
correlation_id=optid-000000006a89e4e4-0000000000000025 circuit: S5D outcome was neither a verified success nor a counted failure
correlation_id=optid-000000006a89e4e4-0000000000000025 circuit: S5D outcome was neither a verified success nor a counted failure
correlation_id=optid-000000006a89e4e4-0000000000000025 circuit: S5D outcome was neither a verified success nor a counted failure
correlation_id=optid-000000006a89e4e4-0000000000000025 circuit: S5D outcome was neither a verified success nor a counted failure
correlation_id=optid-000000006a89e4e4-0000000000000025 circuit: S5D outcome was neither a verified success nor a counted failure
correlation_id=optid-000000006a89e4e4-0000000000000025 circuit: S5D outcome was neither a verified success nor a counted failure
correlation_id=optid-000000006a89e4e4-0000000000000025 circuit: S5D outcome was neither a verified success nor a counted failure
correlation_id=optid-000000006a89e4e4-0000000000000025 circuit: S5D outcome was neither a verified success nor a counted failure
correlation_id=optid-000000006a89e4e4-0000000000000025 circuit: S5D outcome was neither a verified success nor a counted failure
correlation_id=optid-000000006a89e4e4-0000000000000025 circuit: S5D outcome was neither a verified success nor a counted failure
correlation_id=optid-000000006a89e4e4-0000000000000025 circuit: S5D outcome was neither a verified success nor a counted failure
correlation_id=optid-000000006a89e4e4-0000000000000025 circuit: S5D outcome was neither a verified success nor a counted failure
correlation_id=optid-000000006a89e4e4-0000000000000025 circuit: S5D outcome was neither a verified success nor a counted failure
correlation_id=optid-000000006a89e4e4-0000000000000025 circuit: S5D outcome was neither a verified success nor a counted failure
correlation_id=optid-000000006a89e4e4-0000000000000025 circuit: S5D outcome was neither a verified success nor a counted failure
correlation_id=optid-000000006a89e4e4-0000000000000025 circuit: S5D outcome was neither a verified success nor a counted failure
correlation_id=optid-000000006a89e4e4-0000000000000025 circuit: S5D outcome was neither a verified success nor a counted failure
correlation_id=optid-000000006a89e4e4-0000000000000025 circuit: S5D outcome was neither a verified success nor a counted failure
correlation_id=optid-000000006a89e4e4-0000000000000025 reconciler: shadow_parity=true legacy_restore_intents=0 v1_restore_intents=0 intentional_v1_only=0
correlation_id=optid-000000006a89e4e4-0000000000000025
restore_outcomes=none
circuit_state=global_open=false open_domains=cgroup_reweight,cpu_dma_latency,platform_profile,runtime_pm records=20
timestamp=1787422011
mode=battery
on_ac=Some(false)
battery_pct=Some(93)
thermal_c=Some(35.0)
thermal_state=Cool
thermal_derating_ratio=0.00
thermal_die_sensor=hwmon:coretemp.0:coretemp:Package id 0
thermal_die_temp_c=35.0
thermal_skin_sensor=none
thermal_skin_temp_c=none
thermal_max_fan_rpm=2700
thermal_reasons:
- selected die signal hwmon:coretemp.0:coretemp:Package id 0 (package) at 35.0°C
- clamped thermal_hi to 90.0°C based on hardware T_crit 100.0°C - 10°C
- effective thresholds: lo=60.0°C hi=90.0°C
- die temp 35.0°C <= lo threshold 60.0°C; state = cool (sensor=hwmon:coretemp.0:coretemp:Package id 0)
thermal_sensor_count=31
fan_sensor_count=2
loadavg_1=Some(1.04)
cpu_pressure=avg10=0.00 avg60=0.00 avg300=0.00 total=129069427
memory_pressure=avg10=0.00 avg60=0.00 avg300=0.00 total=1028755
io_pressure=avg10=0.06 avg60=0.31 avg300=0.14 total=34012640
workload_class=idle
workload_reason=pinned override (global)
cpu_wakeup_latency=100000
device_resume_latency=1000000
reasons:
- system is on battery
actions:
- cpu.epp=power (prefer battery life through CPU energy preference)
- platform.profile=low-power (request low-power platform profile)
- systemd.set-property background.slice CPUWeight=25 IOWeight=25 (deprioritize background services on battery)
- vm.sysctl /proc/sys/vm/swappiness=60 (adjust swappiness for current mode)
- vm.sysctl /proc/sys/vm/dirty_background_bytes=67108864 (adjust dirty background bytes for current mode)
- vm.sysctl /proc/sys/vm/dirty_bytes=134217728 (adjust dirty bytes for current mode)
- cpu_dma_latency=100000 (class=idle, floor=100000us, row=contracts.idle)
- runtime_pm /sys/bus/pci/devices/0000:00:17.0 control=auto autosuspend_delay_ms=2000 (battery-idle runtime PM (class=idle, allowlist-gated))
- runtime_pm /sys/bus/pci/devices/0000:00:08.0 control=auto autosuspend_delay_ms=2000 (battery-idle runtime PM (class=idle, allowlist-gated))
- runtime_pm /sys/bus/pci/devices/0000:00:1f.0 control=auto autosuspend_delay_ms=2000 (battery-idle runtime PM (class=idle, allowlist-gated))
- runtime_pm /sys/bus/pci/devices/0000:00:04.0 control=auto autosuspend_delay_ms=2000 (battery-idle runtime PM (class=idle, allowlist-gated))
- runtime_pm /sys/bus/pci/devices/0000:00:14.3 control=auto autosuspend_delay_ms=2000 (battery-idle runtime PM (class=idle, allowlist-gated))
- runtime_pm /sys/bus/pci/devices/0000:00:16.0 control=auto autosuspend_delay_ms=2000 (battery-idle runtime PM (class=idle, allowlist-gated))
- runtime_pm /sys/bus/pci/devices/0000:01:00.0 control=auto autosuspend_delay_ms=2000 (battery-idle runtime PM (class=idle, allowlist-gated))
- runtime_pm /sys/bus/pci/devices/0000:00:1b.0 control=auto autosuspend_delay_ms=2000 (battery-idle runtime PM (class=idle, allowlist-gated))
- runtime_pm /sys/bus/pci/devices/0000:00:1f.5 control=auto autosuspend_delay_ms=2000 (battery-idle runtime PM (class=idle, allowlist-gated))
- runtime_pm /sys/bus/pci/devices/0000:07:00.0 control=auto autosuspend_delay_ms=2000 (battery-idle runtime PM (class=idle, allowlist-gated))
- runtime_pm /sys/bus/pci/devices/0000:00:1e.0 control=auto autosuspend_delay_ms=2000 (battery-idle runtime PM (class=idle, allowlist-gated))
- runtime_pm /sys/bus/pci/devices/0000:00:1f.3 control=auto autosuspend_delay_ms=2000 (battery-idle runtime PM (class=idle, allowlist-gated))
- runtime_pm /sys/bus/pci/devices/0000:00:00.0 control=auto autosuspend_delay_ms=2000 (battery-idle runtime PM (class=idle, allowlist-gated))
- runtime_pm /sys/bus/pci/devices/0000:00:1d.4 control=auto autosuspend_delay_ms=2000 (battery-idle runtime PM (class=idle, allowlist-gated))
- runtime_pm /sys/bus/pci/devices/0000:00:15.0 control=auto autosuspend_delay_ms=2000 (battery-idle runtime PM (class=idle, allowlist-gated))
- runtime_pm /sys/bus/pci/devices/0000:00:1d.0 control=auto autosuspend_delay_ms=2000 (battery-idle runtime PM (class=idle, allowlist-gated))
- runtime_pm /sys/bus/pci/devices/0000:00:1e.3 control=auto autosuspend_delay_ms=2000 (battery-idle runtime PM (class=idle, allowlist-gated))
- runtime_pm /sys/bus/pci/devices/0000:00:14.2 control=auto autosuspend_delay_ms=2000 (battery-idle runtime PM (class=idle, allowlist-gated))
- runtime_pm /sys/bus/pci/devices/0000:00:02.0 control=auto autosuspend_delay_ms=2000 (battery-idle runtime PM (class=idle, allowlist-gated))
- runtime_pm /sys/bus/pci/devices/0000:00:1e.1 control=auto autosuspend_delay_ms=2000 (battery-idle runtime PM (class=idle, allowlist-gated))
- runtime_pm /sys/bus/pci/devices/0000:00:14.0 control=auto autosuspend_delay_ms=2000 (battery-idle runtime PM (class=idle, allowlist-gated))
- runtime_pm /sys/bus/pci/devices/0000:00:1f.4 control=auto autosuspend_delay_ms=2000 (battery-idle runtime PM (class=idle, allowlist-gated))
- runtime_pm /sys/bus/pci/devices/0000:00:0a.0 control=auto autosuspend_delay_ms=2000 (battery-idle runtime PM (class=idle, allowlist-gated))
- runtime_pm /sys/bus/usb/devices/1-14 control=auto autosuspend_delay_ms=2000 (battery-idle runtime PM (class=idle, allowlist-gated))
- runtime_pm /sys/bus/usb/devices/usb1 control=auto autosuspend_delay_ms=2000 (battery-idle runtime PM (class=idle, allowlist-gated))
- runtime_pm /sys/bus/usb/devices/usb2 control=auto autosuspend_delay_ms=2000 (battery-idle runtime PM (class=idle, allowlist-gated))
- runtime_pm /sys/bus/usb/devices/1-6 control=auto autosuspend_delay_ms=2000 (battery-idle runtime PM (class=idle, allowlist-gated))
- pci_aspm /sys/bus/pci/devices/0000:01:00.0 l1_aspm=1 (battery-idle PCIe ASPM (class=idle, allowlist-gated))
- pci_aspm /sys/bus/pci/devices/0000:07:00.0 l1_aspm=1 (battery-idle PCIe ASPM (class=idle, allowlist-gated))
- sata_alpm /sys/class/scsi_host/host7 policy=med_power_with_dipm (battery-idle SATA ALPM (class=idle, allowlist-gated))
- sata_alpm /sys/class/scsi_host/host5 policy=med_power_with_dipm (battery-idle SATA ALPM (class=idle, allowlist-gated))
- sata_alpm /sys/class/scsi_host/host3 policy=med_power_with_dipm (battery-idle SATA ALPM (class=idle, allowlist-gated))
- sata_alpm /sys/class/scsi_host/host1 policy=med_power_with_dipm (battery-idle SATA ALPM (class=idle, allowlist-gated))
- sata_alpm /sys/class/scsi_host/host6 policy=med_power_with_dipm (battery-idle SATA ALPM (class=idle, allowlist-gated))
- sata_alpm /sys/class/scsi_host/host4 policy=med_power_with_dipm (battery-idle SATA ALPM (class=idle, allowlist-gated))
- sata_alpm /sys/class/scsi_host/host2 policy=med_power_with_dipm (battery-idle SATA ALPM (class=idle, allowlist-gated))
- sata_alpm /sys/class/scsi_host/host0 policy=med_power_with_dipm (battery-idle SATA ALPM (class=idle, allowlist-gated))
- backlight /sys/class/backlight/intel_backlight target=40% (battery-idle backlight floor (class=idle, allowlist-gated))
effective_config:
domains.cpu_epp=actuate
domains.platform_profile=actuate
domains.vm_sysctl=actuate
domains.cpu_dma_latency=actuate
domains.device_resume_latency=actuate
domains.runtime_pm=actuate
domains.pci_aspm=actuate
domains.sata_alpm=actuate
domains.backlight=actuate
domains.cgroup_reweight=actuate
correlation_id=optid-000000006a89e4e4-0000000000000026 circuit: S5D outcome was neither a verified success nor a counted failure
correlation_id=optid-000000006a89e4e4-0000000000000026 circuit: S5D verified success reset scoped pre-threshold failures
correlation_id=optid-000000006a89e4e4-0000000000000026 circuit: S5D outcome was neither a verified success nor a counted failure
correlation_id=optid-000000006a89e4e4-0000000000000026 circuit: S5D outcome was neither a verified success nor a counted failure
correlation_id=optid-000000006a89e4e4-0000000000000026 circuit: S5D outcome was neither a verified success nor a counted failure
correlation_id=optid-000000006a89e4e4-0000000000000026 circuit: S5D outcome was neither a verified success nor a counted failure
correlation_id=optid-000000006a89e4e4-0000000000000026 circuit: S5D outcome was neither a verified success nor a counted failure
correlation_id=optid-000000006a89e4e4-0000000000000026 circuit: S5D outcome was neither a verified success nor a counted failure
correlation_id=optid-000000006a89e4e4-0000000000000026 circuit: S5D outcome was neither a verified success nor a counted failure
correlation_id=optid-000000006a89e4e4-0000000000000026 circuit: S5D outcome was neither a verified success nor a counted failure
correlation_id=optid-000000006a89e4e4-0000000000000026 circuit: S5D outcome was neither a verified success nor a counted failure
correlation_id=optid-000000006a89e4e4-0000000000000026 circuit: S5D outcome was neither a verified success nor a counted failure
correlation_id=optid-000000006a89e4e4-0000000000000026 circuit: S5D outcome was neither a verified success nor a counted failure
correlation_id=optid-000000006a89e4e4-0000000000000026 circuit: S5D outcome was neither a verified success nor a counted failure
correlation_id=optid-000000006a89e4e4-0000000000000026 circuit: S5D outcome was neither a verified success nor a counted failure
correlation_id=optid-000000006a89e4e4-0000000000000026 circuit: S5D outcome was neither a verified success nor a counted failure
correlation_id=optid-000000006a89e4e4-0000000000000026 circuit: S5D outcome was neither a verified success nor a counted failure
correlation_id=optid-000000006a89e4e4-0000000000000026 circuit: S5D outcome was neither a verified success nor a counted failure
correlation_id=optid-000000006a89e4e4-0000000000000026 circuit: S5D outcome was neither a verified success nor a counted failure
correlation_id=optid-000000006a89e4e4-0000000000000026 circuit: S5D outcome was neither a verified success nor a counted failure
correlation_id=optid-000000006a89e4e4-0000000000000026 circuit: S5D outcome was neither a verified success nor a counted failure
correlation_id=optid-000000006a89e4e4-0000000000000026 circuit: S5D outcome was neither a verified success nor a counted failure
correlation_id=optid-000000006a89e4e4-0000000000000026 circuit: S5D outcome was neither a verified success nor a counted failure
correlation_id=optid-000000006a89e4e4-0000000000000026 circuit: S5D outcome was neither a verified success nor a counted failure
correlation_id=optid-000000006a89e4e4-0000000000000026 circuit: S5D outcome was neither a verified success nor a counted failure
correlation_id=optid-000000006a89e4e4-0000000000000026 circuit: S5D outcome was neither a verified success nor a counted failure
correlation_id=optid-000000006a89e4e4-0000000000000026 circuit: S5D outcome was neither a verified success nor a counted failure
correlation_id=optid-000000006a89e4e4-0000000000000026 reconciler: shadow_parity=true legacy_restore_intents=0 v1_restore_intents=0 intentional_v1_only=0
correlation_id=optid-000000006a89e4e4-0000000000000026
restore_outcomes=none
circuit_state=global_open=false open_domains=cgroup_reweight,cpu_dma_latency,platform_profile,runtime_pm records=20
timestamp=1787422013
mode=battery
on_ac=Some(false)
battery_pct=Some(93)
thermal_c=Some(35.0)
thermal_state=Cool
thermal_derating_ratio=0.00
thermal_die_sensor=hwmon:coretemp.0:coretemp:Package id 0
thermal_die_temp_c=35.0
thermal_skin_sensor=none
thermal_skin_temp_c=none
thermal_max_fan_rpm=2700
thermal_reasons:
- selected die signal hwmon:coretemp.0:coretemp:Package id 0 (package) at 35.0°C
- clamped thermal_hi to 90.0°C based on hardware T_crit 100.0°C - 10°C
- effective thresholds: lo=60.0°C hi=90.0°C
- die temp 35.0°C <= lo threshold 60.0°C; state = cool (sensor=hwmon:coretemp.0:coretemp:Package id 0)
thermal_sensor_count=31
fan_sensor_count=2
loadavg_1=Some(0.96)
cpu_pressure=avg10=0.00 avg60=0.00 avg300=0.00 total=129075576
memory_pressure=avg10=0.00 avg60=0.00 avg300=0.00 total=1028755
io_pressure=avg10=0.05 avg60=0.30 avg300=0.14 total=34027668
workload_class=idle
workload_reason=pinned override (global)
cpu_wakeup_latency=100000
device_resume_latency=1000000
reasons:
- system is on battery
actions:
- cpu.epp=power (prefer battery life through CPU energy preference)
- platform.profile=low-power (request low-power platform profile)
- systemd.set-property background.slice CPUWeight=25 IOWeight=25 (deprioritize background services on battery)
- vm.sysctl /proc/sys/vm/swappiness=60 (adjust swappiness for current mode)
- vm.sysctl /proc/sys/vm/dirty_background_bytes=67108864 (adjust dirty background bytes for current mode)
- vm.sysctl /proc/sys/vm/dirty_bytes=134217728 (adjust dirty bytes for current mode)
- cpu_dma_latency=100000 (class=idle, floor=100000us, row=contracts.idle)
- runtime_pm /sys/bus/pci/devices/0000:00:17.0 control=auto autosuspend_delay_ms=2000 (battery-idle runtime PM (class=idle, allowlist-gated))
- runtime_pm /sys/bus/pci/devices/0000:00:08.0 control=auto autosuspend_delay_ms=2000 (battery-idle runtime PM (class=idle, allowlist-gated))
- runtime_pm /sys/bus/pci/devices/0000:00:1f.0 control=auto autosuspend_delay_ms=2000 (battery-idle runtime PM (class=idle, allowlist-gated))
- runtime_pm /sys/bus/pci/devices/0000:00:04.0 control=auto autosuspend_delay_ms=2000 (battery-idle runtime PM (class=idle, allowlist-gated))
- runtime_pm /sys/bus/pci/devices/0000:00:14.3 control=auto autosuspend_delay_ms=2000 (battery-idle runtime PM (class=idle, allowlist-gated))
- runtime_pm /sys/bus/pci/devices/0000:00:16.0 control=auto autosuspend_delay_ms=2000 (battery-idle runtime PM (class=idle, allowlist-gated))
- runtime_pm /sys/bus/pci/devices/0000:01:00.0 control=auto autosuspend_delay_ms=2000 (battery-idle runtime PM (class=idle, allowlist-gated))
- runtime_pm /sys/bus/pci/devices/0000:00:1b.0 control=auto autosuspend_delay_ms=2000 (battery-idle runtime PM (class=idle, allowlist-gated))
- runtime_pm /sys/bus/pci/devices/0000:00:1f.5 control=auto autosuspend_delay_ms=2000 (battery-idle runtime PM (class=idle, allowlist-gated))
- runtime_pm /sys/bus/pci/devices/0000:07:00.0 control=auto autosuspend_delay_ms=2000 (battery-idle runtime PM (class=idle, allowlist-gated))
- runtime_pm /sys/bus/pci/devices/0000:00:1e.0 control=auto autosuspend_delay_ms=2000 (battery-idle runtime PM (class=idle, allowlist-gated))
- runtime_pm /sys/bus/pci/devices/0000:00:1f.3 control=auto autosuspend_delay_ms=2000 (battery-idle runtime PM (class=idle, allowlist-gated))
- runtime_pm /sys/bus/pci/devices/0000:00:00.0 control=auto autosuspend_delay_ms=2000 (battery-idle runtime PM (class=idle, allowlist-gated))
- runtime_pm /sys/bus/pci/devices/0000:00:1d.4 control=auto autosuspend_delay_ms=2000 (battery-idle runtime PM (class=idle, allowlist-gated))
- runtime_pm /sys/bus/pci/devices/0000:00:15.0 control=auto autosuspend_delay_ms=2000 (battery-idle runtime PM (class=idle, allowlist-gated))
- runtime_pm /sys/bus/pci/devices/0000:00:1d.0 control=auto autosuspend_delay_ms=2000 (battery-idle runtime PM (class=idle, allowlist-gated))
- runtime_pm /sys/bus/pci/devices/0000:00:1e.3 control=auto autosuspend_delay_ms=2000 (battery-idle runtime PM (class=idle, allowlist-gated))
- runtime_pm /sys/bus/pci/devices/0000:00:14.2 control=auto autosuspend_delay_ms=2000 (battery-idle runtime PM (class=idle, allowlist-gated))
- runtime_pm /sys/bus/pci/devices/0000:00:02.0 control=auto autosuspend_delay_ms=2000 (battery-idle runtime PM (class=idle, allowlist-gated))
- runtime_pm /sys/bus/pci/devices/0000:00:1e.1 control=auto autosuspend_delay_ms=2000 (battery-idle runtime PM (class=idle, allowlist-gated))
- runtime_pm /sys/bus/pci/devices/0000:00:14.0 control=auto autosuspend_delay_ms=2000 (battery-idle runtime PM (class=idle, allowlist-gated))
- runtime_pm /sys/bus/pci/devices/0000:00:1f.4 control=auto autosuspend_delay_ms=2000 (battery-idle runtime PM (class=idle, allowlist-gated))
- runtime_pm /sys/bus/pci/devices/0000:00:0a.0 control=auto autosuspend_delay_ms=2000 (battery-idle runtime PM (class=idle, allowlist-gated))
- runtime_pm /sys/bus/usb/devices/1-14 control=auto autosuspend_delay_ms=2000 (battery-idle runtime PM (class=idle, allowlist-gated))
- runtime_pm /sys/bus/usb/devices/usb1 control=auto autosuspend_delay_ms=2000 (battery-idle runtime PM (class=idle, allowlist-gated))
- runtime_pm /sys/bus/usb/devices/usb2 control=auto autosuspend_delay_ms=2000 (battery-idle runtime PM (class=idle, allowlist-gated))
- runtime_pm /sys/bus/usb/devices/1-6 control=auto autosuspend_delay_ms=2000 (battery-idle runtime PM (class=idle, allowlist-gated))
- pci_aspm /sys/bus/pci/devices/0000:01:00.0 l1_aspm=1 (battery-idle PCIe ASPM (class=idle, allowlist-gated))
- pci_aspm /sys/bus/pci/devices/0000:07:00.0 l1_aspm=1 (battery-idle PCIe ASPM (class=idle, allowlist-gated))
- sata_alpm /sys/class/scsi_host/host7 policy=med_power_with_dipm (battery-idle SATA ALPM (class=idle, allowlist-gated))
- sata_alpm /sys/class/scsi_host/host5 policy=med_power_with_dipm (battery-idle SATA ALPM (class=idle, allowlist-gated))
- sata_alpm /sys/class/scsi_host/host3 policy=med_power_with_dipm (battery-idle SATA ALPM (class=idle, allowlist-gated))
- sata_alpm /sys/class/scsi_host/host1 policy=med_power_with_dipm (battery-idle SATA ALPM (class=idle, allowlist-gated))
- sata_alpm /sys/class/scsi_host/host6 policy=med_power_with_dipm (battery-idle SATA ALPM (class=idle, allowlist-gated))
- sata_alpm /sys/class/scsi_host/host4 policy=med_power_with_dipm (battery-idle SATA ALPM (class=idle, allowlist-gated))
- sata_alpm /sys/class/scsi_host/host2 policy=med_power_with_dipm (battery-idle SATA ALPM (class=idle, allowlist-gated))
- sata_alpm /sys/class/scsi_host/host0 policy=med_power_with_dipm (battery-idle SATA ALPM (class=idle, allowlist-gated))
- backlight /sys/class/backlight/intel_backlight target=40% (battery-idle backlight floor (class=idle, allowlist-gated))
effective_config:
domains.cpu_epp=actuate
domains.platform_profile=actuate
domains.vm_sysctl=actuate
domains.cpu_dma_latency=actuate
domains.device_resume_latency=actuate
domains.runtime_pm=actuate
domains.pci_aspm=actuate
domains.sata_alpm=actuate
domains.backlight=actuate
domains.cgroup_reweight=actuate
correlation_id=optid-000000006a89e4e4-0000000000000027 circuit: S5D outcome was neither a verified success nor a counted failure
correlation_id=optid-000000006a89e4e4-0000000000000027 circuit: S5D verified success reset scoped pre-threshold failures
correlation_id=optid-000000006a89e4e4-0000000000000027 circuit: S5D outcome was neither a verified success nor a counted failure
correlation_id=optid-000000006a89e4e4-0000000000000027 circuit: S5D outcome was neither a verified success nor a counted failure
correlation_id=optid-000000006a89e4e4-0000000000000027 circuit: S5D outcome was neither a verified success nor a counted failure
correlation_id=optid-000000006a89e4e4-0000000000000027 circuit: S5D outcome was neither a verified success nor a counted failure
correlation_id=optid-000000006a89e4e4-0000000000000027 circuit: S5D outcome was neither a verified success nor a counted failure
correlation_id=optid-000000006a89e4e4-0000000000000027 circuit: S5D outcome was neither a verified success nor a counted failure
correlation_id=optid-000000006a89e4e4-0000000000000027 circuit: S5D outcome was neither a verified success nor a counted failure
correlation_id=optid-000000006a89e4e4-0000000000000027 circuit: S5D outcome was neither a verified success nor a counted failure
correlation_id=optid-000000006a89e4e4-0000000000000027 circuit: S5D outcome was neither a verified success nor a counted failure
correlation_id=optid-000000006a89e4e4-0000000000000027 circuit: S5D outcome was neither a verified success nor a counted failure
correlation_id=optid-000000006a89e4e4-0000000000000027 circuit: S5D outcome was neither a verified success nor a counted failure
correlation_id=optid-000000006a89e4e4-0000000000000027 circuit: S5D outcome was neither a verified success nor a counted failure
correlation_id=optid-000000006a89e4e4-0000000000000027 circuit: S5D outcome was neither a verified success nor a counted failure
correlation_id=optid-000000006a89e4e4-0000000000000027 circuit: S5D outcome was neither a verified success nor a counted failure
correlation_id=optid-000000006a89e4e4-0000000000000027 circuit: S5D outcome was neither a verified success nor a counted failure
correlation_id=optid-000000006a89e4e4-0000000000000027 circuit: S5D outcome was neither a verified success nor a counted failure
correlation_id=optid-000000006a89e4e4-0000000000000027 circuit: S5D outcome was neither a verified success nor a counted failure
correlation_id=optid-000000006a89e4e4-0000000000000027 circuit: S5D outcome was neither a verified success nor a counted failure
correlation_id=optid-000000006a89e4e4-0000000000000027 circuit: S5D outcome was neither a verified success nor a counted failure
correlation_id=optid-000000006a89e4e4-0000000000000027 circuit: S5D outcome was neither a verified success nor a counted failure
correlation_id=optid-000000006a89e4e4-0000000000000027 circuit: S5D outcome was neither a verified success nor a counted failure
correlation_id=optid-000000006a89e4e4-0000000000000027 circuit: S5D outcome was neither a verified success nor a counted failure
correlation_id=optid-000000006a89e4e4-0000000000000027 circuit: S5D outcome was neither a verified success nor a counted failure
correlation_id=optid-000000006a89e4e4-0000000000000027 circuit: S5D outcome was neither a verified success nor a counted failure
correlation_id=optid-000000006a89e4e4-0000000000000027 circuit: S5D outcome was neither a verified success nor a counted failure
correlation_id=optid-000000006a89e4e4-0000000000000027 reconciler: shadow_parity=true legacy_restore_intents=0 v1_restore_intents=0 intentional_v1_only=0
correlation_id=optid-000000006a89e4e4-0000000000000027
restore_outcomes=none
circuit_state=global_open=false open_domains=cgroup_reweight,cpu_dma_latency,platform_profile,runtime_pm records=20
timestamp=1787422015
mode=battery
on_ac=Some(false)
battery_pct=Some(93)
thermal_c=Some(35.0)
thermal_state=Cool
thermal_derating_ratio=0.00
thermal_die_sensor=hwmon:coretemp.0:coretemp:Package id 0
thermal_die_temp_c=35.0
thermal_skin_sensor=none
thermal_skin_temp_c=none
thermal_max_fan_rpm=2700
thermal_reasons:
- selected die signal hwmon:coretemp.0:coretemp:Package id 0 (package) at 35.0°C
- clamped thermal_hi to 90.0°C based on hardware T_crit 100.0°C - 10°C
- effective thresholds: lo=60.0°C hi=90.0°C
- die temp 35.0°C <= lo threshold 60.0°C; state = cool (sensor=hwmon:coretemp.0:coretemp:Package id 0)
thermal_sensor_count=31
fan_sensor_count=2
loadavg_1=Some(0.96)
cpu_pressure=avg10=0.00 avg60=0.00 avg300=0.00 total=129086733
memory_pressure=avg10=0.00 avg60=0.00 avg300=0.00 total=1028755
io_pressure=avg10=0.03 avg60=0.28 avg300=0.13 total=34122786
workload_class=idle
workload_reason=pinned override (global)
cpu_wakeup_latency=100000
device_resume_latency=1000000
reasons:
- system is on battery
actions:
- cpu.epp=power (prefer battery life through CPU energy preference)
- platform.profile=low-power (request low-power platform profile)
- systemd.set-property background.slice CPUWeight=25 IOWeight=25 (deprioritize background services on battery)
- vm.sysctl /proc/sys/vm/swappiness=60 (adjust swappiness for current mode)
- vm.sysctl /proc/sys/vm/dirty_background_bytes=67108864 (adjust dirty background bytes for current mode)
- vm.sysctl /proc/sys/vm/dirty_bytes=134217728 (adjust dirty bytes for current mode)
- cpu_dma_latency=100000 (class=idle, floor=100000us, row=contracts.idle)
- runtime_pm /sys/bus/pci/devices/0000:00:17.0 control=auto autosuspend_delay_ms=2000 (battery-idle runtime PM (class=idle, allowlist-gated))
- runtime_pm /sys/bus/pci/devices/0000:00:08.0 control=auto autosuspend_delay_ms=2000 (battery-idle runtime PM (class=idle, allowlist-gated))
- runtime_pm /sys/bus/pci/devices/0000:00:1f.0 control=auto autosuspend_delay_ms=2000 (battery-idle runtime PM (class=idle, allowlist-gated))
- runtime_pm /sys/bus/pci/devices/0000:00:04.0 control=auto autosuspend_delay_ms=2000 (battery-idle runtime PM (class=idle, allowlist-gated))
- runtime_pm /sys/bus/pci/devices/0000:00:14.3 control=auto autosuspend_delay_ms=2000 (battery-idle runtime PM (class=idle, allowlist-gated))
- runtime_pm /sys/bus/pci/devices/0000:00:16.0 control=auto autosuspend_delay_ms=2000 (battery-idle runtime PM (class=idle, allowlist-gated))
- runtime_pm /sys/bus/pci/devices/0000:01:00.0 control=auto autosuspend_delay_ms=2000 (battery-idle runtime PM (class=idle, allowlist-gated))
- runtime_pm /sys/bus/pci/devices/0000:00:1b.0 control=auto autosuspend_delay_ms=2000 (battery-idle runtime PM (class=idle, allowlist-gated))
- runtime_pm /sys/bus/pci/devices/0000:00:1f.5 control=auto autosuspend_delay_ms=2000 (battery-idle runtime PM (class=idle, allowlist-gated))
- runtime_pm /sys/bus/pci/devices/0000:07:00.0 control=auto autosuspend_delay_ms=2000 (battery-idle runtime PM (class=idle, allowlist-gated))
- runtime_pm /sys/bus/pci/devices/0000:00:1e.0 control=auto autosuspend_delay_ms=2000 (battery-idle runtime PM (class=idle, allowlist-gated))
- runtime_pm /sys/bus/pci/devices/0000:00:1f.3 control=auto autosuspend_delay_ms=2000 (battery-idle runtime PM (class=idle, allowlist-gated))
- runtime_pm /sys/bus/pci/devices/0000:00:00.0 control=auto autosuspend_delay_ms=2000 (battery-idle runtime PM (class=idle, allowlist-gated))
- runtime_pm /sys/bus/pci/devices/0000:00:1d.4 control=auto autosuspend_delay_ms=2000 (battery-idle runtime PM (class=idle, allowlist-gated))
- runtime_pm /sys/bus/pci/devices/0000:00:15.0 control=auto autosuspend_delay_ms=2000 (battery-idle runtime PM (class=idle, allowlist-gated))
- runtime_pm /sys/bus/pci/devices/0000:00:1d.0 control=auto autosuspend_delay_ms=2000 (battery-idle runtime PM (class=idle, allowlist-gated))
- runtime_pm /sys/bus/pci/devices/0000:00:1e.3 control=auto autosuspend_delay_ms=2000 (battery-idle runtime PM (class=idle, allowlist-gated))
- runtime_pm /sys/bus/pci/devices/0000:00:14.2 control=auto autosuspend_delay_ms=2000 (battery-idle runtime PM (class=idle, allowlist-gated))
- runtime_pm /sys/bus/pci/devices/0000:00:02.0 control=auto autosuspend_delay_ms=2000 (battery-idle runtime PM (class=idle, allowlist-gated))
- runtime_pm /sys/bus/pci/devices/0000:00:1e.1 control=auto autosuspend_delay_ms=2000 (battery-idle runtime PM (class=idle, allowlist-gated))
- runtime_pm /sys/bus/pci/devices/0000:00:14.0 control=auto autosuspend_delay_ms=2000 (battery-idle runtime PM (class=idle, allowlist-gated))
- runtime_pm /sys/bus/pci/devices/0000:00:1f.4 control=auto autosuspend_delay_ms=2000 (battery-idle runtime PM (class=idle, allowlist-gated))
- runtime_pm /sys/bus/pci/devices/0000:00:0a.0 control=auto autosuspend_delay_ms=2000 (battery-idle runtime PM (class=idle, allowlist-gated))
- runtime_pm /sys/bus/usb/devices/1-14 control=auto autosuspend_delay_ms=2000 (battery-idle runtime PM (class=idle, allowlist-gated))
- runtime_pm /sys/bus/usb/devices/usb1 control=auto autosuspend_delay_ms=2000 (battery-idle runtime PM (class=idle, allowlist-gated))
- runtime_pm /sys/bus/usb/devices/usb2 control=auto autosuspend_delay_ms=2000 (battery-idle runtime PM (class=idle, allowlist-gated))
- runtime_pm /sys/bus/usb/devices/1-6 control=auto autosuspend_delay_ms=2000 (battery-idle runtime PM (class=idle, allowlist-gated))
- pci_aspm /sys/bus/pci/devices/0000:01:00.0 l1_aspm=1 (battery-idle PCIe ASPM (class=idle, allowlist-gated))
- pci_aspm /sys/bus/pci/devices/0000:07:00.0 l1_aspm=1 (battery-idle PCIe ASPM (class=idle, allowlist-gated))
- sata_alpm /sys/class/scsi_host/host7 policy=med_power_with_dipm (battery-idle SATA ALPM (class=idle, allowlist-gated))
- sata_alpm /sys/class/scsi_host/host5 policy=med_power_with_dipm (battery-idle SATA ALPM (class=idle, allowlist-gated))
- sata_alpm /sys/class/scsi_host/host3 policy=med_power_with_dipm (battery-idle SATA ALPM (class=idle, allowlist-gated))
- sata_alpm /sys/class/scsi_host/host1 policy=med_power_with_dipm (battery-idle SATA ALPM (class=idle, allowlist-gated))
- sata_alpm /sys/class/scsi_host/host6 policy=med_power_with_dipm (battery-idle SATA ALPM (class=idle, allowlist-gated))
- sata_alpm /sys/class/scsi_host/host4 policy=med_power_with_dipm (battery-idle SATA ALPM (class=idle, allowlist-gated))
- sata_alpm /sys/class/scsi_host/host2 policy=med_power_with_dipm (battery-idle SATA ALPM (class=idle, allowlist-gated))
- sata_alpm /sys/class/scsi_host/host0 policy=med_power_with_dipm (battery-idle SATA ALPM (class=idle, allowlist-gated))
- backlight /sys/class/backlight/intel_backlight target=40% (battery-idle backlight floor (class=idle, allowlist-gated))
effective_config:
domains.cpu_epp=actuate
domains.platform_profile=actuate
domains.vm_sysctl=actuate
domains.cpu_dma_latency=actuate
domains.device_resume_latency=actuate
domains.runtime_pm=actuate
domains.pci_aspm=actuate
domains.sata_alpm=actuate
domains.backlight=actuate
domains.cgroup_reweight=actuate
correlation_id=optid-000000006a89e4e4-0000000000000028 circuit: S5D outcome was neither a verified success nor a counted failure
correlation_id=optid-000000006a89e4e4-0000000000000028 circuit: S5D verified success reset scoped pre-threshold failures
correlation_id=optid-000000006a89e4e4-0000000000000028 circuit: S5D outcome was neither a verified success nor a counted failure
correlation_id=optid-000000006a89e4e4-0000000000000028 circuit: S5D outcome was neither a verified success nor a counted failure
correlation_id=optid-000000006a89e4e4-0000000000000028 circuit: S5D outcome was neither a verified success nor a counted failure
correlation_id=optid-000000006a89e4e4-0000000000000028 circuit: S5D outcome was neither a verified success nor a counted failure
correlation_id=optid-000000006a89e4e4-0000000000000028 circuit: S5D outcome was neither a verified success nor a counted failure
correlation_id=optid-000000006a89e4e4-0000000000000028 circuit: S5D outcome was neither a verified success nor a counted failure
correlation_id=optid-000000006a89e4e4-0000000000000028 circuit: S5D outcome was neither a verified success nor a counted failure
correlation_id=optid-000000006a89e4e4-0000000000000028 circuit: S5D outcome was neither a verified success nor a counted failure
correlation_id=optid-000000006a89e4e4-0000000000000028 circuit: S5D outcome was neither a verified success nor a counted failure
correlation_id=optid-000000006a89e4e4-0000000000000028 circuit: S5D outcome was neither a verified success nor a counted failure
correlation_id=optid-000000006a89e4e4-0000000000000028 circuit: S5D outcome was neither a verified success nor a counted failure
correlation_id=optid-000000006a89e4e4-0000000000000028 circuit: S5D outcome was neither a verified success nor a counted failure
correlation_id=optid-000000006a89e4e4-0000000000000028 circuit: S5D outcome was neither a verified success nor a counted failure
correlation_id=optid-000000006a89e4e4-0000000000000028 circuit: S5D outcome was neither a verified success nor a counted failure
correlation_id=optid-000000006a89e4e4-0000000000000028 circuit: S5D outcome was neither a verified success nor a counted failure
correlation_id=optid-000000006a89e4e4-0000000000000028 circuit: S5D outcome was neither a verified success nor a counted failure
correlation_id=optid-000000006a89e4e4-0000000000000028 circuit: S5D outcome was neither a verified success nor a counted failure
correlation_id=optid-000000006a89e4e4-0000000000000028 circuit: S5D outcome was neither a verified success nor a counted failure
correlation_id=optid-000000006a89e4e4-0000000000000028 circuit: S5D outcome was neither a verified success nor a counted failure
correlation_id=optid-000000006a89e4e4-0000000000000028 circuit: S5D outcome was neither a verified success nor a counted failure
correlation_id=optid-000000006a89e4e4-0000000000000028 circuit: S5D outcome was neither a verified success nor a counted failure
correlation_id=optid-000000006a89e4e4-0000000000000028 circuit: S5D outcome was neither a verified success nor a counted failure
correlation_id=optid-000000006a89e4e4-0000000000000028 circuit: S5D outcome was neither a verified success nor a counted failure
correlation_id=optid-000000006a89e4e4-0000000000000028 circuit: S5D outcome was neither a verified success nor a counted failure
correlation_id=optid-000000006a89e4e4-0000000000000028 circuit: S5D outcome was neither a verified success nor a counted failure
correlation_id=optid-000000006a89e4e4-0000000000000028 reconciler: shadow_parity=true legacy_restore_intents=0 v1_restore_intents=0 intentional_v1_only=0
correlation_id=optid-000000006a89e4e4-0000000000000028
restore_outcomes=none
circuit_state=global_open=false open_domains=cgroup_reweight,cpu_dma_latency,platform_profile,runtime_pm records=20
timestamp=1787422018
mode=battery
on_ac=Some(false)
battery_pct=Some(93)
thermal_c=Some(35.0)
thermal_state=Cool
thermal_derating_ratio=0.00
thermal_die_sensor=hwmon:coretemp.0:coretemp:Package id 0
thermal_die_temp_c=35.0
thermal_skin_sensor=none
thermal_skin_temp_c=none
thermal_max_fan_rpm=2700
thermal_reasons:
- selected die signal hwmon:coretemp.0:coretemp:Package id 0 (package) at 35.0°C
- clamped thermal_hi to 90.0°C based on hardware T_crit 100.0°C - 10°C
- effective thresholds: lo=60.0°C hi=90.0°C
- die temp 35.0°C <= lo threshold 60.0°C; state = cool (sensor=hwmon:coretemp.0:coretemp:Package id 0)
thermal_sensor_count=31
fan_sensor_count=2
loadavg_1=Some(0.96)
cpu_pressure=avg10=0.00 avg60=0.00 avg300=0.00 total=129094543
memory_pressure=avg10=0.00 avg60=0.00 avg300=0.00 total=1028755
io_pressure=avg10=0.75 avg60=0.40 avg300=0.16 total=34141895
workload_class=idle
workload_reason=pinned override (global)
cpu_wakeup_latency=100000
device_resume_latency=1000000
reasons:
- system is on battery
actions:
- cpu.epp=power (prefer battery life through CPU energy preference)
- platform.profile=low-power (request low-power platform profile)
- systemd.set-property background.slice CPUWeight=25 IOWeight=25 (deprioritize background services on battery)
- vm.sysctl /proc/sys/vm/swappiness=60 (adjust swappiness for current mode)
- vm.sysctl /proc/sys/vm/dirty_background_bytes=67108864 (adjust dirty background bytes for current mode)
- vm.sysctl /proc/sys/vm/dirty_bytes=134217728 (adjust dirty bytes for current mode)
- cpu_dma_latency=100000 (class=idle, floor=100000us, row=contracts.idle)
- runtime_pm /sys/bus/pci/devices/0000:00:17.0 control=auto autosuspend_delay_ms=2000 (battery-idle runtime PM (class=idle, allowlist-gated))
- runtime_pm /sys/bus/pci/devices/0000:00:08.0 control=auto autosuspend_delay_ms=2000 (battery-idle runtime PM (class=idle, allowlist-gated))
- runtime_pm /sys/bus/pci/devices/0000:00:1f.0 control=auto autosuspend_delay_ms=2000 (battery-idle runtime PM (class=idle, allowlist-gated))
- runtime_pm /sys/bus/pci/devices/0000:00:04.0 control=auto autosuspend_delay_ms=2000 (battery-idle runtime PM (class=idle, allowlist-gated))
- runtime_pm /sys/bus/pci/devices/0000:00:14.3 control=auto autosuspend_delay_ms=2000 (battery-idle runtime PM (class=idle, allowlist-gated))
- runtime_pm /sys/bus/pci/devices/0000:00:16.0 control=auto autosuspend_delay_ms=2000 (battery-idle runtime PM (class=idle, allowlist-gated))
- runtime_pm /sys/bus/pci/devices/0000:01:00.0 control=auto autosuspend_delay_ms=2000 (battery-idle runtime PM (class=idle, allowlist-gated))
- runtime_pm /sys/bus/pci/devices/0000:00:1b.0 control=auto autosuspend_delay_ms=2000 (battery-idle runtime PM (class=idle, allowlist-gated))
- runtime_pm /sys/bus/pci/devices/0000:00:1f.5 control=auto autosuspend_delay_ms=2000 (battery-idle runtime PM (class=idle, allowlist-gated))
- runtime_pm /sys/bus/pci/devices/0000:07:00.0 control=auto autosuspend_delay_ms=2000 (battery-idle runtime PM (class=idle, allowlist-gated))
- runtime_pm /sys/bus/pci/devices/0000:00:1e.0 control=auto autosuspend_delay_ms=2000 (battery-idle runtime PM (class=idle, allowlist-gated))
- runtime_pm /sys/bus/pci/devices/0000:00:1f.3 control=auto autosuspend_delay_ms=2000 (battery-idle runtime PM (class=idle, allowlist-gated))
- runtime_pm /sys/bus/pci/devices/0000:00:00.0 control=auto autosuspend_delay_ms=2000 (battery-idle runtime PM (class=idle, allowlist-gated))
- runtime_pm /sys/bus/pci/devices/0000:00:1d.4 control=auto autosuspend_delay_ms=2000 (battery-idle runtime PM (class=idle, allowlist-gated))
- runtime_pm /sys/bus/pci/devices/0000:00:15.0 control=auto autosuspend_delay_ms=2000 (battery-idle runtime PM (class=idle, allowlist-gated))
- runtime_pm /sys/bus/pci/devices/0000:00:1d.0 control=auto autosuspend_delay_ms=2000 (battery-idle runtime PM (class=idle, allowlist-gated))
- runtime_pm /sys/bus/pci/devices/0000:00:1e.3 control=auto autosuspend_delay_ms=2000 (battery-idle runtime PM (class=idle, allowlist-gated))
- runtime_pm /sys/bus/pci/devices/0000:00:14.2 control=auto autosuspend_delay_ms=2000 (battery-idle runtime PM (class=idle, allowlist-gated))
- runtime_pm /sys/bus/pci/devices/0000:00:02.0 control=auto autosuspend_delay_ms=2000 (battery-idle runtime PM (class=idle, allowlist-gated))
- runtime_pm /sys/bus/pci/devices/0000:00:1e.1 control=auto autosuspend_delay_ms=2000 (battery-idle runtime PM (class=idle, allowlist-gated))
- runtime_pm /sys/bus/pci/devices/0000:00:14.0 control=auto autosuspend_delay_ms=2000 (battery-idle runtime PM (class=idle, allowlist-gated))
- runtime_pm /sys/bus/pci/devices/0000:00:1f.4 control=auto autosuspend_delay_ms=2000 (battery-idle runtime PM (class=idle, allowlist-gated))
- runtime_pm /sys/bus/pci/devices/0000:00:0a.0 control=auto autosuspend_delay_ms=2000 (battery-idle runtime PM (class=idle, allowlist-gated))
- runtime_pm /sys/bus/usb/devices/1-14 control=auto autosuspend_delay_ms=2000 (battery-idle runtime PM (class=idle, allowlist-gated))
- runtime_pm /sys/bus/usb/devices/usb1 control=auto autosuspend_delay_ms=2000 (battery-idle runtime PM (class=idle, allowlist-gated))
- runtime_pm /sys/bus/usb/devices/usb2 control=auto autosuspend_delay_ms=2000 (battery-idle runtime PM (class=idle, allowlist-gated))
- runtime_pm /sys/bus/usb/devices/1-6 control=auto autosuspend_delay_ms=2000 (battery-idle runtime PM (class=idle, allowlist-gated))
- pci_aspm /sys/bus/pci/devices/0000:01:00.0 l1_aspm=1 (battery-idle PCIe ASPM (class=idle, allowlist-gated))
- pci_aspm /sys/bus/pci/devices/0000:07:00.0 l1_aspm=1 (battery-idle PCIe ASPM (class=idle, allowlist-gated))
- sata_alpm /sys/class/scsi_host/host7 policy=med_power_with_dipm (battery-idle SATA ALPM (class=idle, allowlist-gated))
- sata_alpm /sys/class/scsi_host/host5 policy=med_power_with_dipm (battery-idle SATA ALPM (class=idle, allowlist-gated))
- sata_alpm /sys/class/scsi_host/host3 policy=med_power_with_dipm (battery-idle SATA ALPM (class=idle, allowlist-gated))
- sata_alpm /sys/class/scsi_host/host1 policy=med_power_with_dipm (battery-idle SATA ALPM (class=idle, allowlist-gated))
- sata_alpm /sys/class/scsi_host/host6 policy=med_power_with_dipm (battery-idle SATA ALPM (class=idle, allowlist-gated))
- sata_alpm /sys/class/scsi_host/host4 policy=med_power_with_dipm (battery-idle SATA ALPM (class=idle, allowlist-gated))
- sata_alpm /sys/class/scsi_host/host2 policy=med_power_with_dipm (battery-idle SATA ALPM (class=idle, allowlist-gated))
- sata_alpm /sys/class/scsi_host/host0 policy=med_power_with_dipm (battery-idle SATA ALPM (class=idle, allowlist-gated))
- backlight /sys/class/backlight/intel_backlight target=40% (battery-idle backlight floor (class=idle, allowlist-gated))
effective_config:
domains.cpu_epp=actuate
domains.platform_profile=actuate
domains.vm_sysctl=actuate
domains.cpu_dma_latency=actuate
domains.device_resume_latency=actuate
domains.runtime_pm=actuate
domains.pci_aspm=actuate
domains.sata_alpm=actuate
domains.backlight=actuate
domains.cgroup_reweight=actuate
correlation_id=optid-000000006a89e4e4-0000000000000029 circuit: S5D outcome was neither a verified success nor a counted failure
correlation_id=optid-000000006a89e4e4-0000000000000029 circuit: S5D verified success reset scoped pre-threshold failures
correlation_id=optid-000000006a89e4e4-0000000000000029 circuit: S5D outcome was neither a verified success nor a counted failure
correlation_id=optid-000000006a89e4e4-0000000000000029 circuit: S5D outcome was neither a verified success nor a counted failure
correlation_id=optid-000000006a89e4e4-0000000000000029 circuit: S5D outcome was neither a verified success nor a counted failure
correlation_id=optid-000000006a89e4e4-0000000000000029 circuit: S5D outcome was neither a verified success nor a counted failure
correlation_id=optid-000000006a89e4e4-0000000000000029 circuit: S5D outcome was neither a verified success nor a counted failure
correlation_id=optid-000000006a89e4e4-0000000000000029 circuit: S5D outcome was neither a verified success nor a counted failure
correlation_id=optid-000000006a89e4e4-0000000000000029 circuit: S5D outcome was neither a verified success nor a counted failure
correlation_id=optid-000000006a89e4e4-0000000000000029 circuit: S5D outcome was neither a verified success nor a counted failure
correlation_id=optid-000000006a89e4e4-0000000000000029 circuit: S5D outcome was neither a verified success nor a counted failure
correlation_id=optid-000000006a89e4e4-0000000000000029 circuit: S5D outcome was neither a verified success nor a counted failure
correlation_id=optid-000000006a89e4e4-0000000000000029 circuit: S5D outcome was neither a verified success nor a counted failure
correlation_id=optid-000000006a89e4e4-0000000000000029 circuit: S5D outcome was neither a verified success nor a counted failure
correlation_id=optid-000000006a89e4e4-0000000000000029 circuit: S5D outcome was neither a verified success nor a counted failure
correlation_id=optid-000000006a89e4e4-0000000000000029 circuit: S5D outcome was neither a verified success nor a counted failure
correlation_id=optid-000000006a89e4e4-0000000000000029 circuit: S5D outcome was neither a verified success nor a counted failure
correlation_id=optid-000000006a89e4e4-0000000000000029 circuit: S5D outcome was neither a verified success nor a counted failure
correlation_id=optid-000000006a89e4e4-0000000000000029 circuit: S5D outcome was neither a verified success nor a counted failure
correlation_id=optid-000000006a89e4e4-0000000000000029 circuit: S5D outcome was neither a verified success nor a counted failure
correlation_id=optid-000000006a89e4e4-0000000000000029 circuit: S5D outcome was neither a verified success nor a counted failure
correlation_id=optid-000000006a89e4e4-0000000000000029 circuit: S5D outcome was neither a verified success nor a counted failure
correlation_id=optid-000000006a89e4e4-0000000000000029 circuit: S5D outcome was neither a verified success nor a counted failure
correlation_id=optid-000000006a89e4e4-0000000000000029 circuit: S5D outcome was neither a verified success nor a counted failure
correlation_id=optid-000000006a89e4e4-0000000000000029 circuit: S5D outcome was neither a verified success nor a counted failure
correlation_id=optid-000000006a89e4e4-0000000000000029 circuit: S5D outcome was neither a verified success nor a counted failure
correlation_id=optid-000000006a89e4e4-0000000000000029 circuit: S5D outcome was neither a verified success nor a counted failure
correlation_id=optid-000000006a89e4e4-0000000000000029 reconciler: shadow_parity=true legacy_restore_intents=0 v1_restore_intents=0 intentional_v1_only=0
correlation_id=optid-000000006a89e4e4-0000000000000029
restore_outcomes=none
circuit_state=global_open=false open_domains=cgroup_reweight,cpu_dma_latency,platform_profile,runtime_pm records=20
timestamp=1787422020
mode=battery
on_ac=Some(false)
battery_pct=Some(93)
thermal_c=Some(35.0)
thermal_state=Cool
thermal_derating_ratio=0.00
thermal_die_sensor=hwmon:coretemp.0:coretemp:Package id 0
thermal_die_temp_c=35.0
thermal_skin_sensor=none
thermal_skin_temp_c=none
thermal_max_fan_rpm=2700
thermal_reasons:
- selected die signal hwmon:coretemp.0:coretemp:Package id 0 (package) at 35.0°C
- clamped thermal_hi to 90.0°C based on hardware T_crit 100.0°C - 10°C
- effective thresholds: lo=60.0°C hi=90.0°C
- die temp 35.0°C <= lo threshold 60.0°C; state = cool (sensor=hwmon:coretemp.0:coretemp:Package id 0)
thermal_sensor_count=31
fan_sensor_count=2
loadavg_1=Some(0.96)
cpu_pressure=avg10=0.00 avg60=0.00 avg300=0.00 total=129098605
memory_pressure=avg10=0.00 avg60=0.00 avg300=0.00 total=1028755
io_pressure=avg10=0.61 avg60=0.39 avg300=0.16 total=34157439
workload_class=idle
workload_reason=pinned override (global)
cpu_wakeup_latency=100000
device_resume_latency=1000000
reasons:
- system is on battery
actions:
- cpu.epp=power (prefer battery life through CPU energy preference)
- platform.profile=low-power (request low-power platform profile)
- systemd.set-property background.slice CPUWeight=25 IOWeight=25 (deprioritize background services on battery)
- vm.sysctl /proc/sys/vm/swappiness=60 (adjust swappiness for current mode)
- vm.sysctl /proc/sys/vm/dirty_background_bytes=67108864 (adjust dirty background bytes for current mode)
- vm.sysctl /proc/sys/vm/dirty_bytes=134217728 (adjust dirty bytes for current mode)
- cpu_dma_latency=100000 (class=idle, floor=100000us, row=contracts.idle)
- runtime_pm /sys/bus/pci/devices/0000:00:17.0 control=auto autosuspend_delay_ms=2000 (battery-idle runtime PM (class=idle, allowlist-gated))
- runtime_pm /sys/bus/pci/devices/0000:00:08.0 control=auto autosuspend_delay_ms=2000 (battery-idle runtime PM (class=idle, allowlist-gated))
- runtime_pm /sys/bus/pci/devices/0000:00:1f.0 control=auto autosuspend_delay_ms=2000 (battery-idle runtime PM (class=idle, allowlist-gated))
- runtime_pm /sys/bus/pci/devices/0000:00:04.0 control=auto autosuspend_delay_ms=2000 (battery-idle runtime PM (class=idle, allowlist-gated))
- runtime_pm /sys/bus/pci/devices/0000:00:14.3 control=auto autosuspend_delay_ms=2000 (battery-idle runtime PM (class=idle, allowlist-gated))
- runtime_pm /sys/bus/pci/devices/0000:00:16.0 control=auto autosuspend_delay_ms=2000 (battery-idle runtime PM (class=idle, allowlist-gated))
- runtime_pm /sys/bus/pci/devices/0000:01:00.0 control=auto autosuspend_delay_ms=2000 (battery-idle runtime PM (class=idle, allowlist-gated))
- runtime_pm /sys/bus/pci/devices/0000:00:1b.0 control=auto autosuspend_delay_ms=2000 (battery-idle runtime PM (class=idle, allowlist-gated))
- runtime_pm /sys/bus/pci/devices/0000:00:1f.5 control=auto autosuspend_delay_ms=2000 (battery-idle runtime PM (class=idle, allowlist-gated))
- runtime_pm /sys/bus/pci/devices/0000:07:00.0 control=auto autosuspend_delay_ms=2000 (battery-idle runtime PM (class=idle, allowlist-gated))
- runtime_pm /sys/bus/pci/devices/0000:00:1e.0 control=auto autosuspend_delay_ms=2000 (battery-idle runtime PM (class=idle, allowlist-gated))
- runtime_pm /sys/bus/pci/devices/0000:00:1f.3 control=auto autosuspend_delay_ms=2000 (battery-idle runtime PM (class=idle, allowlist-gated))
- runtime_pm /sys/bus/pci/devices/0000:00:00.0 control=auto autosuspend_delay_ms=2000 (battery-idle runtime PM (class=idle, allowlist-gated))
- runtime_pm /sys/bus/pci/devices/0000:00:1d.4 control=auto autosuspend_delay_ms=2000 (battery-idle runtime PM (class=idle, allowlist-gated))
- runtime_pm /sys/bus/pci/devices/0000:00:15.0 control=auto autosuspend_delay_ms=2000 (battery-idle runtime PM (class=idle, allowlist-gated))
- runtime_pm /sys/bus/pci/devices/0000:00:1d.0 control=auto autosuspend_delay_ms=2000 (battery-idle runtime PM (class=idle, allowlist-gated))
- runtime_pm /sys/bus/pci/devices/0000:00:1e.3 control=auto autosuspend_delay_ms=2000 (battery-idle runtime PM (class=idle, allowlist-gated))
- runtime_pm /sys/bus/pci/devices/0000:00:14.2 control=auto autosuspend_delay_ms=2000 (battery-idle runtime PM (class=idle, allowlist-gated))
- runtime_pm /sys/bus/pci/devices/0000:00:02.0 control=auto autosuspend_delay_ms=2000 (battery-idle runtime PM (class=idle, allowlist-gated))
- runtime_pm /sys/bus/pci/devices/0000:00:1e.1 control=auto autosuspend_delay_ms=2000 (battery-idle runtime PM (class=idle, allowlist-gated))
- runtime_pm /sys/bus/pci/devices/0000:00:14.0 control=auto autosuspend_delay_ms=2000 (battery-idle runtime PM (class=idle, allowlist-gated))
- runtime_pm /sys/bus/pci/devices/0000:00:1f.4 control=auto autosuspend_delay_ms=2000 (battery-idle runtime PM (class=idle, allowlist-gated))
- runtime_pm /sys/bus/pci/devices/0000:00:0a.0 control=auto autosuspend_delay_ms=2000 (battery-idle runtime PM (class=idle, allowlist-gated))
- runtime_pm /sys/bus/usb/devices/1-14 control=auto autosuspend_delay_ms=2000 (battery-idle runtime PM (class=idle, allowlist-gated))
- runtime_pm /sys/bus/usb/devices/usb1 control=auto autosuspend_delay_ms=2000 (battery-idle runtime PM (class=idle, allowlist-gated))
- runtime_pm /sys/bus/usb/devices/usb2 control=auto autosuspend_delay_ms=2000 (battery-idle runtime PM (class=idle, allowlist-gated))
- runtime_pm /sys/bus/usb/devices/1-6 control=auto autosuspend_delay_ms=2000 (battery-idle runtime PM (class=idle, allowlist-gated))
- pci_aspm /sys/bus/pci/devices/0000:01:00.0 l1_aspm=1 (battery-idle PCIe ASPM (class=idle, allowlist-gated))
- pci_aspm /sys/bus/pci/devices/0000:07:00.0 l1_aspm=1 (battery-idle PCIe ASPM (class=idle, allowlist-gated))
- sata_alpm /sys/class/scsi_host/host7 policy=med_power_with_dipm (battery-idle SATA ALPM (class=idle, allowlist-gated))
- sata_alpm /sys/class/scsi_host/host5 policy=med_power_with_dipm (battery-idle SATA ALPM (class=idle, allowlist-gated))
- sata_alpm /sys/class/scsi_host/host3 policy=med_power_with_dipm (battery-idle SATA ALPM (class=idle, allowlist-gated))
- sata_alpm /sys/class/scsi_host/host1 policy=med_power_with_dipm (battery-idle SATA ALPM (class=idle, allowlist-gated))
- sata_alpm /sys/class/scsi_host/host6 policy=med_power_with_dipm (battery-idle SATA ALPM (class=idle, allowlist-gated))
- sata_alpm /sys/class/scsi_host/host4 policy=med_power_with_dipm (battery-idle SATA ALPM (class=idle, allowlist-gated))
- sata_alpm /sys/class/scsi_host/host2 policy=med_power_with_dipm (battery-idle SATA ALPM (class=idle, allowlist-gated))
- sata_alpm /sys/class/scsi_host/host0 policy=med_power_with_dipm (battery-idle SATA ALPM (class=idle, allowlist-gated))
- backlight /sys/class/backlight/intel_backlight target=40% (battery-idle backlight floor (class=idle, allowlist-gated))
effective_config:
domains.cpu_epp=actuate
domains.platform_profile=actuate
domains.vm_sysctl=actuate
domains.cpu_dma_latency=actuate
domains.device_resume_latency=actuate
domains.runtime_pm=actuate
domains.pci_aspm=actuate
domains.sata_alpm=actuate
domains.backlight=actuate
domains.cgroup_reweight=actuate
correlation_id=optid-000000006a89e4e4-000000000000002a circuit: S5D outcome was neither a verified success nor a counted failure
correlation_id=optid-000000006a89e4e4-000000000000002a circuit: S5D verified success reset scoped pre-threshold failures
correlation_id=optid-000000006a89e4e4-000000000000002a circuit: S5D outcome was neither a verified success nor a counted failure
correlation_id=optid-000000006a89e4e4-000000000000002a circuit: S5D outcome was neither a verified success nor a counted failure
correlation_id=optid-000000006a89e4e4-000000000000002a circuit: S5D outcome was neither a verified success nor a counted failure
correlation_id=optid-000000006a89e4e4-000000000000002a circuit: S5D outcome was neither a verified success nor a counted failure
correlation_id=optid-000000006a89e4e4-000000000000002a circuit: S5D outcome was neither a verified success nor a counted failure
correlation_id=optid-000000006a89e4e4-000000000000002a circuit: S5D outcome was neither a verified success nor a counted failure
correlation_id=optid-000000006a89e4e4-000000000000002a circuit: S5D outcome was neither a verified success nor a counted failure
correlation_id=optid-000000006a89e4e4-000000000000002a circuit: S5D outcome was neither a verified success nor a counted failure
correlation_id=optid-000000006a89e4e4-000000000000002a circuit: S5D outcome was neither a verified success nor a counted failure
correlation_id=optid-000000006a89e4e4-000000000000002a circuit: S5D outcome was neither a verified success nor a counted failure
correlation_id=optid-000000006a89e4e4-000000000000002a circuit: S5D outcome was neither a verified success nor a counted failure
correlation_id=optid-000000006a89e4e4-000000000000002a circuit: S5D outcome was neither a verified success nor a counted failure
correlation_id=optid-000000006a89e4e4-000000000000002a circuit: S5D outcome was neither a verified success nor a counted failure
correlation_id=optid-000000006a89e4e4-000000000000002a circuit: S5D outcome was neither a verified success nor a counted failure
correlation_id=optid-000000006a89e4e4-000000000000002a circuit: S5D outcome was neither a verified success nor a counted failure
correlation_id=optid-000000006a89e4e4-000000000000002a circuit: S5D outcome was neither a verified success nor a counted failure
correlation_id=optid-000000006a89e4e4-000000000000002a circuit: S5D outcome was neither a verified success nor a counted failure
correlation_id=optid-000000006a89e4e4-000000000000002a circuit: S5D outcome was neither a verified success nor a counted failure
correlation_id=optid-000000006a89e4e4-000000000000002a circuit: S5D outcome was neither a verified success nor a counted failure
correlation_id=optid-000000006a89e4e4-000000000000002a circuit: S5D outcome was neither a verified success nor a counted failure
correlation_id=optid-000000006a89e4e4-000000000000002a circuit: S5D outcome was neither a verified success nor a counted failure
correlation_id=optid-000000006a89e4e4-000000000000002a circuit: S5D outcome was neither a verified success nor a counted failure
correlation_id=optid-000000006a89e4e4-000000000000002a circuit: S5D outcome was neither a verified success nor a counted failure
correlation_id=optid-000000006a89e4e4-000000000000002a circuit: S5D outcome was neither a verified success nor a counted failure
correlation_id=optid-000000006a89e4e4-000000000000002a circuit: S5D outcome was neither a verified success nor a counted failure
correlation_id=optid-000000006a89e4e4-000000000000002a reconciler: shadow_parity=true legacy_restore_intents=0 v1_restore_intents=0 intentional_v1_only=0
correlation_id=optid-000000006a89e4e4-000000000000002a
restore_outcomes=none
circuit_state=global_open=false open_domains=cgroup_reweight,cpu_dma_latency,platform_profile,runtime_pm records=20
timestamp=1787422022
mode=battery
on_ac=Some(false)
battery_pct=Some(93)
thermal_c=Some(35.0)
thermal_state=Cool
thermal_derating_ratio=0.00
thermal_die_sensor=hwmon:coretemp.0:coretemp:Package id 0
thermal_die_temp_c=35.0
thermal_skin_sensor=none
thermal_skin_temp_c=none
thermal_max_fan_rpm=2700
thermal_reasons:
- selected die signal hwmon:coretemp.0:coretemp:Package id 0 (package) at 35.0°C
- clamped thermal_hi to 90.0°C based on hardware T_crit 100.0°C - 10°C
- effective thresholds: lo=60.0°C hi=90.0°C
- die temp 35.0°C <= lo threshold 60.0°C; state = cool (sensor=hwmon:coretemp.0:coretemp:Package id 0)
thermal_sensor_count=31
fan_sensor_count=2
loadavg_1=Some(0.89)
cpu_pressure=avg10=0.00 avg60=0.00 avg300=0.00 total=129105592
memory_pressure=avg10=0.00 avg60=0.00 avg300=0.00 total=1028755
io_pressure=avg10=0.50 avg60=0.38 avg300=0.16 total=34166652
workload_class=idle
workload_reason=pinned override (global)
cpu_wakeup_latency=100000
device_resume_latency=1000000
reasons:
- system is on battery
actions:
- cpu.epp=power (prefer battery life through CPU energy preference)
- platform.profile=low-power (request low-power platform profile)
- systemd.set-property background.slice CPUWeight=25 IOWeight=25 (deprioritize background services on battery)
- vm.sysctl /proc/sys/vm/swappiness=60 (adjust swappiness for current mode)
- vm.sysctl /proc/sys/vm/dirty_background_bytes=67108864 (adjust dirty background bytes for current mode)
- vm.sysctl /proc/sys/vm/dirty_bytes=134217728 (adjust dirty bytes for current mode)
- cpu_dma_latency=100000 (class=idle, floor=100000us, row=contracts.idle)
- runtime_pm /sys/bus/pci/devices/0000:00:17.0 control=auto autosuspend_delay_ms=2000 (battery-idle runtime PM (class=idle, allowlist-gated))
- runtime_pm /sys/bus/pci/devices/0000:00:08.0 control=auto autosuspend_delay_ms=2000 (battery-idle runtime PM (class=idle, allowlist-gated))
- runtime_pm /sys/bus/pci/devices/0000:00:1f.0 control=auto autosuspend_delay_ms=2000 (battery-idle runtime PM (class=idle, allowlist-gated))
- runtime_pm /sys/bus/pci/devices/0000:00:04.0 control=auto autosuspend_delay_ms=2000 (battery-idle runtime PM (class=idle, allowlist-gated))
- runtime_pm /sys/bus/pci/devices/0000:00:14.3 control=auto autosuspend_delay_ms=2000 (battery-idle runtime PM (class=idle, allowlist-gated))
- runtime_pm /sys/bus/pci/devices/0000:00:16.0 control=auto autosuspend_delay_ms=2000 (battery-idle runtime PM (class=idle, allowlist-gated))
- runtime_pm /sys/bus/pci/devices/0000:01:00.0 control=auto autosuspend_delay_ms=2000 (battery-idle runtime PM (class=idle, allowlist-gated))
- runtime_pm /sys/bus/pci/devices/0000:00:1b.0 control=auto autosuspend_delay_ms=2000 (battery-idle runtime PM (class=idle, allowlist-gated))
- runtime_pm /sys/bus/pci/devices/0000:00:1f.5 control=auto autosuspend_delay_ms=2000 (battery-idle runtime PM (class=idle, allowlist-gated))
- runtime_pm /sys/bus/pci/devices/0000:07:00.0 control=auto autosuspend_delay_ms=2000 (battery-idle runtime PM (class=idle, allowlist-gated))
- runtime_pm /sys/bus/pci/devices/0000:00:1e.0 control=auto autosuspend_delay_ms=2000 (battery-idle runtime PM (class=idle, allowlist-gated))
- runtime_pm /sys/bus/pci/devices/0000:00:1f.3 control=auto autosuspend_delay_ms=2000 (battery-idle runtime PM (class=idle, allowlist-gated))
- runtime_pm /sys/bus/pci/devices/0000:00:00.0 control=auto autosuspend_delay_ms=2000 (battery-idle runtime PM (class=idle, allowlist-gated))
- runtime_pm /sys/bus/pci/devices/0000:00:1d.4 control=auto autosuspend_delay_ms=2000 (battery-idle runtime PM (class=idle, allowlist-gated))
- runtime_pm /sys/bus/pci/devices/0000:00:15.0 control=auto autosuspend_delay_ms=2000 (battery-idle runtime PM (class=idle, allowlist-gated))
- runtime_pm /sys/bus/pci/devices/0000:00:1d.0 control=auto autosuspend_delay_ms=2000 (battery-idle runtime PM (class=idle, allowlist-gated))
- runtime_pm /sys/bus/pci/devices/0000:00:1e.3 control=auto autosuspend_delay_ms=2000 (battery-idle runtime PM (class=idle, allowlist-gated))
- runtime_pm /sys/bus/pci/devices/0000:00:14.2 control=auto autosuspend_delay_ms=2000 (battery-idle runtime PM (class=idle, allowlist-gated))
- runtime_pm /sys/bus/pci/devices/0000:00:02.0 control=auto autosuspend_delay_ms=2000 (battery-idle runtime PM (class=idle, allowlist-gated))
- runtime_pm /sys/bus/pci/devices/0000:00:1e.1 control=auto autosuspend_delay_ms=2000 (battery-idle runtime PM (class=idle, allowlist-gated))
- runtime_pm /sys/bus/pci/devices/0000:00:14.0 control=auto autosuspend_delay_ms=2000 (battery-idle runtime PM (class=idle, allowlist-gated))
- runtime_pm /sys/bus/pci/devices/0000:00:1f.4 control=auto autosuspend_delay_ms=2000 (battery-idle runtime PM (class=idle, allowlist-gated))
- runtime_pm /sys/bus/pci/devices/0000:00:0a.0 control=auto autosuspend_delay_ms=2000 (battery-idle runtime PM (class=idle, allowlist-gated))
- runtime_pm /sys/bus/usb/devices/1-14 control=auto autosuspend_delay_ms=2000 (battery-idle runtime PM (class=idle, allowlist-gated))
- runtime_pm /sys/bus/usb/devices/usb1 control=auto autosuspend_delay_ms=2000 (battery-idle runtime PM (class=idle, allowlist-gated))
- runtime_pm /sys/bus/usb/devices/usb2 control=auto autosuspend_delay_ms=2000 (battery-idle runtime PM (class=idle, allowlist-gated))
- runtime_pm /sys/bus/usb/devices/1-6 control=auto autosuspend_delay_ms=2000 (battery-idle runtime PM (class=idle, allowlist-gated))
- pci_aspm /sys/bus/pci/devices/0000:01:00.0 l1_aspm=1 (battery-idle PCIe ASPM (class=idle, allowlist-gated))
- pci_aspm /sys/bus/pci/devices/0000:07:00.0 l1_aspm=1 (battery-idle PCIe ASPM (class=idle, allowlist-gated))
- sata_alpm /sys/class/scsi_host/host7 policy=med_power_with_dipm (battery-idle SATA ALPM (class=idle, allowlist-gated))
- sata_alpm /sys/class/scsi_host/host5 policy=med_power_with_dipm (battery-idle SATA ALPM (class=idle, allowlist-gated))
- sata_alpm /sys/class/scsi_host/host3 policy=med_power_with_dipm (battery-idle SATA ALPM (class=idle, allowlist-gated))
- sata_alpm /sys/class/scsi_host/host1 policy=med_power_with_dipm (battery-idle SATA ALPM (class=idle, allowlist-gated))
- sata_alpm /sys/class/scsi_host/host6 policy=med_power_with_dipm (battery-idle SATA ALPM (class=idle, allowlist-gated))
- sata_alpm /sys/class/scsi_host/host4 policy=med_power_with_dipm (battery-idle SATA ALPM (class=idle, allowlist-gated))
- sata_alpm /sys/class/scsi_host/host2 policy=med_power_with_dipm (battery-idle SATA ALPM (class=idle, allowlist-gated))
- sata_alpm /sys/class/scsi_host/host0 policy=med_power_with_dipm (battery-idle SATA ALPM (class=idle, allowlist-gated))
- backlight /sys/class/backlight/intel_backlight target=40% (battery-idle backlight floor (class=idle, allowlist-gated))
effective_config:
domains.cpu_epp=actuate
domains.platform_profile=actuate
domains.vm_sysctl=actuate
domains.cpu_dma_latency=actuate
domains.device_resume_latency=actuate
domains.runtime_pm=actuate
domains.pci_aspm=actuate
domains.sata_alpm=actuate
domains.backlight=actuate
domains.cgroup_reweight=actuate
correlation_id=optid-000000006a89e4e4-000000000000002b circuit: S5D outcome was neither a verified success nor a counted failure
correlation_id=optid-000000006a89e4e4-000000000000002b circuit: S5D verified success reset scoped pre-threshold failures
correlation_id=optid-000000006a89e4e4-000000000000002b circuit: S5D outcome was neither a verified success nor a counted failure
correlation_id=optid-000000006a89e4e4-000000000000002b circuit: S5D outcome was neither a verified success nor a counted failure
correlation_id=optid-000000006a89e4e4-000000000000002b circuit: S5D outcome was neither a verified success nor a counted failure
correlation_id=optid-000000006a89e4e4-000000000000002b circuit: S5D outcome was neither a verified success nor a counted failure
correlation_id=optid-000000006a89e4e4-000000000000002b circuit: S5D outcome was neither a verified success nor a counted failure
correlation_id=optid-000000006a89e4e4-000000000000002b circuit: S5D outcome was neither a verified success nor a counted failure
correlation_id=optid-000000006a89e4e4-000000000000002b circuit: S5D outcome was neither a verified success nor a counted failure
correlation_id=optid-000000006a89e4e4-000000000000002b circuit: S5D outcome was neither a verified success nor a counted failure
correlation_id=optid-000000006a89e4e4-000000000000002b circuit: S5D outcome was neither a verified success nor a counted failure
correlation_id=optid-000000006a89e4e4-000000000000002b circuit: S5D outcome was neither a verified success nor a counted failure
correlation_id=optid-000000006a89e4e4-000000000000002b circuit: S5D outcome was neither a verified success nor a counted failure
correlation_id=optid-000000006a89e4e4-000000000000002b circuit: S5D outcome was neither a verified success nor a counted failure
correlation_id=optid-000000006a89e4e4-000000000000002b circuit: S5D outcome was neither a verified success nor a counted failure
correlation_id=optid-000000006a89e4e4-000000000000002b circuit: S5D outcome was neither a verified success nor a counted failure
correlation_id=optid-000000006a89e4e4-000000000000002b circuit: S5D outcome was neither a verified success nor a counted failure
correlation_id=optid-000000006a89e4e4-000000000000002b circuit: S5D outcome was neither a verified success nor a counted failure
correlation_id=optid-000000006a89e4e4-000000000000002b circuit: S5D outcome was neither a verified success nor a counted failure
correlation_id=optid-000000006a89e4e4-000000000000002b circuit: S5D outcome was neither a verified success nor a counted failure
correlation_id=optid-000000006a89e4e4-000000000000002b circuit: S5D outcome was neither a verified success nor a counted failure
correlation_id=optid-000000006a89e4e4-000000000000002b circuit: S5D outcome was neither a verified success nor a counted failure
correlation_id=optid-000000006a89e4e4-000000000000002b circuit: S5D outcome was neither a verified success nor a counted failure
correlation_id=optid-000000006a89e4e4-000000000000002b circuit: S5D outcome was neither a verified success nor a counted failure
correlation_id=optid-000000006a89e4e4-000000000000002b circuit: S5D outcome was neither a verified success nor a counted failure
correlation_id=optid-000000006a89e4e4-000000000000002b circuit: S5D outcome was neither a verified success nor a counted failure
correlation_id=optid-000000006a89e4e4-000000000000002b circuit: S5D outcome was neither a verified success nor a counted failure
correlation_id=optid-000000006a89e4e4-000000000000002b reconciler: shadow_parity=true legacy_restore_intents=0 v1_restore_intents=0 intentional_v1_only=0
correlation_id=optid-000000006a89e4e4-000000000000002b
restore_outcomes=none
circuit_state=global_open=false open_domains=cgroup_reweight,cpu_dma_latency,platform_profile,runtime_pm records=20
timestamp=1787422024
mode=battery
on_ac=Some(false)
battery_pct=Some(93)
thermal_c=Some(37.0)
thermal_state=Cool
thermal_derating_ratio=0.00
thermal_die_sensor=hwmon:coretemp.0:coretemp:Package id 0
thermal_die_temp_c=37.0
thermal_skin_sensor=none
thermal_skin_temp_c=none
thermal_max_fan_rpm=2700
thermal_reasons:
- selected die signal hwmon:coretemp.0:coretemp:Package id 0 (package) at 37.0°C
- clamped thermal_hi to 90.0°C based on hardware T_crit 100.0°C - 10°C
- effective thresholds: lo=60.0°C hi=90.0°C
- die temp 37.0°C <= lo threshold 60.0°C; state = cool (sensor=hwmon:coretemp.0:coretemp:Package id 0)
thermal_sensor_count=31
fan_sensor_count=2
loadavg_1=Some(0.89)
cpu_pressure=avg10=0.00 avg60=0.00 avg300=0.00 total=129110941
memory_pressure=avg10=0.00 avg60=0.00 avg300=0.00 total=1028755
io_pressure=avg10=0.41 avg60=0.36 avg300=0.16 total=34177025
workload_class=idle
workload_reason=pinned override (global)
cpu_wakeup_latency=100000
device_resume_latency=1000000
reasons:
- system is on battery
actions:
- cpu.epp=power (prefer battery life through CPU energy preference)
- platform.profile=low-power (request low-power platform profile)
- systemd.set-property background.slice CPUWeight=25 IOWeight=25 (deprioritize background services on battery)
- vm.sysctl /proc/sys/vm/swappiness=60 (adjust swappiness for current mode)
- vm.sysctl /proc/sys/vm/dirty_background_bytes=67108864 (adjust dirty background bytes for current mode)
- vm.sysctl /proc/sys/vm/dirty_bytes=134217728 (adjust dirty bytes for current mode)
- cpu_dma_latency=100000 (class=idle, floor=100000us, row=contracts.idle)
- runtime_pm /sys/bus/pci/devices/0000:00:17.0 control=auto autosuspend_delay_ms=2000 (battery-idle runtime PM (class=idle, allowlist-gated))
- runtime_pm /sys/bus/pci/devices/0000:00:08.0 control=auto autosuspend_delay_ms=2000 (battery-idle runtime PM (class=idle, allowlist-gated))
- runtime_pm /sys/bus/pci/devices/0000:00:1f.0 control=auto autosuspend_delay_ms=2000 (battery-idle runtime PM (class=idle, allowlist-gated))
- runtime_pm /sys/bus/pci/devices/0000:00:04.0 control=auto autosuspend_delay_ms=2000 (battery-idle runtime PM (class=idle, allowlist-gated))
- runtime_pm /sys/bus/pci/devices/0000:00:14.3 control=auto autosuspend_delay_ms=2000 (battery-idle runtime PM (class=idle, allowlist-gated))
- runtime_pm /sys/bus/pci/devices/0000:00:16.0 control=auto autosuspend_delay_ms=2000 (battery-idle runtime PM (class=idle, allowlist-gated))
- runtime_pm /sys/bus/pci/devices/0000:01:00.0 control=auto autosuspend_delay_ms=2000 (battery-idle runtime PM (class=idle, allowlist-gated))
- runtime_pm /sys/bus/pci/devices/0000:00:1b.0 control=auto autosuspend_delay_ms=2000 (battery-idle runtime PM (class=idle, allowlist-gated))
- runtime_pm /sys/bus/pci/devices/0000:00:1f.5 control=auto autosuspend_delay_ms=2000 (battery-idle runtime PM (class=idle, allowlist-gated))
- runtime_pm /sys/bus/pci/devices/0000:07:00.0 control=auto autosuspend_delay_ms=2000 (battery-idle runtime PM (class=idle, allowlist-gated))
- runtime_pm /sys/bus/pci/devices/0000:00:1e.0 control=auto autosuspend_delay_ms=2000 (battery-idle runtime PM (class=idle, allowlist-gated))
- runtime_pm /sys/bus/pci/devices/0000:00:1f.3 control=auto autosuspend_delay_ms=2000 (battery-idle runtime PM (class=idle, allowlist-gated))
- runtime_pm /sys/bus/pci/devices/0000:00:00.0 control=auto autosuspend_delay_ms=2000 (battery-idle runtime PM (class=idle, allowlist-gated))
- runtime_pm /sys/bus/pci/devices/0000:00:1d.4 control=auto autosuspend_delay_ms=2000 (battery-idle runtime PM (class=idle, allowlist-gated))
- runtime_pm /sys/bus/pci/devices/0000:00:15.0 control=auto autosuspend_delay_ms=2000 (battery-idle runtime PM (class=idle, allowlist-gated))
- runtime_pm /sys/bus/pci/devices/0000:00:1d.0 control=auto autosuspend_delay_ms=2000 (battery-idle runtime PM (class=idle, allowlist-gated))
- runtime_pm /sys/bus/pci/devices/0000:00:1e.3 control=auto autosuspend_delay_ms=2000 (battery-idle runtime PM (class=idle, allowlist-gated))
- runtime_pm /sys/bus/pci/devices/0000:00:14.2 control=auto autosuspend_delay_ms=2000 (battery-idle runtime PM (class=idle, allowlist-gated))
- runtime_pm /sys/bus/pci/devices/0000:00:02.0 control=auto autosuspend_delay_ms=2000 (battery-idle runtime PM (class=idle, allowlist-gated))
- runtime_pm /sys/bus/pci/devices/0000:00:1e.1 control=auto autosuspend_delay_ms=2000 (battery-idle runtime PM (class=idle, allowlist-gated))
- runtime_pm /sys/bus/pci/devices/0000:00:14.0 control=auto autosuspend_delay_ms=2000 (battery-idle runtime PM (class=idle, allowlist-gated))
- runtime_pm /sys/bus/pci/devices/0000:00:1f.4 control=auto autosuspend_delay_ms=2000 (battery-idle runtime PM (class=idle, allowlist-gated))
- runtime_pm /sys/bus/pci/devices/0000:00:0a.0 control=auto autosuspend_delay_ms=2000 (battery-idle runtime PM (class=idle, allowlist-gated))
- runtime_pm /sys/bus/usb/devices/1-14 control=auto autosuspend_delay_ms=2000 (battery-idle runtime PM (class=idle, allowlist-gated))
- runtime_pm /sys/bus/usb/devices/usb1 control=auto autosuspend_delay_ms=2000 (battery-idle runtime PM (class=idle, allowlist-gated))
- runtime_pm /sys/bus/usb/devices/usb2 control=auto autosuspend_delay_ms=2000 (battery-idle runtime PM (class=idle, allowlist-gated))
- runtime_pm /sys/bus/usb/devices/1-6 control=auto autosuspend_delay_ms=2000 (battery-idle runtime PM (class=idle, allowlist-gated))
- pci_aspm /sys/bus/pci/devices/0000:01:00.0 l1_aspm=1 (battery-idle PCIe ASPM (class=idle, allowlist-gated))
- pci_aspm /sys/bus/pci/devices/0000:07:00.0 l1_aspm=1 (battery-idle PCIe ASPM (class=idle, allowlist-gated))
- sata_alpm /sys/class/scsi_host/host7 policy=med_power_with_dipm (battery-idle SATA ALPM (class=idle, allowlist-gated))
- sata_alpm /sys/class/scsi_host/host5 policy=med_power_with_dipm (battery-idle SATA ALPM (class=idle, allowlist-gated))
- sata_alpm /sys/class/scsi_host/host3 policy=med_power_with_dipm (battery-idle SATA ALPM (class=idle, allowlist-gated))
- sata_alpm /sys/class/scsi_host/host1 policy=med_power_with_dipm (battery-idle SATA ALPM (class=idle, allowlist-gated))
- sata_alpm /sys/class/scsi_host/host6 policy=med_power_with_dipm (battery-idle SATA ALPM (class=idle, allowlist-gated))
- sata_alpm /sys/class/scsi_host/host4 policy=med_power_with_dipm (battery-idle SATA ALPM (class=idle, allowlist-gated))
- sata_alpm /sys/class/scsi_host/host2 policy=med_power_with_dipm (battery-idle SATA ALPM (class=idle, allowlist-gated))
- sata_alpm /sys/class/scsi_host/host0 policy=med_power_with_dipm (battery-idle SATA ALPM (class=idle, allowlist-gated))
- backlight /sys/class/backlight/intel_backlight target=40% (battery-idle backlight floor (class=idle, allowlist-gated))
effective_config:
domains.cpu_epp=actuate
domains.platform_profile=actuate
domains.vm_sysctl=actuate
domains.cpu_dma_latency=actuate
domains.device_resume_latency=actuate
domains.runtime_pm=actuate
domains.pci_aspm=actuate
domains.sata_alpm=actuate
domains.backlight=actuate
domains.cgroup_reweight=actuate
correlation_id=optid-000000006a89e4e4-000000000000002c circuit: S5D outcome was neither a verified success nor a counted failure
correlation_id=optid-000000006a89e4e4-000000000000002c circuit: S5D verified success reset scoped pre-threshold failures
correlation_id=optid-000000006a89e4e4-000000000000002c circuit: S5D outcome was neither a verified success nor a counted failure
correlation_id=optid-000000006a89e4e4-000000000000002c circuit: S5D outcome was neither a verified success nor a counted failure
correlation_id=optid-000000006a89e4e4-000000000000002c circuit: S5D outcome was neither a verified success nor a counted failure
correlation_id=optid-000000006a89e4e4-000000000000002c circuit: S5D outcome was neither a verified success nor a counted failure
correlation_id=optid-000000006a89e4e4-000000000000002c circuit: S5D outcome was neither a verified success nor a counted failure
correlation_id=optid-000000006a89e4e4-000000000000002c circuit: S5D outcome was neither a verified success nor a counted failure
correlation_id=optid-000000006a89e4e4-000000000000002c circuit: S5D outcome was neither a verified success nor a counted failure
correlation_id=optid-000000006a89e4e4-000000000000002c circuit: S5D outcome was neither a verified success nor a counted failure
correlation_id=optid-000000006a89e4e4-000000000000002c circuit: S5D outcome was neither a verified success nor a counted failure
correlation_id=optid-000000006a89e4e4-000000000000002c circuit: S5D outcome was neither a verified success nor a counted failure
correlation_id=optid-000000006a89e4e4-000000000000002c circuit: S5D outcome was neither a verified success nor a counted failure
correlation_id=optid-000000006a89e4e4-000000000000002c circuit: S5D outcome was neither a verified success nor a counted failure
correlation_id=optid-000000006a89e4e4-000000000000002c circuit: S5D outcome was neither a verified success nor a counted failure
correlation_id=optid-000000006a89e4e4-000000000000002c circuit: S5D outcome was neither a verified success nor a counted failure
correlation_id=optid-000000006a89e4e4-000000000000002c circuit: S5D outcome was neither a verified success nor a counted failure
correlation_id=optid-000000006a89e4e4-000000000000002c circuit: S5D outcome was neither a verified success nor a counted failure
correlation_id=optid-000000006a89e4e4-000000000000002c circuit: S5D outcome was neither a verified success nor a counted failure
correlation_id=optid-000000006a89e4e4-000000000000002c circuit: S5D outcome was neither a verified success nor a counted failure
correlation_id=optid-000000006a89e4e4-000000000000002c circuit: S5D outcome was neither a verified success nor a counted failure
correlation_id=optid-000000006a89e4e4-000000000000002c circuit: S5D outcome was neither a verified success nor a counted failure
correlation_id=optid-000000006a89e4e4-000000000000002c circuit: S5D outcome was neither a verified success nor a counted failure
correlation_id=optid-000000006a89e4e4-000000000000002c circuit: S5D outcome was neither a verified success nor a counted failure
correlation_id=optid-000000006a89e4e4-000000000000002c circuit: S5D outcome was neither a verified success nor a counted failure
correlation_id=optid-000000006a89e4e4-000000000000002c circuit: S5D outcome was neither a verified success nor a counted failure
correlation_id=optid-000000006a89e4e4-000000000000002c circuit: S5D outcome was neither a verified success nor a counted failure
correlation_id=optid-000000006a89e4e4-000000000000002c reconciler: shadow_parity=true legacy_restore_intents=0 v1_restore_intents=0 intentional_v1_only=0
correlation_id=optid-000000006a89e4e4-000000000000002c
restore_outcomes=none
circuit_state=global_open=false open_domains=cgroup_reweight,cpu_dma_latency,platform_profile,runtime_pm records=20
timestamp=1787422027
mode=battery
on_ac=Some(false)
battery_pct=Some(93)
thermal_c=Some(35.0)
thermal_state=Cool
thermal_derating_ratio=0.00
thermal_die_sensor=hwmon:coretemp.0:coretemp:Package id 0
thermal_die_temp_c=35.0
thermal_skin_sensor=none
thermal_skin_temp_c=none
thermal_max_fan_rpm=2700
thermal_reasons:
- selected die signal hwmon:coretemp.0:coretemp:Package id 0 (package) at 35.0°C
- clamped thermal_hi to 90.0°C based on hardware T_crit 100.0°C - 10°C
- effective thresholds: lo=60.0°C hi=90.0°C
- die temp 35.0°C <= lo threshold 60.0°C; state = cool (sensor=hwmon:coretemp.0:coretemp:Package id 0)
thermal_sensor_count=31
fan_sensor_count=2
loadavg_1=Some(0.81)
cpu_pressure=avg10=0.00 avg60=0.00 avg300=0.00 total=129117037
memory_pressure=avg10=0.00 avg60=0.00 avg300=0.00 total=1028755
io_pressure=avg10=0.33 avg60=0.35 avg300=0.15 total=34193517
workload_class=idle
workload_reason=pinned override (global)
cpu_wakeup_latency=100000
device_resume_latency=1000000
reasons:
- system is on battery
actions:
- cpu.epp=power (prefer battery life through CPU energy preference)
- platform.profile=low-power (request low-power platform profile)
- systemd.set-property background.slice CPUWeight=25 IOWeight=25 (deprioritize background services on battery)
- vm.sysctl /proc/sys/vm/swappiness=60 (adjust swappiness for current mode)
- vm.sysctl /proc/sys/vm/dirty_background_bytes=67108864 (adjust dirty background bytes for current mode)
- vm.sysctl /proc/sys/vm/dirty_bytes=134217728 (adjust dirty bytes for current mode)
- cpu_dma_latency=100000 (class=idle, floor=100000us, row=contracts.idle)
- runtime_pm /sys/bus/pci/devices/0000:00:17.0 control=auto autosuspend_delay_ms=2000 (battery-idle runtime PM (class=idle, allowlist-gated))
- runtime_pm /sys/bus/pci/devices/0000:00:08.0 control=auto autosuspend_delay_ms=2000 (battery-idle runtime PM (class=idle, allowlist-gated))
- runtime_pm /sys/bus/pci/devices/0000:00:1f.0 control=auto autosuspend_delay_ms=2000 (battery-idle runtime PM (class=idle, allowlist-gated))
- runtime_pm /sys/bus/pci/devices/0000:00:04.0 control=auto autosuspend_delay_ms=2000 (battery-idle runtime PM (class=idle, allowlist-gated))
- runtime_pm /sys/bus/pci/devices/0000:00:14.3 control=auto autosuspend_delay_ms=2000 (battery-idle runtime PM (class=idle, allowlist-gated))
- runtime_pm /sys/bus/pci/devices/0000:00:16.0 control=auto autosuspend_delay_ms=2000 (battery-idle runtime PM (class=idle, allowlist-gated))
- runtime_pm /sys/bus/pci/devices/0000:01:00.0 control=auto autosuspend_delay_ms=2000 (battery-idle runtime PM (class=idle, allowlist-gated))
- runtime_pm /sys/bus/pci/devices/0000:00:1b.0 control=auto autosuspend_delay_ms=2000 (battery-idle runtime PM (class=idle, allowlist-gated))
- runtime_pm /sys/bus/pci/devices/0000:00:1f.5 control=auto autosuspend_delay_ms=2000 (battery-idle runtime PM (class=idle, allowlist-gated))
- runtime_pm /sys/bus/pci/devices/0000:07:00.0 control=auto autosuspend_delay_ms=2000 (battery-idle runtime PM (class=idle, allowlist-gated))
- runtime_pm /sys/bus/pci/devices/0000:00:1e.0 control=auto autosuspend_delay_ms=2000 (battery-idle runtime PM (class=idle, allowlist-gated))
- runtime_pm /sys/bus/pci/devices/0000:00:1f.3 control=auto autosuspend_delay_ms=2000 (battery-idle runtime PM (class=idle, allowlist-gated))
- runtime_pm /sys/bus/pci/devices/0000:00:00.0 control=auto autosuspend_delay_ms=2000 (battery-idle runtime PM (class=idle, allowlist-gated))
- runtime_pm /sys/bus/pci/devices/0000:00:1d.4 control=auto autosuspend_delay_ms=2000 (battery-idle runtime PM (class=idle, allowlist-gated))
- runtime_pm /sys/bus/pci/devices/0000:00:15.0 control=auto autosuspend_delay_ms=2000 (battery-idle runtime PM (class=idle, allowlist-gated))
- runtime_pm /sys/bus/pci/devices/0000:00:1d.0 control=auto autosuspend_delay_ms=2000 (battery-idle runtime PM (class=idle, allowlist-gated))
- runtime_pm /sys/bus/pci/devices/0000:00:1e.3 control=auto autosuspend_delay_ms=2000 (battery-idle runtime PM (class=idle, allowlist-gated))
- runtime_pm /sys/bus/pci/devices/0000:00:14.2 control=auto autosuspend_delay_ms=2000 (battery-idle runtime PM (class=idle, allowlist-gated))
- runtime_pm /sys/bus/pci/devices/0000:00:02.0 control=auto autosuspend_delay_ms=2000 (battery-idle runtime PM (class=idle, allowlist-gated))
- runtime_pm /sys/bus/pci/devices/0000:00:1e.1 control=auto autosuspend_delay_ms=2000 (battery-idle runtime PM (class=idle, allowlist-gated))
- runtime_pm /sys/bus/pci/devices/0000:00:14.0 control=auto autosuspend_delay_ms=2000 (battery-idle runtime PM (class=idle, allowlist-gated))
- runtime_pm /sys/bus/pci/devices/0000:00:1f.4 control=auto autosuspend_delay_ms=2000 (battery-idle runtime PM (class=idle, allowlist-gated))
- runtime_pm /sys/bus/pci/devices/0000:00:0a.0 control=auto autosuspend_delay_ms=2000 (battery-idle runtime PM (class=idle, allowlist-gated))
- runtime_pm /sys/bus/usb/devices/1-14 control=auto autosuspend_delay_ms=2000 (battery-idle runtime PM (class=idle, allowlist-gated))
- runtime_pm /sys/bus/usb/devices/usb1 control=auto autosuspend_delay_ms=2000 (battery-idle runtime PM (class=idle, allowlist-gated))
- runtime_pm /sys/bus/usb/devices/usb2 control=auto autosuspend_delay_ms=2000 (battery-idle runtime PM (class=idle, allowlist-gated))
- runtime_pm /sys/bus/usb/devices/1-6 control=auto autosuspend_delay_ms=2000 (battery-idle runtime PM (class=idle, allowlist-gated))
- pci_aspm /sys/bus/pci/devices/0000:01:00.0 l1_aspm=1 (battery-idle PCIe ASPM (class=idle, allowlist-gated))
- pci_aspm /sys/bus/pci/devices/0000:07:00.0 l1_aspm=1 (battery-idle PCIe ASPM (class=idle, allowlist-gated))
- sata_alpm /sys/class/scsi_host/host7 policy=med_power_with_dipm (battery-idle SATA ALPM (class=idle, allowlist-gated))
- sata_alpm /sys/class/scsi_host/host5 policy=med_power_with_dipm (battery-idle SATA ALPM (class=idle, allowlist-gated))
- sata_alpm /sys/class/scsi_host/host3 policy=med_power_with_dipm (battery-idle SATA ALPM (class=idle, allowlist-gated))
- sata_alpm /sys/class/scsi_host/host1 policy=med_power_with_dipm (battery-idle SATA ALPM (class=idle, allowlist-gated))
- sata_alpm /sys/class/scsi_host/host6 policy=med_power_with_dipm (battery-idle SATA ALPM (class=idle, allowlist-gated))
- sata_alpm /sys/class/scsi_host/host4 policy=med_power_with_dipm (battery-idle SATA ALPM (class=idle, allowlist-gated))
- sata_alpm /sys/class/scsi_host/host2 policy=med_power_with_dipm (battery-idle SATA ALPM (class=idle, allowlist-gated))
- sata_alpm /sys/class/scsi_host/host0 policy=med_power_with_dipm (battery-idle SATA ALPM (class=idle, allowlist-gated))
- backlight /sys/class/backlight/intel_backlight target=40% (battery-idle backlight floor (class=idle, allowlist-gated))
effective_config:
domains.cpu_epp=actuate
domains.platform_profile=actuate
domains.vm_sysctl=actuate
domains.cpu_dma_latency=actuate
domains.device_resume_latency=actuate
domains.runtime_pm=actuate
domains.pci_aspm=actuate
domains.sata_alpm=actuate
domains.backlight=actuate
domains.cgroup_reweight=actuate
correlation_id=optid-000000006a89e4e4-000000000000002d circuit: S5D outcome was neither a verified success nor a counted failure
correlation_id=optid-000000006a89e4e4-000000000000002d circuit: S5D verified success reset scoped pre-threshold failures
correlation_id=optid-000000006a89e4e4-000000000000002d circuit: S5D outcome was neither a verified success nor a counted failure
correlation_id=optid-000000006a89e4e4-000000000000002d circuit: S5D outcome was neither a verified success nor a counted failure
correlation_id=optid-000000006a89e4e4-000000000000002d circuit: S5D outcome was neither a verified success nor a counted failure
correlation_id=optid-000000006a89e4e4-000000000000002d circuit: S5D outcome was neither a verified success nor a counted failure
correlation_id=optid-000000006a89e4e4-000000000000002d circuit: S5D outcome was neither a verified success nor a counted failure
correlation_id=optid-000000006a89e4e4-000000000000002d circuit: S5D outcome was neither a verified success nor a counted failure
correlation_id=optid-000000006a89e4e4-000000000000002d circuit: S5D outcome was neither a verified success nor a counted failure
correlation_id=optid-000000006a89e4e4-000000000000002d circuit: S5D outcome was neither a verified success nor a counted failure
correlation_id=optid-000000006a89e4e4-000000000000002d circuit: S5D outcome was neither a verified success nor a counted failure
correlation_id=optid-000000006a89e4e4-000000000000002d circuit: S5D outcome was neither a verified success nor a counted failure
correlation_id=optid-000000006a89e4e4-000000000000002d circuit: S5D outcome was neither a verified success nor a counted failure
correlation_id=optid-000000006a89e4e4-000000000000002d circuit: S5D outcome was neither a verified success nor a counted failure
correlation_id=optid-000000006a89e4e4-000000000000002d circuit: S5D outcome was neither a verified success nor a counted failure
correlation_id=optid-000000006a89e4e4-000000000000002d circuit: S5D outcome was neither a verified success nor a counted failure
correlation_id=optid-000000006a89e4e4-000000000000002d circuit: S5D outcome was neither a verified success nor a counted failure
correlation_id=optid-000000006a89e4e4-000000000000002d circuit: S5D outcome was neither a verified success nor a counted failure
correlation_id=optid-000000006a89e4e4-000000000000002d circuit: S5D outcome was neither a verified success nor a counted failure
correlation_id=optid-000000006a89e4e4-000000000000002d circuit: S5D outcome was neither a verified success nor a counted failure
correlation_id=optid-000000006a89e4e4-000000000000002d circuit: S5D outcome was neither a verified success nor a counted failure
correlation_id=optid-000000006a89e4e4-000000000000002d circuit: S5D outcome was neither a verified success nor a counted failure
correlation_id=optid-000000006a89e4e4-000000000000002d circuit: S5D outcome was neither a verified success nor a counted failure
correlation_id=optid-000000006a89e4e4-000000000000002d circuit: S5D outcome was neither a verified success nor a counted failure
correlation_id=optid-000000006a89e4e4-000000000000002d circuit: S5D outcome was neither a verified success nor a counted failure
correlation_id=optid-000000006a89e4e4-000000000000002d circuit: S5D outcome was neither a verified success nor a counted failure
correlation_id=optid-000000006a89e4e4-000000000000002d circuit: S5D outcome was neither a verified success nor a counted failure
correlation_id=optid-000000006a89e4e4-000000000000002d reconciler: shadow_parity=true legacy_restore_intents=0 v1_restore_intents=0 intentional_v1_only=0
correlation_id=optid-000000006a89e4e4-000000000000002d
restore_outcomes=none
circuit_state=global_open=false open_domains=cgroup_reweight,cpu_dma_latency,platform_profile,runtime_pm records=20
timestamp=1787422029
mode=battery
on_ac=Some(false)
battery_pct=Some(93)
thermal_c=Some(37.0)
thermal_state=Cool
thermal_derating_ratio=0.00
thermal_die_sensor=hwmon:coretemp.0:coretemp:Package id 0
thermal_die_temp_c=37.0
thermal_skin_sensor=none
thermal_skin_temp_c=none
thermal_max_fan_rpm=2700
thermal_reasons:
- selected die signal hwmon:coretemp.0:coretemp:Package id 0 (package) at 37.0°C
- clamped thermal_hi to 90.0°C based on hardware T_crit 100.0°C - 10°C
- effective thresholds: lo=60.0°C hi=90.0°C
- die temp 37.0°C <= lo threshold 60.0°C; state = cool (sensor=hwmon:coretemp.0:coretemp:Package id 0)
thermal_sensor_count=31
fan_sensor_count=2
loadavg_1=Some(0.81)
cpu_pressure=avg10=0.00 avg60=0.00 avg300=0.00 total=129121875
memory_pressure=avg10=0.00 avg60=0.00 avg300=0.00 total=1028755
io_pressure=avg10=0.22 avg60=0.33 avg300=0.15 total=34220674
workload_class=idle
workload_reason=pinned override (global)
cpu_wakeup_latency=100000
device_resume_latency=1000000
reasons:
- system is on battery
actions:
- cpu.epp=power (prefer battery life through CPU energy preference)
- platform.profile=low-power (request low-power platform profile)
- systemd.set-property background.slice CPUWeight=25 IOWeight=25 (deprioritize background services on battery)
- vm.sysctl /proc/sys/vm/swappiness=60 (adjust swappiness for current mode)
- vm.sysctl /proc/sys/vm/dirty_background_bytes=67108864 (adjust dirty background bytes for current mode)
- vm.sysctl /proc/sys/vm/dirty_bytes=134217728 (adjust dirty bytes for current mode)
- cpu_dma_latency=100000 (class=idle, floor=100000us, row=contracts.idle)
- runtime_pm /sys/bus/pci/devices/0000:00:17.0 control=auto autosuspend_delay_ms=2000 (battery-idle runtime PM (class=idle, allowlist-gated))
- runtime_pm /sys/bus/pci/devices/0000:00:08.0 control=auto autosuspend_delay_ms=2000 (battery-idle runtime PM (class=idle, allowlist-gated))
- runtime_pm /sys/bus/pci/devices/0000:00:1f.0 control=auto autosuspend_delay_ms=2000 (battery-idle runtime PM (class=idle, allowlist-gated))
- runtime_pm /sys/bus/pci/devices/0000:00:04.0 control=auto autosuspend_delay_ms=2000 (battery-idle runtime PM (class=idle, allowlist-gated))
- runtime_pm /sys/bus/pci/devices/0000:00:14.3 control=auto autosuspend_delay_ms=2000 (battery-idle runtime PM (class=idle, allowlist-gated))
- runtime_pm /sys/bus/pci/devices/0000:00:16.0 control=auto autosuspend_delay_ms=2000 (battery-idle runtime PM (class=idle, allowlist-gated))
- runtime_pm /sys/bus/pci/devices/0000:01:00.0 control=auto autosuspend_delay_ms=2000 (battery-idle runtime PM (class=idle, allowlist-gated))
- runtime_pm /sys/bus/pci/devices/0000:00:1b.0 control=auto autosuspend_delay_ms=2000 (battery-idle runtime PM (class=idle, allowlist-gated))
- runtime_pm /sys/bus/pci/devices/0000:00:1f.5 control=auto autosuspend_delay_ms=2000 (battery-idle runtime PM (class=idle, allowlist-gated))
- runtime_pm /sys/bus/pci/devices/0000:07:00.0 control=auto autosuspend_delay_ms=2000 (battery-idle runtime PM (class=idle, allowlist-gated))
- runtime_pm /sys/bus/pci/devices/0000:00:1e.0 control=auto autosuspend_delay_ms=2000 (battery-idle runtime PM (class=idle, allowlist-gated))
- runtime_pm /sys/bus/pci/devices/0000:00:1f.3 control=auto autosuspend_delay_ms=2000 (battery-idle runtime PM (class=idle, allowlist-gated))
- runtime_pm /sys/bus/pci/devices/0000:00:00.0 control=auto autosuspend_delay_ms=2000 (battery-idle runtime PM (class=idle, allowlist-gated))
- runtime_pm /sys/bus/pci/devices/0000:00:1d.4 control=auto autosuspend_delay_ms=2000 (battery-idle runtime PM (class=idle, allowlist-gated))
- runtime_pm /sys/bus/pci/devices/0000:00:15.0 control=auto autosuspend_delay_ms=2000 (battery-idle runtime PM (class=idle, allowlist-gated))
- runtime_pm /sys/bus/pci/devices/0000:00:1d.0 control=auto autosuspend_delay_ms=2000 (battery-idle runtime PM (class=idle, allowlist-gated))
- runtime_pm /sys/bus/pci/devices/0000:00:1e.3 control=auto autosuspend_delay_ms=2000 (battery-idle runtime PM (class=idle, allowlist-gated))
- runtime_pm /sys/bus/pci/devices/0000:00:14.2 control=auto autosuspend_delay_ms=2000 (battery-idle runtime PM (class=idle, allowlist-gated))
- runtime_pm /sys/bus/pci/devices/0000:00:02.0 control=auto autosuspend_delay_ms=2000 (battery-idle runtime PM (class=idle, allowlist-gated))
- runtime_pm /sys/bus/pci/devices/0000:00:1e.1 control=auto autosuspend_delay_ms=2000 (battery-idle runtime PM (class=idle, allowlist-gated))
- runtime_pm /sys/bus/pci/devices/0000:00:14.0 control=auto autosuspend_delay_ms=2000 (battery-idle runtime PM (class=idle, allowlist-gated))
- runtime_pm /sys/bus/pci/devices/0000:00:1f.4 control=auto autosuspend_delay_ms=2000 (battery-idle runtime PM (class=idle, allowlist-gated))
- runtime_pm /sys/bus/pci/devices/0000:00:0a.0 control=auto autosuspend_delay_ms=2000 (battery-idle runtime PM (class=idle, allowlist-gated))
- runtime_pm /sys/bus/usb/devices/1-14 control=auto autosuspend_delay_ms=2000 (battery-idle runtime PM (class=idle, allowlist-gated))
- runtime_pm /sys/bus/usb/devices/usb1 control=auto autosuspend_delay_ms=2000 (battery-idle runtime PM (class=idle, allowlist-gated))
- runtime_pm /sys/bus/usb/devices/usb2 control=auto autosuspend_delay_ms=2000 (battery-idle runtime PM (class=idle, allowlist-gated))
- runtime_pm /sys/bus/usb/devices/1-6 control=auto autosuspend_delay_ms=2000 (battery-idle runtime PM (class=idle, allowlist-gated))
- pci_aspm /sys/bus/pci/devices/0000:01:00.0 l1_aspm=1 (battery-idle PCIe ASPM (class=idle, allowlist-gated))
- pci_aspm /sys/bus/pci/devices/0000:07:00.0 l1_aspm=1 (battery-idle PCIe ASPM (class=idle, allowlist-gated))
- sata_alpm /sys/class/scsi_host/host7 policy=med_power_with_dipm (battery-idle SATA ALPM (class=idle, allowlist-gated))
- sata_alpm /sys/class/scsi_host/host5 policy=med_power_with_dipm (battery-idle SATA ALPM (class=idle, allowlist-gated))
- sata_alpm /sys/class/scsi_host/host3 policy=med_power_with_dipm (battery-idle SATA ALPM (class=idle, allowlist-gated))
- sata_alpm /sys/class/scsi_host/host1 policy=med_power_with_dipm (battery-idle SATA ALPM (class=idle, allowlist-gated))
- sata_alpm /sys/class/scsi_host/host6 policy=med_power_with_dipm (battery-idle SATA ALPM (class=idle, allowlist-gated))
- sata_alpm /sys/class/scsi_host/host4 policy=med_power_with_dipm (battery-idle SATA ALPM (class=idle, allowlist-gated))
- sata_alpm /sys/class/scsi_host/host2 policy=med_power_with_dipm (battery-idle SATA ALPM (class=idle, allowlist-gated))
- sata_alpm /sys/class/scsi_host/host0 policy=med_power_with_dipm (battery-idle SATA ALPM (class=idle, allowlist-gated))
- backlight /sys/class/backlight/intel_backlight target=40% (battery-idle backlight floor (class=idle, allowlist-gated))
effective_config:
domains.cpu_epp=actuate
domains.platform_profile=actuate
domains.vm_sysctl=actuate
domains.cpu_dma_latency=actuate
domains.device_resume_latency=actuate
domains.runtime_pm=actuate
domains.pci_aspm=actuate
domains.sata_alpm=actuate
domains.backlight=actuate
domains.cgroup_reweight=actuate
correlation_id=optid-000000006a89e4e4-000000000000002e circuit: S5D outcome was neither a verified success nor a counted failure
correlation_id=optid-000000006a89e4e4-000000000000002e circuit: S5D verified success reset scoped pre-threshold failures
correlation_id=optid-000000006a89e4e4-000000000000002e circuit: S5D outcome was neither a verified success nor a counted failure
correlation_id=optid-000000006a89e4e4-000000000000002e circuit: S5D outcome was neither a verified success nor a counted failure
correlation_id=optid-000000006a89e4e4-000000000000002e circuit: S5D outcome was neither a verified success nor a counted failure
correlation_id=optid-000000006a89e4e4-000000000000002e circuit: S5D outcome was neither a verified success nor a counted failure
correlation_id=optid-000000006a89e4e4-000000000000002e circuit: S5D outcome was neither a verified success nor a counted failure
correlation_id=optid-000000006a89e4e4-000000000000002e circuit: S5D outcome was neither a verified success nor a counted failure
correlation_id=optid-000000006a89e4e4-000000000000002e circuit: S5D outcome was neither a verified success nor a counted failure
correlation_id=optid-000000006a89e4e4-000000000000002e circuit: S5D outcome was neither a verified success nor a counted failure
correlation_id=optid-000000006a89e4e4-000000000000002e circuit: S5D outcome was neither a verified success nor a counted failure
correlation_id=optid-000000006a89e4e4-000000000000002e circuit: S5D outcome was neither a verified success nor a counted failure
correlation_id=optid-000000006a89e4e4-000000000000002e circuit: S5D outcome was neither a verified success nor a counted failure
correlation_id=optid-000000006a89e4e4-000000000000002e circuit: S5D outcome was neither a verified success nor a counted failure
correlation_id=optid-000000006a89e4e4-000000000000002e circuit: S5D outcome was neither a verified success nor a counted failure
correlation_id=optid-000000006a89e4e4-000000000000002e circuit: S5D outcome was neither a verified success nor a counted failure
correlation_id=optid-000000006a89e4e4-000000000000002e circuit: S5D outcome was neither a verified success nor a counted failure
correlation_id=optid-000000006a89e4e4-000000000000002e circuit: S5D outcome was neither a verified success nor a counted failure
correlation_id=optid-000000006a89e4e4-000000000000002e circuit: S5D outcome was neither a verified success nor a counted failure
correlation_id=optid-000000006a89e4e4-000000000000002e circuit: S5D outcome was neither a verified success nor a counted failure
correlation_id=optid-000000006a89e4e4-000000000000002e circuit: S5D outcome was neither a verified success nor a counted failure
correlation_id=optid-000000006a89e4e4-000000000000002e circuit: S5D outcome was neither a verified success nor a counted failure
correlation_id=optid-000000006a89e4e4-000000000000002e circuit: S5D outcome was neither a verified success nor a counted failure
correlation_id=optid-000000006a89e4e4-000000000000002e circuit: S5D outcome was neither a verified success nor a counted failure
correlation_id=optid-000000006a89e4e4-000000000000002e circuit: S5D outcome was neither a verified success nor a counted failure
correlation_id=optid-000000006a89e4e4-000000000000002e circuit: S5D outcome was neither a verified success nor a counted failure
correlation_id=optid-000000006a89e4e4-000000000000002e circuit: S5D outcome was neither a verified success nor a counted failure
correlation_id=optid-000000006a89e4e4-000000000000002e reconciler: shadow_parity=true legacy_restore_intents=0 v1_restore_intents=0 intentional_v1_only=0
correlation_id=optid-000000006a89e4e4-000000000000002e
restore_outcomes=none
circuit_state=global_open=false open_domains=cgroup_reweight,cpu_dma_latency,platform_profile,runtime_pm records=20
timestamp=1787422031
mode=battery
on_ac=Some(false)
battery_pct=Some(93)
thermal_c=Some(35.0)
thermal_state=Cool
thermal_derating_ratio=0.00
thermal_die_sensor=hwmon:coretemp.0:coretemp:Package id 0
thermal_die_temp_c=35.0
thermal_skin_sensor=none
thermal_skin_temp_c=none
thermal_max_fan_rpm=2700
thermal_reasons:
- selected die signal hwmon:coretemp.0:coretemp:Package id 0 (package) at 35.0°C
- clamped thermal_hi to 90.0°C based on hardware T_crit 100.0°C - 10°C
- effective thresholds: lo=60.0°C hi=90.0°C
- die temp 35.0°C <= lo threshold 60.0°C; state = cool (sensor=hwmon:coretemp.0:coretemp:Package id 0)
thermal_sensor_count=31
fan_sensor_count=2
loadavg_1=Some(0.83)
cpu_pressure=avg10=0.00 avg60=0.00 avg300=0.00 total=129125974
memory_pressure=avg10=0.00 avg60=0.00 avg300=0.00 total=1028755
io_pressure=avg10=0.36 avg60=0.35 avg300=0.16 total=34239533
workload_class=idle
workload_reason=pinned override (global)
cpu_wakeup_latency=100000
device_resume_latency=1000000
reasons:
- system is on battery
actions:
- cpu.epp=power (prefer battery life through CPU energy preference)
- platform.profile=low-power (request low-power platform profile)
- systemd.set-property background.slice CPUWeight=25 IOWeight=25 (deprioritize background services on battery)
- vm.sysctl /proc/sys/vm/swappiness=60 (adjust swappiness for current mode)
- vm.sysctl /proc/sys/vm/dirty_background_bytes=67108864 (adjust dirty background bytes for current mode)
- vm.sysctl /proc/sys/vm/dirty_bytes=134217728 (adjust dirty bytes for current mode)
- cpu_dma_latency=100000 (class=idle, floor=100000us, row=contracts.idle)
- runtime_pm /sys/bus/pci/devices/0000:00:17.0 control=auto autosuspend_delay_ms=2000 (battery-idle runtime PM (class=idle, allowlist-gated))
- runtime_pm /sys/bus/pci/devices/0000:00:08.0 control=auto autosuspend_delay_ms=2000 (battery-idle runtime PM (class=idle, allowlist-gated))
- runtime_pm /sys/bus/pci/devices/0000:00:1f.0 control=auto autosuspend_delay_ms=2000 (battery-idle runtime PM (class=idle, allowlist-gated))
- runtime_pm /sys/bus/pci/devices/0000:00:04.0 control=auto autosuspend_delay_ms=2000 (battery-idle runtime PM (class=idle, allowlist-gated))
- runtime_pm /sys/bus/pci/devices/0000:00:14.3 control=auto autosuspend_delay_ms=2000 (battery-idle runtime PM (class=idle, allowlist-gated))
- runtime_pm /sys/bus/pci/devices/0000:00:16.0 control=auto autosuspend_delay_ms=2000 (battery-idle runtime PM (class=idle, allowlist-gated))
- runtime_pm /sys/bus/pci/devices/0000:01:00.0 control=auto autosuspend_delay_ms=2000 (battery-idle runtime PM (class=idle, allowlist-gated))
- runtime_pm /sys/bus/pci/devices/0000:00:1b.0 control=auto autosuspend_delay_ms=2000 (battery-idle runtime PM (class=idle, allowlist-gated))
- runtime_pm /sys/bus/pci/devices/0000:00:1f.5 control=auto autosuspend_delay_ms=2000 (battery-idle runtime PM (class=idle, allowlist-gated))
- runtime_pm /sys/bus/pci/devices/0000:07:00.0 control=auto autosuspend_delay_ms=2000 (battery-idle runtime PM (class=idle, allowlist-gated))
- runtime_pm /sys/bus/pci/devices/0000:00:1e.0 control=auto autosuspend_delay_ms=2000 (battery-idle runtime PM (class=idle, allowlist-gated))
- runtime_pm /sys/bus/pci/devices/0000:00:1f.3 control=auto autosuspend_delay_ms=2000 (battery-idle runtime PM (class=idle, allowlist-gated))
- runtime_pm /sys/bus/pci/devices/0000:00:00.0 control=auto autosuspend_delay_ms=2000 (battery-idle runtime PM (class=idle, allowlist-gated))
- runtime_pm /sys/bus/pci/devices/0000:00:1d.4 control=auto autosuspend_delay_ms=2000 (battery-idle runtime PM (class=idle, allowlist-gated))
- runtime_pm /sys/bus/pci/devices/0000:00:15.0 control=auto autosuspend_delay_ms=2000 (battery-idle runtime PM (class=idle, allowlist-gated))
- runtime_pm /sys/bus/pci/devices/0000:00:1d.0 control=auto autosuspend_delay_ms=2000 (battery-idle runtime PM (class=idle, allowlist-gated))
- runtime_pm /sys/bus/pci/devices/0000:00:1e.3 control=auto autosuspend_delay_ms=2000 (battery-idle runtime PM (class=idle, allowlist-gated))
- runtime_pm /sys/bus/pci/devices/0000:00:14.2 control=auto autosuspend_delay_ms=2000 (battery-idle runtime PM (class=idle, allowlist-gated))
- runtime_pm /sys/bus/pci/devices/0000:00:02.0 control=auto autosuspend_delay_ms=2000 (battery-idle runtime PM (class=idle, allowlist-gated))
- runtime_pm /sys/bus/pci/devices/0000:00:1e.1 control=auto autosuspend_delay_ms=2000 (battery-idle runtime PM (class=idle, allowlist-gated))
- runtime_pm /sys/bus/pci/devices/0000:00:14.0 control=auto autosuspend_delay_ms=2000 (battery-idle runtime PM (class=idle, allowlist-gated))
- runtime_pm /sys/bus/pci/devices/0000:00:1f.4 control=auto autosuspend_delay_ms=2000 (battery-idle runtime PM (class=idle, allowlist-gated))
- runtime_pm /sys/bus/pci/devices/0000:00:0a.0 control=auto autosuspend_delay_ms=2000 (battery-idle runtime PM (class=idle, allowlist-gated))
- runtime_pm /sys/bus/usb/devices/1-14 control=auto autosuspend_delay_ms=2000 (battery-idle runtime PM (class=idle, allowlist-gated))
- runtime_pm /sys/bus/usb/devices/usb1 control=auto autosuspend_delay_ms=2000 (battery-idle runtime PM (class=idle, allowlist-gated))
- runtime_pm /sys/bus/usb/devices/usb2 control=auto autosuspend_delay_ms=2000 (battery-idle runtime PM (class=idle, allowlist-gated))
- runtime_pm /sys/bus/usb/devices/1-6 control=auto autosuspend_delay_ms=2000 (battery-idle runtime PM (class=idle, allowlist-gated))
- pci_aspm /sys/bus/pci/devices/0000:01:00.0 l1_aspm=1 (battery-idle PCIe ASPM (class=idle, allowlist-gated))
- pci_aspm /sys/bus/pci/devices/0000:07:00.0 l1_aspm=1 (battery-idle PCIe ASPM (class=idle, allowlist-gated))
- sata_alpm /sys/class/scsi_host/host7 policy=med_power_with_dipm (battery-idle SATA ALPM (class=idle, allowlist-gated))
- sata_alpm /sys/class/scsi_host/host5 policy=med_power_with_dipm (battery-idle SATA ALPM (class=idle, allowlist-gated))
- sata_alpm /sys/class/scsi_host/host3 policy=med_power_with_dipm (battery-idle SATA ALPM (class=idle, allowlist-gated))
- sata_alpm /sys/class/scsi_host/host1 policy=med_power_with_dipm (battery-idle SATA ALPM (class=idle, allowlist-gated))
- sata_alpm /sys/class/scsi_host/host6 policy=med_power_with_dipm (battery-idle SATA ALPM (class=idle, allowlist-gated))
- sata_alpm /sys/class/scsi_host/host4 policy=med_power_with_dipm (battery-idle SATA ALPM (class=idle, allowlist-gated))
- sata_alpm /sys/class/scsi_host/host2 policy=med_power_with_dipm (battery-idle SATA ALPM (class=idle, allowlist-gated))
- sata_alpm /sys/class/scsi_host/host0 policy=med_power_with_dipm (battery-idle SATA ALPM (class=idle, allowlist-gated))
- backlight /sys/class/backlight/intel_backlight target=40% (battery-idle backlight floor (class=idle, allowlist-gated))
effective_config:
domains.cpu_epp=actuate
domains.platform_profile=actuate
domains.vm_sysctl=actuate
domains.cpu_dma_latency=actuate
domains.device_resume_latency=actuate
domains.runtime_pm=actuate
domains.pci_aspm=actuate
domains.sata_alpm=actuate
domains.backlight=actuate
domains.cgroup_reweight=actuate
correlation_id=optid-000000006a89e4e4-000000000000002f circuit: S5D outcome was neither a verified success nor a counted failure
correlation_id=optid-000000006a89e4e4-000000000000002f circuit: S5D verified success reset scoped pre-threshold failures
correlation_id=optid-000000006a89e4e4-000000000000002f circuit: S5D outcome was neither a verified success nor a counted failure
correlation_id=optid-000000006a89e4e4-000000000000002f circuit: S5D outcome was neither a verified success nor a counted failure
correlation_id=optid-000000006a89e4e4-000000000000002f circuit: S5D outcome was neither a verified success nor a counted failure
correlation_id=optid-000000006a89e4e4-000000000000002f circuit: S5D outcome was neither a verified success nor a counted failure
correlation_id=optid-000000006a89e4e4-000000000000002f circuit: S5D outcome was neither a verified success nor a counted failure
correlation_id=optid-000000006a89e4e4-000000000000002f circuit: S5D outcome was neither a verified success nor a counted failure
correlation_id=optid-000000006a89e4e4-000000000000002f circuit: S5D outcome was neither a verified success nor a counted failure
correlation_id=optid-000000006a89e4e4-000000000000002f circuit: S5D outcome was neither a verified success nor a counted failure
correlation_id=optid-000000006a89e4e4-000000000000002f circuit: S5D outcome was neither a verified success nor a counted failure
correlation_id=optid-000000006a89e4e4-000000000000002f circuit: S5D outcome was neither a verified success nor a counted failure
correlation_id=optid-000000006a89e4e4-000000000000002f circuit: S5D outcome was neither a verified success nor a counted failure
correlation_id=optid-000000006a89e4e4-000000000000002f circuit: S5D outcome was neither a verified success nor a counted failure
correlation_id=optid-000000006a89e4e4-000000000000002f circuit: S5D outcome was neither a verified success nor a counted failure
correlation_id=optid-000000006a89e4e4-000000000000002f circuit: S5D outcome was neither a verified success nor a counted failure
correlation_id=optid-000000006a89e4e4-000000000000002f circuit: S5D outcome was neither a verified success nor a counted failure
correlation_id=optid-000000006a89e4e4-000000000000002f circuit: S5D outcome was neither a verified success nor a counted failure
correlation_id=optid-000000006a89e4e4-000000000000002f circuit: S5D outcome was neither a verified success nor a counted failure
correlation_id=optid-000000006a89e4e4-000000000000002f circuit: S5D outcome was neither a verified success nor a counted failure
correlation_id=optid-000000006a89e4e4-000000000000002f circuit: S5D outcome was neither a verified success nor a counted failure
correlation_id=optid-000000006a89e4e4-000000000000002f circuit: S5D outcome was neither a verified success nor a counted failure
correlation_id=optid-000000006a89e4e4-000000000000002f circuit: S5D outcome was neither a verified success nor a counted failure
correlation_id=optid-000000006a89e4e4-000000000000002f circuit: S5D outcome was neither a verified success nor a counted failure
correlation_id=optid-000000006a89e4e4-000000000000002f circuit: S5D outcome was neither a verified success nor a counted failure
correlation_id=optid-000000006a89e4e4-000000000000002f circuit: S5D outcome was neither a verified success nor a counted failure
correlation_id=optid-000000006a89e4e4-000000000000002f circuit: S5D outcome was neither a verified success nor a counted failure
correlation_id=optid-000000006a89e4e4-000000000000002f reconciler: shadow_parity=true legacy_restore_intents=0 v1_restore_intents=0 intentional_v1_only=0
correlation_id=optid-000000006a89e4e4-000000000000002f
restore_outcomes=none
circuit_state=global_open=false open_domains=cgroup_reweight,cpu_dma_latency,platform_profile,runtime_pm records=20
timestamp=1787422034
mode=battery
on_ac=Some(false)
battery_pct=Some(93)
thermal_c=Some(37.0)
thermal_state=Cool
thermal_derating_ratio=0.00
thermal_die_sensor=hwmon:coretemp.0:coretemp:Package id 0
thermal_die_temp_c=37.0
thermal_skin_sensor=none
thermal_skin_temp_c=none
thermal_max_fan_rpm=2700
thermal_reasons:
- selected die signal hwmon:coretemp.0:coretemp:Package id 0 (package) at 37.0°C
- that value is a collapse maximum: hwmon:coretemp.0:coretemp:Package id 0 read 36.0°C itself and was raised to 37.0°C              by acpi:x86_pkg_temp
- clamped thermal_hi to 90.0°C based on hardware T_crit 100.0°C - 10°C
- effective thresholds: lo=60.0°C hi=90.0°C
- die temp 37.0°C <= lo threshold 60.0°C; state = cool (sensor=hwmon:coretemp.0:coretemp:Package id 0)
thermal_sensor_count=31
fan_sensor_count=2
loadavg_1=Some(0.83)
cpu_pressure=avg10=0.00 avg60=0.00 avg300=0.00 total=129131279
memory_pressure=avg10=0.00 avg60=0.00 avg300=0.00 total=1028755
io_pressure=avg10=0.48 avg60=0.37 avg300=0.16 total=34266850
workload_class=idle
workload_reason=pinned override (global)
cpu_wakeup_latency=100000
device_resume_latency=1000000
reasons:
- system is on battery
actions:
- cpu.epp=power (prefer battery life through CPU energy preference)
- platform.profile=low-power (request low-power platform profile)
- systemd.set-property background.slice CPUWeight=25 IOWeight=25 (deprioritize background services on battery)
- vm.sysctl /proc/sys/vm/swappiness=60 (adjust swappiness for current mode)
- vm.sysctl /proc/sys/vm/dirty_background_bytes=67108864 (adjust dirty background bytes for current mode)
- vm.sysctl /proc/sys/vm/dirty_bytes=134217728 (adjust dirty bytes for current mode)
- cpu_dma_latency=100000 (class=idle, floor=100000us, row=contracts.idle)
- runtime_pm /sys/bus/pci/devices/0000:00:17.0 control=auto autosuspend_delay_ms=2000 (battery-idle runtime PM (class=idle, allowlist-gated))
- runtime_pm /sys/bus/pci/devices/0000:00:08.0 control=auto autosuspend_delay_ms=2000 (battery-idle runtime PM (class=idle, allowlist-gated))
- runtime_pm /sys/bus/pci/devices/0000:00:1f.0 control=auto autosuspend_delay_ms=2000 (battery-idle runtime PM (class=idle, allowlist-gated))
- runtime_pm /sys/bus/pci/devices/0000:00:04.0 control=auto autosuspend_delay_ms=2000 (battery-idle runtime PM (class=idle, allowlist-gated))
- runtime_pm /sys/bus/pci/devices/0000:00:14.3 control=auto autosuspend_delay_ms=2000 (battery-idle runtime PM (class=idle, allowlist-gated))
- runtime_pm /sys/bus/pci/devices/0000:00:16.0 control=auto autosuspend_delay_ms=2000 (battery-idle runtime PM (class=idle, allowlist-gated))
- runtime_pm /sys/bus/pci/devices/0000:01:00.0 control=auto autosuspend_delay_ms=2000 (battery-idle runtime PM (class=idle, allowlist-gated))
- runtime_pm /sys/bus/pci/devices/0000:00:1b.0 control=auto autosuspend_delay_ms=2000 (battery-idle runtime PM (class=idle, allowlist-gated))
- runtime_pm /sys/bus/pci/devices/0000:00:1f.5 control=auto autosuspend_delay_ms=2000 (battery-idle runtime PM (class=idle, allowlist-gated))
- runtime_pm /sys/bus/pci/devices/0000:07:00.0 control=auto autosuspend_delay_ms=2000 (battery-idle runtime PM (class=idle, allowlist-gated))
- runtime_pm /sys/bus/pci/devices/0000:00:1e.0 control=auto autosuspend_delay_ms=2000 (battery-idle runtime PM (class=idle, allowlist-gated))
- runtime_pm /sys/bus/pci/devices/0000:00:1f.3 control=auto autosuspend_delay_ms=2000 (battery-idle runtime PM (class=idle, allowlist-gated))
- runtime_pm /sys/bus/pci/devices/0000:00:00.0 control=auto autosuspend_delay_ms=2000 (battery-idle runtime PM (class=idle, allowlist-gated))
- runtime_pm /sys/bus/pci/devices/0000:00:1d.4 control=auto autosuspend_delay_ms=2000 (battery-idle runtime PM (class=idle, allowlist-gated))
- runtime_pm /sys/bus/pci/devices/0000:00:15.0 control=auto autosuspend_delay_ms=2000 (battery-idle runtime PM (class=idle, allowlist-gated))
- runtime_pm /sys/bus/pci/devices/0000:00:1d.0 control=auto autosuspend_delay_ms=2000 (battery-idle runtime PM (class=idle, allowlist-gated))
- runtime_pm /sys/bus/pci/devices/0000:00:1e.3 control=auto autosuspend_delay_ms=2000 (battery-idle runtime PM (class=idle, allowlist-gated))
- runtime_pm /sys/bus/pci/devices/0000:00:14.2 control=auto autosuspend_delay_ms=2000 (battery-idle runtime PM (class=idle, allowlist-gated))
- runtime_pm /sys/bus/pci/devices/0000:00:02.0 control=auto autosuspend_delay_ms=2000 (battery-idle runtime PM (class=idle, allowlist-gated))
- runtime_pm /sys/bus/pci/devices/0000:00:1e.1 control=auto autosuspend_delay_ms=2000 (battery-idle runtime PM (class=idle, allowlist-gated))
- runtime_pm /sys/bus/pci/devices/0000:00:14.0 control=auto autosuspend_delay_ms=2000 (battery-idle runtime PM (class=idle, allowlist-gated))
- runtime_pm /sys/bus/pci/devices/0000:00:1f.4 control=auto autosuspend_delay_ms=2000 (battery-idle runtime PM (class=idle, allowlist-gated))
- runtime_pm /sys/bus/pci/devices/0000:00:0a.0 control=auto autosuspend_delay_ms=2000 (battery-idle runtime PM (class=idle, allowlist-gated))
- runtime_pm /sys/bus/usb/devices/1-14 control=auto autosuspend_delay_ms=2000 (battery-idle runtime PM (class=idle, allowlist-gated))
- runtime_pm /sys/bus/usb/devices/usb1 control=auto autosuspend_delay_ms=2000 (battery-idle runtime PM (class=idle, allowlist-gated))
- runtime_pm /sys/bus/usb/devices/usb2 control=auto autosuspend_delay_ms=2000 (battery-idle runtime PM (class=idle, allowlist-gated))
- runtime_pm /sys/bus/usb/devices/1-6 control=auto autosuspend_delay_ms=2000 (battery-idle runtime PM (class=idle, allowlist-gated))
- pci_aspm /sys/bus/pci/devices/0000:01:00.0 l1_aspm=1 (battery-idle PCIe ASPM (class=idle, allowlist-gated))
- pci_aspm /sys/bus/pci/devices/0000:07:00.0 l1_aspm=1 (battery-idle PCIe ASPM (class=idle, allowlist-gated))
- sata_alpm /sys/class/scsi_host/host7 policy=med_power_with_dipm (battery-idle SATA ALPM (class=idle, allowlist-gated))
- sata_alpm /sys/class/scsi_host/host5 policy=med_power_with_dipm (battery-idle SATA ALPM (class=idle, allowlist-gated))
- sata_alpm /sys/class/scsi_host/host3 policy=med_power_with_dipm (battery-idle SATA ALPM (class=idle, allowlist-gated))
- sata_alpm /sys/class/scsi_host/host1 policy=med_power_with_dipm (battery-idle SATA ALPM (class=idle, allowlist-gated))
- sata_alpm /sys/class/scsi_host/host6 policy=med_power_with_dipm (battery-idle SATA ALPM (class=idle, allowlist-gated))
- sata_alpm /sys/class/scsi_host/host4 policy=med_power_with_dipm (battery-idle SATA ALPM (class=idle, allowlist-gated))
- sata_alpm /sys/class/scsi_host/host2 policy=med_power_with_dipm (battery-idle SATA ALPM (class=idle, allowlist-gated))
- sata_alpm /sys/class/scsi_host/host0 policy=med_power_with_dipm (battery-idle SATA ALPM (class=idle, allowlist-gated))
- backlight /sys/class/backlight/intel_backlight target=40% (battery-idle backlight floor (class=idle, allowlist-gated))
effective_config:
domains.cpu_epp=actuate
domains.platform_profile=actuate
domains.vm_sysctl=actuate
domains.cpu_dma_latency=actuate
domains.device_resume_latency=actuate
domains.runtime_pm=actuate
domains.pci_aspm=actuate
domains.sata_alpm=actuate
domains.backlight=actuate
domains.cgroup_reweight=actuate
correlation_id=optid-000000006a89e4e4-0000000000000030 circuit: S5D outcome was neither a verified success nor a counted failure
correlation_id=optid-000000006a89e4e4-0000000000000030 circuit: S5D verified success reset scoped pre-threshold failures
correlation_id=optid-000000006a89e4e4-0000000000000030 circuit: S5D outcome was neither a verified success nor a counted failure
correlation_id=optid-000000006a89e4e4-0000000000000030 circuit: S5D outcome was neither a verified success nor a counted failure
correlation_id=optid-000000006a89e4e4-0000000000000030 circuit: S5D outcome was neither a verified success nor a counted failure
correlation_id=optid-000000006a89e4e4-0000000000000030 circuit: S5D outcome was neither a verified success nor a counted failure
correlation_id=optid-000000006a89e4e4-0000000000000030 circuit: S5D outcome was neither a verified success nor a counted failure
correlation_id=optid-000000006a89e4e4-0000000000000030 circuit: S5D outcome was neither a verified success nor a counted failure
correlation_id=optid-000000006a89e4e4-0000000000000030 circuit: S5D outcome was neither a verified success nor a counted failure
correlation_id=optid-000000006a89e4e4-0000000000000030 circuit: S5D outcome was neither a verified success nor a counted failure
correlation_id=optid-000000006a89e4e4-0000000000000030 circuit: S5D outcome was neither a verified success nor a counted failure
correlation_id=optid-000000006a89e4e4-0000000000000030 circuit: S5D outcome was neither a verified success nor a counted failure
correlation_id=optid-000000006a89e4e4-0000000000000030 circuit: S5D outcome was neither a verified success nor a counted failure
correlation_id=optid-000000006a89e4e4-0000000000000030 circuit: S5D outcome was neither a verified success nor a counted failure
correlation_id=optid-000000006a89e4e4-0000000000000030 circuit: S5D outcome was neither a verified success nor a counted failure
correlation_id=optid-000000006a89e4e4-0000000000000030 circuit: S5D outcome was neither a verified success nor a counted failure
correlation_id=optid-000000006a89e4e4-0000000000000030 circuit: S5D outcome was neither a verified success nor a counted failure
correlation_id=optid-000000006a89e4e4-0000000000000030 circuit: S5D outcome was neither a verified success nor a counted failure
correlation_id=optid-000000006a89e4e4-0000000000000030 circuit: S5D outcome was neither a verified success nor a counted failure
correlation_id=optid-000000006a89e4e4-0000000000000030 circuit: S5D outcome was neither a verified success nor a counted failure
correlation_id=optid-000000006a89e4e4-0000000000000030 circuit: S5D outcome was neither a verified success nor a counted failure
correlation_id=optid-000000006a89e4e4-0000000000000030 circuit: S5D outcome was neither a verified success nor a counted failure
correlation_id=optid-000000006a89e4e4-0000000000000030 circuit: S5D outcome was neither a verified success nor a counted failure
correlation_id=optid-000000006a89e4e4-0000000000000030 circuit: S5D outcome was neither a verified success nor a counted failure
correlation_id=optid-000000006a89e4e4-0000000000000030 circuit: S5D outcome was neither a verified success nor a counted failure
correlation_id=optid-000000006a89e4e4-0000000000000030 circuit: S5D outcome was neither a verified success nor a counted failure
correlation_id=optid-000000006a89e4e4-0000000000000030 circuit: S5D outcome was neither a verified success nor a counted failure
correlation_id=optid-000000006a89e4e4-0000000000000030 reconciler: shadow_parity=true legacy_restore_intents=0 v1_restore_intents=0 intentional_v1_only=0
correlation_id=optid-000000006a89e4e4-0000000000000030
restore_outcomes=none
circuit_state=global_open=false open_domains=cgroup_reweight,cpu_dma_latency,platform_profile,runtime_pm records=20
timestamp=1787422036
mode=battery
on_ac=Some(false)
battery_pct=Some(93)
thermal_c=Some(35.0)
thermal_state=Cool
thermal_derating_ratio=0.00
thermal_die_sensor=hwmon:coretemp.0:coretemp:Package id 0
thermal_die_temp_c=35.0
thermal_skin_sensor=none
thermal_skin_temp_c=none
thermal_max_fan_rpm=2700
thermal_reasons:
- selected die signal hwmon:coretemp.0:coretemp:Package id 0 (package) at 35.0°C
- clamped thermal_hi to 90.0°C based on hardware T_crit 100.0°C - 10°C
- effective thresholds: lo=60.0°C hi=90.0°C
- die temp 35.0°C <= lo threshold 60.0°C; state = cool (sensor=hwmon:coretemp.0:coretemp:Package id 0)
thermal_sensor_count=31
fan_sensor_count=2
loadavg_1=Some(0.83)
cpu_pressure=avg10=0.00 avg60=0.00 avg300=0.00 total=129137455
memory_pressure=avg10=0.00 avg60=0.00 avg300=0.00 total=1028755
io_pressure=avg10=0.57 avg60=0.39 avg300=0.17 total=34286341
workload_class=idle
workload_reason=pinned override (global)
cpu_wakeup_latency=100000
device_resume_latency=1000000
reasons:
- system is on battery
actions:
- cpu.epp=power (prefer battery life through CPU energy preference)
- platform.profile=low-power (request low-power platform profile)
- systemd.set-property background.slice CPUWeight=25 IOWeight=25 (deprioritize background services on battery)
- vm.sysctl /proc/sys/vm/swappiness=60 (adjust swappiness for current mode)
- vm.sysctl /proc/sys/vm/dirty_background_bytes=67108864 (adjust dirty background bytes for current mode)
- vm.sysctl /proc/sys/vm/dirty_bytes=134217728 (adjust dirty bytes for current mode)
- cpu_dma_latency=100000 (class=idle, floor=100000us, row=contracts.idle)
- runtime_pm /sys/bus/pci/devices/0000:00:17.0 control=auto autosuspend_delay_ms=2000 (battery-idle runtime PM (class=idle, allowlist-gated))
- runtime_pm /sys/bus/pci/devices/0000:00:08.0 control=auto autosuspend_delay_ms=2000 (battery-idle runtime PM (class=idle, allowlist-gated))
- runtime_pm /sys/bus/pci/devices/0000:00:1f.0 control=auto autosuspend_delay_ms=2000 (battery-idle runtime PM (class=idle, allowlist-gated))
- runtime_pm /sys/bus/pci/devices/0000:00:04.0 control=auto autosuspend_delay_ms=2000 (battery-idle runtime PM (class=idle, allowlist-gated))
- runtime_pm /sys/bus/pci/devices/0000:00:14.3 control=auto autosuspend_delay_ms=2000 (battery-idle runtime PM (class=idle, allowlist-gated))
- runtime_pm /sys/bus/pci/devices/0000:00:16.0 control=auto autosuspend_delay_ms=2000 (battery-idle runtime PM (class=idle, allowlist-gated))
- runtime_pm /sys/bus/pci/devices/0000:01:00.0 control=auto autosuspend_delay_ms=2000 (battery-idle runtime PM (class=idle, allowlist-gated))
- runtime_pm /sys/bus/pci/devices/0000:00:1b.0 control=auto autosuspend_delay_ms=2000 (battery-idle runtime PM (class=idle, allowlist-gated))
- runtime_pm /sys/bus/pci/devices/0000:00:1f.5 control=auto autosuspend_delay_ms=2000 (battery-idle runtime PM (class=idle, allowlist-gated))
- runtime_pm /sys/bus/pci/devices/0000:07:00.0 control=auto autosuspend_delay_ms=2000 (battery-idle runtime PM (class=idle, allowlist-gated))
- runtime_pm /sys/bus/pci/devices/0000:00:1e.0 control=auto autosuspend_delay_ms=2000 (battery-idle runtime PM (class=idle, allowlist-gated))
- runtime_pm /sys/bus/pci/devices/0000:00:1f.3 control=auto autosuspend_delay_ms=2000 (battery-idle runtime PM (class=idle, allowlist-gated))
- runtime_pm /sys/bus/pci/devices/0000:00:00.0 control=auto autosuspend_delay_ms=2000 (battery-idle runtime PM (class=idle, allowlist-gated))
- runtime_pm /sys/bus/pci/devices/0000:00:1d.4 control=auto autosuspend_delay_ms=2000 (battery-idle runtime PM (class=idle, allowlist-gated))
- runtime_pm /sys/bus/pci/devices/0000:00:15.0 control=auto autosuspend_delay_ms=2000 (battery-idle runtime PM (class=idle, allowlist-gated))
- runtime_pm /sys/bus/pci/devices/0000:00:1d.0 control=auto autosuspend_delay_ms=2000 (battery-idle runtime PM (class=idle, allowlist-gated))
- runtime_pm /sys/bus/pci/devices/0000:00:1e.3 control=auto autosuspend_delay_ms=2000 (battery-idle runtime PM (class=idle, allowlist-gated))
- runtime_pm /sys/bus/pci/devices/0000:00:14.2 control=auto autosuspend_delay_ms=2000 (battery-idle runtime PM (class=idle, allowlist-gated))
- runtime_pm /sys/bus/pci/devices/0000:00:02.0 control=auto autosuspend_delay_ms=2000 (battery-idle runtime PM (class=idle, allowlist-gated))
- runtime_pm /sys/bus/pci/devices/0000:00:1e.1 control=auto autosuspend_delay_ms=2000 (battery-idle runtime PM (class=idle, allowlist-gated))
- runtime_pm /sys/bus/pci/devices/0000:00:14.0 control=auto autosuspend_delay_ms=2000 (battery-idle runtime PM (class=idle, allowlist-gated))
- runtime_pm /sys/bus/pci/devices/0000:00:1f.4 control=auto autosuspend_delay_ms=2000 (battery-idle runtime PM (class=idle, allowlist-gated))
- runtime_pm /sys/bus/pci/devices/0000:00:0a.0 control=auto autosuspend_delay_ms=2000 (battery-idle runtime PM (class=idle, allowlist-gated))
- runtime_pm /sys/bus/usb/devices/1-14 control=auto autosuspend_delay_ms=2000 (battery-idle runtime PM (class=idle, allowlist-gated))
- runtime_pm /sys/bus/usb/devices/usb1 control=auto autosuspend_delay_ms=2000 (battery-idle runtime PM (class=idle, allowlist-gated))
- runtime_pm /sys/bus/usb/devices/usb2 control=auto autosuspend_delay_ms=2000 (battery-idle runtime PM (class=idle, allowlist-gated))
- runtime_pm /sys/bus/usb/devices/1-6 control=auto autosuspend_delay_ms=2000 (battery-idle runtime PM (class=idle, allowlist-gated))
- pci_aspm /sys/bus/pci/devices/0000:01:00.0 l1_aspm=1 (battery-idle PCIe ASPM (class=idle, allowlist-gated))
- pci_aspm /sys/bus/pci/devices/0000:07:00.0 l1_aspm=1 (battery-idle PCIe ASPM (class=idle, allowlist-gated))
- sata_alpm /sys/class/scsi_host/host7 policy=med_power_with_dipm (battery-idle SATA ALPM (class=idle, allowlist-gated))
- sata_alpm /sys/class/scsi_host/host5 policy=med_power_with_dipm (battery-idle SATA ALPM (class=idle, allowlist-gated))
- sata_alpm /sys/class/scsi_host/host3 policy=med_power_with_dipm (battery-idle SATA ALPM (class=idle, allowlist-gated))
- sata_alpm /sys/class/scsi_host/host1 policy=med_power_with_dipm (battery-idle SATA ALPM (class=idle, allowlist-gated))
- sata_alpm /sys/class/scsi_host/host6 policy=med_power_with_dipm (battery-idle SATA ALPM (class=idle, allowlist-gated))
- sata_alpm /sys/class/scsi_host/host4 policy=med_power_with_dipm (battery-idle SATA ALPM (class=idle, allowlist-gated))
- sata_alpm /sys/class/scsi_host/host2 policy=med_power_with_dipm (battery-idle SATA ALPM (class=idle, allowlist-gated))
- sata_alpm /sys/class/scsi_host/host0 policy=med_power_with_dipm (battery-idle SATA ALPM (class=idle, allowlist-gated))
- backlight /sys/class/backlight/intel_backlight target=40% (battery-idle backlight floor (class=idle, allowlist-gated))
effective_config:
domains.cpu_epp=actuate
domains.platform_profile=actuate
domains.vm_sysctl=actuate
domains.cpu_dma_latency=actuate
domains.device_resume_latency=actuate
domains.runtime_pm=actuate
domains.pci_aspm=actuate
domains.sata_alpm=actuate
domains.backlight=actuate
domains.cgroup_reweight=actuate
correlation_id=optid-000000006a89e4e4-0000000000000031 circuit: S5D outcome was neither a verified success nor a counted failure
correlation_id=optid-000000006a89e4e4-0000000000000031 circuit: S5D verified success reset scoped pre-threshold failures
correlation_id=optid-000000006a89e4e4-0000000000000031 circuit: S5D outcome was neither a verified success nor a counted failure
correlation_id=optid-000000006a89e4e4-0000000000000031 circuit: S5D outcome was neither a verified success nor a counted failure
correlation_id=optid-000000006a89e4e4-0000000000000031 circuit: S5D outcome was neither a verified success nor a counted failure
correlation_id=optid-000000006a89e4e4-0000000000000031 circuit: S5D outcome was neither a verified success nor a counted failure
correlation_id=optid-000000006a89e4e4-0000000000000031 circuit: S5D outcome was neither a verified success nor a counted failure
correlation_id=optid-000000006a89e4e4-0000000000000031 circuit: S5D outcome was neither a verified success nor a counted failure
correlation_id=optid-000000006a89e4e4-0000000000000031 circuit: S5D outcome was neither a verified success nor a counted failure
correlation_id=optid-000000006a89e4e4-0000000000000031 circuit: S5D outcome was neither a verified success nor a counted failure
correlation_id=optid-000000006a89e4e4-0000000000000031 circuit: S5D outcome was neither a verified success nor a counted failure
correlation_id=optid-000000006a89e4e4-0000000000000031 circuit: S5D outcome was neither a verified success nor a counted failure
correlation_id=optid-000000006a89e4e4-0000000000000031 circuit: S5D outcome was neither a verified success nor a counted failure
correlation_id=optid-000000006a89e4e4-0000000000000031 circuit: S5D outcome was neither a verified success nor a counted failure
correlation_id=optid-000000006a89e4e4-0000000000000031 circuit: S5D outcome was neither a verified success nor a counted failure
correlation_id=optid-000000006a89e4e4-0000000000000031 circuit: S5D outcome was neither a verified success nor a counted failure
correlation_id=optid-000000006a89e4e4-0000000000000031 circuit: S5D outcome was neither a verified success nor a counted failure
correlation_id=optid-000000006a89e4e4-0000000000000031 circuit: S5D outcome was neither a verified success nor a counted failure
correlation_id=optid-000000006a89e4e4-0000000000000031 circuit: S5D outcome was neither a verified success nor a counted failure
correlation_id=optid-000000006a89e4e4-0000000000000031 circuit: S5D outcome was neither a verified success nor a counted failure
correlation_id=optid-000000006a89e4e4-0000000000000031 circuit: S5D outcome was neither a verified success nor a counted failure
correlation_id=optid-000000006a89e4e4-0000000000000031 circuit: S5D outcome was neither a verified success nor a counted failure
correlation_id=optid-000000006a89e4e4-0000000000000031 circuit: S5D outcome was neither a verified success nor a counted failure
correlation_id=optid-000000006a89e4e4-0000000000000031 circuit: S5D outcome was neither a verified success nor a counted failure
correlation_id=optid-000000006a89e4e4-0000000000000031 circuit: S5D outcome was neither a verified success nor a counted failure
correlation_id=optid-000000006a89e4e4-0000000000000031 circuit: S5D outcome was neither a verified success nor a counted failure
correlation_id=optid-000000006a89e4e4-0000000000000031 circuit: S5D outcome was neither a verified success nor a counted failure
correlation_id=optid-000000006a89e4e4-0000000000000031 reconciler: shadow_parity=true legacy_restore_intents=0 v1_restore_intents=0 intentional_v1_only=0
correlation_id=optid-000000006a89e4e4-0000000000000031
restore_outcomes=none
circuit_state=global_open=false open_domains=cgroup_reweight,cpu_dma_latency,platform_profile,runtime_pm records=20
timestamp=1787422038
mode=battery
on_ac=Some(false)
battery_pct=Some(92)
thermal_c=Some(36.0)
thermal_state=Cool
thermal_derating_ratio=0.00
thermal_die_sensor=hwmon:coretemp.0:coretemp:Package id 0
thermal_die_temp_c=36.0
thermal_skin_sensor=none
thermal_skin_temp_c=none
thermal_max_fan_rpm=2700
thermal_reasons:
- selected die signal hwmon:coretemp.0:coretemp:Package id 0 (package) at 36.0°C
- that value is a collapse maximum: hwmon:coretemp.0:coretemp:Package id 0 read 35.0°C itself and was raised to 36.0°C              by acpi:x86_pkg_temp
- clamped thermal_hi to 90.0°C based on hardware T_crit 100.0°C - 10°C
- effective thresholds: lo=60.0°C hi=90.0°C
- die temp 36.0°C <= lo threshold 60.0°C; state = cool (sensor=hwmon:coretemp.0:coretemp:Package id 0)
thermal_sensor_count=31
fan_sensor_count=2
loadavg_1=Some(0.84)
cpu_pressure=avg10=0.00 avg60=0.00 avg300=0.00 total=129143308
memory_pressure=avg10=0.00 avg60=0.00 avg300=0.00 total=1028755
io_pressure=avg10=0.47 avg60=0.38 avg300=0.17 total=34299242
workload_class=idle
workload_reason=pinned override (global)
cpu_wakeup_latency=100000
device_resume_latency=1000000
reasons:
- system is on battery
actions:
- cpu.epp=power (prefer battery life through CPU energy preference)
- platform.profile=low-power (request low-power platform profile)
- systemd.set-property background.slice CPUWeight=25 IOWeight=25 (deprioritize background services on battery)
- vm.sysctl /proc/sys/vm/swappiness=60 (adjust swappiness for current mode)
- vm.sysctl /proc/sys/vm/dirty_background_bytes=67108864 (adjust dirty background bytes for current mode)
- vm.sysctl /proc/sys/vm/dirty_bytes=134217728 (adjust dirty bytes for current mode)
- cpu_dma_latency=100000 (class=idle, floor=100000us, row=contracts.idle)
- runtime_pm /sys/bus/pci/devices/0000:00:17.0 control=auto autosuspend_delay_ms=2000 (battery-idle runtime PM (class=idle, allowlist-gated))
- runtime_pm /sys/bus/pci/devices/0000:00:08.0 control=auto autosuspend_delay_ms=2000 (battery-idle runtime PM (class=idle, allowlist-gated))
- runtime_pm /sys/bus/pci/devices/0000:00:1f.0 control=auto autosuspend_delay_ms=2000 (battery-idle runtime PM (class=idle, allowlist-gated))
- runtime_pm /sys/bus/pci/devices/0000:00:04.0 control=auto autosuspend_delay_ms=2000 (battery-idle runtime PM (class=idle, allowlist-gated))
- runtime_pm /sys/bus/pci/devices/0000:00:14.3 control=auto autosuspend_delay_ms=2000 (battery-idle runtime PM (class=idle, allowlist-gated))
- runtime_pm /sys/bus/pci/devices/0000:00:16.0 control=auto autosuspend_delay_ms=2000 (battery-idle runtime PM (class=idle, allowlist-gated))
- runtime_pm /sys/bus/pci/devices/0000:01:00.0 control=auto autosuspend_delay_ms=2000 (battery-idle runtime PM (class=idle, allowlist-gated))
- runtime_pm /sys/bus/pci/devices/0000:00:1b.0 control=auto autosuspend_delay_ms=2000 (battery-idle runtime PM (class=idle, allowlist-gated))
- runtime_pm /sys/bus/pci/devices/0000:00:1f.5 control=auto autosuspend_delay_ms=2000 (battery-idle runtime PM (class=idle, allowlist-gated))
- runtime_pm /sys/bus/pci/devices/0000:07:00.0 control=auto autosuspend_delay_ms=2000 (battery-idle runtime PM (class=idle, allowlist-gated))
- runtime_pm /sys/bus/pci/devices/0000:00:1e.0 control=auto autosuspend_delay_ms=2000 (battery-idle runtime PM (class=idle, allowlist-gated))
- runtime_pm /sys/bus/pci/devices/0000:00:1f.3 control=auto autosuspend_delay_ms=2000 (battery-idle runtime PM (class=idle, allowlist-gated))
- runtime_pm /sys/bus/pci/devices/0000:00:00.0 control=auto autosuspend_delay_ms=2000 (battery-idle runtime PM (class=idle, allowlist-gated))
- runtime_pm /sys/bus/pci/devices/0000:00:1d.4 control=auto autosuspend_delay_ms=2000 (battery-idle runtime PM (class=idle, allowlist-gated))
- runtime_pm /sys/bus/pci/devices/0000:00:15.0 control=auto autosuspend_delay_ms=2000 (battery-idle runtime PM (class=idle, allowlist-gated))
- runtime_pm /sys/bus/pci/devices/0000:00:1d.0 control=auto autosuspend_delay_ms=2000 (battery-idle runtime PM (class=idle, allowlist-gated))
- runtime_pm /sys/bus/pci/devices/0000:00:1e.3 control=auto autosuspend_delay_ms=2000 (battery-idle runtime PM (class=idle, allowlist-gated))
- runtime_pm /sys/bus/pci/devices/0000:00:14.2 control=auto autosuspend_delay_ms=2000 (battery-idle runtime PM (class=idle, allowlist-gated))
- runtime_pm /sys/bus/pci/devices/0000:00:02.0 control=auto autosuspend_delay_ms=2000 (battery-idle runtime PM (class=idle, allowlist-gated))
- runtime_pm /sys/bus/pci/devices/0000:00:1e.1 control=auto autosuspend_delay_ms=2000 (battery-idle runtime PM (class=idle, allowlist-gated))
- runtime_pm /sys/bus/pci/devices/0000:00:14.0 control=auto autosuspend_delay_ms=2000 (battery-idle runtime PM (class=idle, allowlist-gated))
- runtime_pm /sys/bus/pci/devices/0000:00:1f.4 control=auto autosuspend_delay_ms=2000 (battery-idle runtime PM (class=idle, allowlist-gated))
- runtime_pm /sys/bus/pci/devices/0000:00:0a.0 control=auto autosuspend_delay_ms=2000 (battery-idle runtime PM (class=idle, allowlist-gated))
- runtime_pm /sys/bus/usb/devices/1-14 control=auto autosuspend_delay_ms=2000 (battery-idle runtime PM (class=idle, allowlist-gated))
- runtime_pm /sys/bus/usb/devices/usb1 control=auto autosuspend_delay_ms=2000 (battery-idle runtime PM (class=idle, allowlist-gated))
- runtime_pm /sys/bus/usb/devices/usb2 control=auto autosuspend_delay_ms=2000 (battery-idle runtime PM (class=idle, allowlist-gated))
- runtime_pm /sys/bus/usb/devices/1-6 control=auto autosuspend_delay_ms=2000 (battery-idle runtime PM (class=idle, allowlist-gated))
- pci_aspm /sys/bus/pci/devices/0000:01:00.0 l1_aspm=1 (battery-idle PCIe ASPM (class=idle, allowlist-gated))
- pci_aspm /sys/bus/pci/devices/0000:07:00.0 l1_aspm=1 (battery-idle PCIe ASPM (class=idle, allowlist-gated))
- sata_alpm /sys/class/scsi_host/host7 policy=med_power_with_dipm (battery-idle SATA ALPM (class=idle, allowlist-gated))
- sata_alpm /sys/class/scsi_host/host5 policy=med_power_with_dipm (battery-idle SATA ALPM (class=idle, allowlist-gated))
- sata_alpm /sys/class/scsi_host/host3 policy=med_power_with_dipm (battery-idle SATA ALPM (class=idle, allowlist-gated))
- sata_alpm /sys/class/scsi_host/host1 policy=med_power_with_dipm (battery-idle SATA ALPM (class=idle, allowlist-gated))
- sata_alpm /sys/class/scsi_host/host6 policy=med_power_with_dipm (battery-idle SATA ALPM (class=idle, allowlist-gated))
- sata_alpm /sys/class/scsi_host/host4 policy=med_power_with_dipm (battery-idle SATA ALPM (class=idle, allowlist-gated))
- sata_alpm /sys/class/scsi_host/host2 policy=med_power_with_dipm (battery-idle SATA ALPM (class=idle, allowlist-gated))
- sata_alpm /sys/class/scsi_host/host0 policy=med_power_with_dipm (battery-idle SATA ALPM (class=idle, allowlist-gated))
- backlight /sys/class/backlight/intel_backlight target=40% (battery-idle backlight floor (class=idle, allowlist-gated))
effective_config:
domains.cpu_epp=actuate
domains.platform_profile=actuate
domains.vm_sysctl=actuate
domains.cpu_dma_latency=actuate
domains.device_resume_latency=actuate
domains.runtime_pm=actuate
domains.pci_aspm=actuate
domains.sata_alpm=actuate
domains.backlight=actuate
domains.cgroup_reweight=actuate
correlation_id=optid-000000006a89e4e4-0000000000000032 circuit: S5D outcome was neither a verified success nor a counted failure
correlation_id=optid-000000006a89e4e4-0000000000000032 circuit: S5D verified success reset scoped pre-threshold failures
correlation_id=optid-000000006a89e4e4-0000000000000032 circuit: S5D outcome was neither a verified success nor a counted failure
correlation_id=optid-000000006a89e4e4-0000000000000032 circuit: S5D outcome was neither a verified success nor a counted failure
correlation_id=optid-000000006a89e4e4-0000000000000032 circuit: S5D outcome was neither a verified success nor a counted failure
correlation_id=optid-000000006a89e4e4-0000000000000032 circuit: S5D outcome was neither a verified success nor a counted failure
correlation_id=optid-000000006a89e4e4-0000000000000032 circuit: S5D outcome was neither a verified success nor a counted failure
correlation_id=optid-000000006a89e4e4-0000000000000032 circuit: S5D outcome was neither a verified success nor a counted failure
correlation_id=optid-000000006a89e4e4-0000000000000032 circuit: S5D outcome was neither a verified success nor a counted failure
correlation_id=optid-000000006a89e4e4-0000000000000032 circuit: S5D outcome was neither a verified success nor a counted failure
correlation_id=optid-000000006a89e4e4-0000000000000032 circuit: S5D outcome was neither a verified success nor a counted failure
correlation_id=optid-000000006a89e4e4-0000000000000032 circuit: S5D outcome was neither a verified success nor a counted failure
correlation_id=optid-000000006a89e4e4-0000000000000032 circuit: S5D outcome was neither a verified success nor a counted failure
correlation_id=optid-000000006a89e4e4-0000000000000032 circuit: S5D outcome was neither a verified success nor a counted failure
correlation_id=optid-000000006a89e4e4-0000000000000032 circuit: S5D outcome was neither a verified success nor a counted failure
correlation_id=optid-000000006a89e4e4-0000000000000032 circuit: S5D outcome was neither a verified success nor a counted failure
correlation_id=optid-000000006a89e4e4-0000000000000032 circuit: S5D outcome was neither a verified success nor a counted failure
correlation_id=optid-000000006a89e4e4-0000000000000032 circuit: S5D outcome was neither a verified success nor a counted failure
correlation_id=optid-000000006a89e4e4-0000000000000032 circuit: S5D outcome was neither a verified success nor a counted failure
correlation_id=optid-000000006a89e4e4-0000000000000032 circuit: S5D outcome was neither a verified success nor a counted failure
correlation_id=optid-000000006a89e4e4-0000000000000032 circuit: S5D outcome was neither a verified success nor a counted failure
correlation_id=optid-000000006a89e4e4-0000000000000032 circuit: S5D outcome was neither a verified success nor a counted failure
correlation_id=optid-000000006a89e4e4-0000000000000032 circuit: S5D outcome was neither a verified success nor a counted failure
correlation_id=optid-000000006a89e4e4-0000000000000032 circuit: S5D outcome was neither a verified success nor a counted failure
correlation_id=optid-000000006a89e4e4-0000000000000032 circuit: S5D outcome was neither a verified success nor a counted failure
correlation_id=optid-000000006a89e4e4-0000000000000032 circuit: S5D outcome was neither a verified success nor a counted failure
correlation_id=optid-000000006a89e4e4-0000000000000032 circuit: S5D outcome was neither a verified success nor a counted failure
correlation_id=optid-000000006a89e4e4-0000000000000032 reconciler: shadow_parity=true legacy_restore_intents=0 v1_restore_intents=0 intentional_v1_only=0
correlation_id=optid-000000006a89e4e4-0000000000000032
restore_outcomes=none
circuit_state=global_open=false open_domains=cgroup_reweight,cpu_dma_latency,platform_profile,runtime_pm records=20
timestamp=1787422041
mode=battery
on_ac=Some(false)
battery_pct=Some(92)
thermal_c=Some(37.0)
thermal_state=Cool
thermal_derating_ratio=0.00
thermal_die_sensor=hwmon:coretemp.0:coretemp:Package id 0
thermal_die_temp_c=37.0
thermal_skin_sensor=none
thermal_skin_temp_c=none
thermal_max_fan_rpm=2700
thermal_reasons:
- selected die signal hwmon:coretemp.0:coretemp:Package id 0 (package) at 37.0°C
- clamped thermal_hi to 90.0°C based on hardware T_crit 100.0°C - 10°C
- effective thresholds: lo=60.0°C hi=90.0°C
- die temp 37.0°C <= lo threshold 60.0°C; state = cool (sensor=hwmon:coretemp.0:coretemp:Package id 0)
thermal_sensor_count=31
fan_sensor_count=2
loadavg_1=Some(0.84)
cpu_pressure=avg10=0.00 avg60=0.00 avg300=0.00 total=129148907
memory_pressure=avg10=0.00 avg60=0.00 avg300=0.00 total=1028755
io_pressure=avg10=0.38 avg60=0.37 avg300=0.17 total=34314313
workload_class=idle
workload_reason=pinned override (global)
cpu_wakeup_latency=100000
device_resume_latency=1000000
reasons:
- system is on battery
actions:
- cpu.epp=power (prefer battery life through CPU energy preference)
- platform.profile=low-power (request low-power platform profile)
- systemd.set-property background.slice CPUWeight=25 IOWeight=25 (deprioritize background services on battery)
- vm.sysctl /proc/sys/vm/swappiness=60 (adjust swappiness for current mode)
- vm.sysctl /proc/sys/vm/dirty_background_bytes=67108864 (adjust dirty background bytes for current mode)
- vm.sysctl /proc/sys/vm/dirty_bytes=134217728 (adjust dirty bytes for current mode)
- cpu_dma_latency=100000 (class=idle, floor=100000us, row=contracts.idle)
- runtime_pm /sys/bus/pci/devices/0000:00:17.0 control=auto autosuspend_delay_ms=2000 (battery-idle runtime PM (class=idle, allowlist-gated))
- runtime_pm /sys/bus/pci/devices/0000:00:08.0 control=auto autosuspend_delay_ms=2000 (battery-idle runtime PM (class=idle, allowlist-gated))
- runtime_pm /sys/bus/pci/devices/0000:00:1f.0 control=auto autosuspend_delay_ms=2000 (battery-idle runtime PM (class=idle, allowlist-gated))
- runtime_pm /sys/bus/pci/devices/0000:00:04.0 control=auto autosuspend_delay_ms=2000 (battery-idle runtime PM (class=idle, allowlist-gated))
- runtime_pm /sys/bus/pci/devices/0000:00:14.3 control=auto autosuspend_delay_ms=2000 (battery-idle runtime PM (class=idle, allowlist-gated))
- runtime_pm /sys/bus/pci/devices/0000:00:16.0 control=auto autosuspend_delay_ms=2000 (battery-idle runtime PM (class=idle, allowlist-gated))
- runtime_pm /sys/bus/pci/devices/0000:01:00.0 control=auto autosuspend_delay_ms=2000 (battery-idle runtime PM (class=idle, allowlist-gated))
- runtime_pm /sys/bus/pci/devices/0000:00:1b.0 control=auto autosuspend_delay_ms=2000 (battery-idle runtime PM (class=idle, allowlist-gated))
- runtime_pm /sys/bus/pci/devices/0000:00:1f.5 control=auto autosuspend_delay_ms=2000 (battery-idle runtime PM (class=idle, allowlist-gated))
- runtime_pm /sys/bus/pci/devices/0000:07:00.0 control=auto autosuspend_delay_ms=2000 (battery-idle runtime PM (class=idle, allowlist-gated))
- runtime_pm /sys/bus/pci/devices/0000:00:1e.0 control=auto autosuspend_delay_ms=2000 (battery-idle runtime PM (class=idle, allowlist-gated))
- runtime_pm /sys/bus/pci/devices/0000:00:1f.3 control=auto autosuspend_delay_ms=2000 (battery-idle runtime PM (class=idle, allowlist-gated))
- runtime_pm /sys/bus/pci/devices/0000:00:00.0 control=auto autosuspend_delay_ms=2000 (battery-idle runtime PM (class=idle, allowlist-gated))
- runtime_pm /sys/bus/pci/devices/0000:00:1d.4 control=auto autosuspend_delay_ms=2000 (battery-idle runtime PM (class=idle, allowlist-gated))
- runtime_pm /sys/bus/pci/devices/0000:00:15.0 control=auto autosuspend_delay_ms=2000 (battery-idle runtime PM (class=idle, allowlist-gated))
- runtime_pm /sys/bus/pci/devices/0000:00:1d.0 control=auto autosuspend_delay_ms=2000 (battery-idle runtime PM (class=idle, allowlist-gated))
- runtime_pm /sys/bus/pci/devices/0000:00:1e.3 control=auto autosuspend_delay_ms=2000 (battery-idle runtime PM (class=idle, allowlist-gated))
- runtime_pm /sys/bus/pci/devices/0000:00:14.2 control=auto autosuspend_delay_ms=2000 (battery-idle runtime PM (class=idle, allowlist-gated))
- runtime_pm /sys/bus/pci/devices/0000:00:02.0 control=auto autosuspend_delay_ms=2000 (battery-idle runtime PM (class=idle, allowlist-gated))
- runtime_pm /sys/bus/pci/devices/0000:00:1e.1 control=auto autosuspend_delay_ms=2000 (battery-idle runtime PM (class=idle, allowlist-gated))
- runtime_pm /sys/bus/pci/devices/0000:00:14.0 control=auto autosuspend_delay_ms=2000 (battery-idle runtime PM (class=idle, allowlist-gated))
- runtime_pm /sys/bus/pci/devices/0000:00:1f.4 control=auto autosuspend_delay_ms=2000 (battery-idle runtime PM (class=idle, allowlist-gated))
- runtime_pm /sys/bus/pci/devices/0000:00:0a.0 control=auto autosuspend_delay_ms=2000 (battery-idle runtime PM (class=idle, allowlist-gated))
- runtime_pm /sys/bus/usb/devices/1-14 control=auto autosuspend_delay_ms=2000 (battery-idle runtime PM (class=idle, allowlist-gated))
- runtime_pm /sys/bus/usb/devices/usb1 control=auto autosuspend_delay_ms=2000 (battery-idle runtime PM (class=idle, allowlist-gated))
- runtime_pm /sys/bus/usb/devices/usb2 control=auto autosuspend_delay_ms=2000 (battery-idle runtime PM (class=idle, allowlist-gated))
- runtime_pm /sys/bus/usb/devices/1-6 control=auto autosuspend_delay_ms=2000 (battery-idle runtime PM (class=idle, allowlist-gated))
- pci_aspm /sys/bus/pci/devices/0000:01:00.0 l1_aspm=1 (battery-idle PCIe ASPM (class=idle, allowlist-gated))
- pci_aspm /sys/bus/pci/devices/0000:07:00.0 l1_aspm=1 (battery-idle PCIe ASPM (class=idle, allowlist-gated))
- sata_alpm /sys/class/scsi_host/host7 policy=med_power_with_dipm (battery-idle SATA ALPM (class=idle, allowlist-gated))
- sata_alpm /sys/class/scsi_host/host5 policy=med_power_with_dipm (battery-idle SATA ALPM (class=idle, allowlist-gated))
- sata_alpm /sys/class/scsi_host/host3 policy=med_power_with_dipm (battery-idle SATA ALPM (class=idle, allowlist-gated))
- sata_alpm /sys/class/scsi_host/host1 policy=med_power_with_dipm (battery-idle SATA ALPM (class=idle, allowlist-gated))
- sata_alpm /sys/class/scsi_host/host6 policy=med_power_with_dipm (battery-idle SATA ALPM (class=idle, allowlist-gated))
- sata_alpm /sys/class/scsi_host/host4 policy=med_power_with_dipm (battery-idle SATA ALPM (class=idle, allowlist-gated))
- sata_alpm /sys/class/scsi_host/host2 policy=med_power_with_dipm (battery-idle SATA ALPM (class=idle, allowlist-gated))
- sata_alpm /sys/class/scsi_host/host0 policy=med_power_with_dipm (battery-idle SATA ALPM (class=idle, allowlist-gated))
- backlight /sys/class/backlight/intel_backlight target=40% (battery-idle backlight floor (class=idle, allowlist-gated))
effective_config:
domains.cpu_epp=actuate
domains.platform_profile=actuate
domains.vm_sysctl=actuate
domains.cpu_dma_latency=actuate
domains.device_resume_latency=actuate
domains.runtime_pm=actuate
domains.pci_aspm=actuate
domains.sata_alpm=actuate
domains.backlight=actuate
domains.cgroup_reweight=actuate
correlation_id=optid-000000006a89e4e4-0000000000000033 circuit: S5D outcome was neither a verified success nor a counted failure
correlation_id=optid-000000006a89e4e4-0000000000000033 circuit: S5D verified success reset scoped pre-threshold failures
correlation_id=optid-000000006a89e4e4-0000000000000033 circuit: S5D outcome was neither a verified success nor a counted failure
correlation_id=optid-000000006a89e4e4-0000000000000033 circuit: S5D outcome was neither a verified success nor a counted failure
correlation_id=optid-000000006a89e4e4-0000000000000033 circuit: S5D outcome was neither a verified success nor a counted failure
correlation_id=optid-000000006a89e4e4-0000000000000033 circuit: S5D outcome was neither a verified success nor a counted failure
correlation_id=optid-000000006a89e4e4-0000000000000033 circuit: S5D outcome was neither a verified success nor a counted failure
correlation_id=optid-000000006a89e4e4-0000000000000033 circuit: S5D outcome was neither a verified success nor a counted failure
correlation_id=optid-000000006a89e4e4-0000000000000033 circuit: S5D outcome was neither a verified success nor a counted failure
correlation_id=optid-000000006a89e4e4-0000000000000033 circuit: S5D outcome was neither a verified success nor a counted failure
correlation_id=optid-000000006a89e4e4-0000000000000033 circuit: S5D outcome was neither a verified success nor a counted failure
correlation_id=optid-000000006a89e4e4-0000000000000033 circuit: S5D outcome was neither a verified success nor a counted failure
correlation_id=optid-000000006a89e4e4-0000000000000033 circuit: S5D outcome was neither a verified success nor a counted failure
correlation_id=optid-000000006a89e4e4-0000000000000033 circuit: S5D outcome was neither a verified success nor a counted failure
correlation_id=optid-000000006a89e4e4-0000000000000033 circuit: S5D outcome was neither a verified success nor a counted failure
correlation_id=optid-000000006a89e4e4-0000000000000033 circuit: S5D outcome was neither a verified success nor a counted failure
correlation_id=optid-000000006a89e4e4-0000000000000033 circuit: S5D outcome was neither a verified success nor a counted failure
correlation_id=optid-000000006a89e4e4-0000000000000033 circuit: S5D outcome was neither a verified success nor a counted failure
correlation_id=optid-000000006a89e4e4-0000000000000033 circuit: S5D outcome was neither a verified success nor a counted failure
correlation_id=optid-000000006a89e4e4-0000000000000033 circuit: S5D outcome was neither a verified success nor a counted failure
correlation_id=optid-000000006a89e4e4-0000000000000033 circuit: S5D outcome was neither a verified success nor a counted failure
correlation_id=optid-000000006a89e4e4-0000000000000033 circuit: S5D outcome was neither a verified success nor a counted failure
correlation_id=optid-000000006a89e4e4-0000000000000033 circuit: S5D outcome was neither a verified success nor a counted failure
correlation_id=optid-000000006a89e4e4-0000000000000033 circuit: S5D outcome was neither a verified success nor a counted failure
correlation_id=optid-000000006a89e4e4-0000000000000033 circuit: S5D outcome was neither a verified success nor a counted failure
correlation_id=optid-000000006a89e4e4-0000000000000033 circuit: S5D outcome was neither a verified success nor a counted failure
correlation_id=optid-000000006a89e4e4-0000000000000033 circuit: S5D outcome was neither a verified success nor a counted failure
correlation_id=optid-000000006a89e4e4-0000000000000033 reconciler: shadow_parity=true legacy_restore_intents=0 v1_restore_intents=0 intentional_v1_only=0
correlation_id=optid-000000006a89e4e4-0000000000000033
restore_outcomes=none
circuit_state=global_open=false open_domains=cgroup_reweight,cpu_dma_latency,platform_profile,runtime_pm records=20
timestamp=1787422043
mode=battery
on_ac=Some(false)
battery_pct=Some(92)
thermal_c=Some(35.0)
thermal_state=Cool
thermal_derating_ratio=0.00
thermal_die_sensor=hwmon:coretemp.0:coretemp:Package id 0
thermal_die_temp_c=35.0
thermal_skin_sensor=none
thermal_skin_temp_c=none
thermal_max_fan_rpm=2700
thermal_reasons:
- selected die signal hwmon:coretemp.0:coretemp:Package id 0 (package) at 35.0°C
- clamped thermal_hi to 90.0°C based on hardware T_crit 100.0°C - 10°C
- effective thresholds: lo=60.0°C hi=90.0°C
- die temp 35.0°C <= lo threshold 60.0°C; state = cool (sensor=hwmon:coretemp.0:coretemp:Package id 0)
thermal_sensor_count=31
fan_sensor_count=2
loadavg_1=Some(0.78)
cpu_pressure=avg10=0.00 avg60=0.00 avg300=0.00 total=129153995
memory_pressure=avg10=0.00 avg60=0.00 avg300=0.00 total=1028755
io_pressure=avg10=0.31 avg60=0.35 avg300=0.16 total=34332060
workload_class=idle
workload_reason=pinned override (global)
cpu_wakeup_latency=100000
device_resume_latency=1000000
reasons:
- system is on battery
actions:
- cpu.epp=power (prefer battery life through CPU energy preference)
- platform.profile=low-power (request low-power platform profile)
- systemd.set-property background.slice CPUWeight=25 IOWeight=25 (deprioritize background services on battery)
- vm.sysctl /proc/sys/vm/swappiness=60 (adjust swappiness for current mode)
- vm.sysctl /proc/sys/vm/dirty_background_bytes=67108864 (adjust dirty background bytes for current mode)
- vm.sysctl /proc/sys/vm/dirty_bytes=134217728 (adjust dirty bytes for current mode)
- cpu_dma_latency=100000 (class=idle, floor=100000us, row=contracts.idle)
- runtime_pm /sys/bus/pci/devices/0000:00:17.0 control=auto autosuspend_delay_ms=2000 (battery-idle runtime PM (class=idle, allowlist-gated))
- runtime_pm /sys/bus/pci/devices/0000:00:08.0 control=auto autosuspend_delay_ms=2000 (battery-idle runtime PM (class=idle, allowlist-gated))
- runtime_pm /sys/bus/pci/devices/0000:00:1f.0 control=auto autosuspend_delay_ms=2000 (battery-idle runtime PM (class=idle, allowlist-gated))
- runtime_pm /sys/bus/pci/devices/0000:00:04.0 control=auto autosuspend_delay_ms=2000 (battery-idle runtime PM (class=idle, allowlist-gated))
- runtime_pm /sys/bus/pci/devices/0000:00:14.3 control=auto autosuspend_delay_ms=2000 (battery-idle runtime PM (class=idle, allowlist-gated))
- runtime_pm /sys/bus/pci/devices/0000:00:16.0 control=auto autosuspend_delay_ms=2000 (battery-idle runtime PM (class=idle, allowlist-gated))
- runtime_pm /sys/bus/pci/devices/0000:01:00.0 control=auto autosuspend_delay_ms=2000 (battery-idle runtime PM (class=idle, allowlist-gated))
- runtime_pm /sys/bus/pci/devices/0000:00:1b.0 control=auto autosuspend_delay_ms=2000 (battery-idle runtime PM (class=idle, allowlist-gated))
- runtime_pm /sys/bus/pci/devices/0000:00:1f.5 control=auto autosuspend_delay_ms=2000 (battery-idle runtime PM (class=idle, allowlist-gated))
- runtime_pm /sys/bus/pci/devices/0000:07:00.0 control=auto autosuspend_delay_ms=2000 (battery-idle runtime PM (class=idle, allowlist-gated))
- runtime_pm /sys/bus/pci/devices/0000:00:1e.0 control=auto autosuspend_delay_ms=2000 (battery-idle runtime PM (class=idle, allowlist-gated))
- runtime_pm /sys/bus/pci/devices/0000:00:1f.3 control=auto autosuspend_delay_ms=2000 (battery-idle runtime PM (class=idle, allowlist-gated))
- runtime_pm /sys/bus/pci/devices/0000:00:00.0 control=auto autosuspend_delay_ms=2000 (battery-idle runtime PM (class=idle, allowlist-gated))
- runtime_pm /sys/bus/pci/devices/0000:00:1d.4 control=auto autosuspend_delay_ms=2000 (battery-idle runtime PM (class=idle, allowlist-gated))
- runtime_pm /sys/bus/pci/devices/0000:00:15.0 control=auto autosuspend_delay_ms=2000 (battery-idle runtime PM (class=idle, allowlist-gated))
- runtime_pm /sys/bus/pci/devices/0000:00:1d.0 control=auto autosuspend_delay_ms=2000 (battery-idle runtime PM (class=idle, allowlist-gated))
- runtime_pm /sys/bus/pci/devices/0000:00:1e.3 control=auto autosuspend_delay_ms=2000 (battery-idle runtime PM (class=idle, allowlist-gated))
- runtime_pm /sys/bus/pci/devices/0000:00:14.2 control=auto autosuspend_delay_ms=2000 (battery-idle runtime PM (class=idle, allowlist-gated))
- runtime_pm /sys/bus/pci/devices/0000:00:02.0 control=auto autosuspend_delay_ms=2000 (battery-idle runtime PM (class=idle, allowlist-gated))
- runtime_pm /sys/bus/pci/devices/0000:00:1e.1 control=auto autosuspend_delay_ms=2000 (battery-idle runtime PM (class=idle, allowlist-gated))
- runtime_pm /sys/bus/pci/devices/0000:00:14.0 control=auto autosuspend_delay_ms=2000 (battery-idle runtime PM (class=idle, allowlist-gated))
- runtime_pm /sys/bus/pci/devices/0000:00:1f.4 control=auto autosuspend_delay_ms=2000 (battery-idle runtime PM (class=idle, allowlist-gated))
- runtime_pm /sys/bus/pci/devices/0000:00:0a.0 control=auto autosuspend_delay_ms=2000 (battery-idle runtime PM (class=idle, allowlist-gated))
- runtime_pm /sys/bus/usb/devices/1-14 control=auto autosuspend_delay_ms=2000 (battery-idle runtime PM (class=idle, allowlist-gated))
- runtime_pm /sys/bus/usb/devices/usb1 control=auto autosuspend_delay_ms=2000 (battery-idle runtime PM (class=idle, allowlist-gated))
- runtime_pm /sys/bus/usb/devices/usb2 control=auto autosuspend_delay_ms=2000 (battery-idle runtime PM (class=idle, allowlist-gated))
- runtime_pm /sys/bus/usb/devices/1-6 control=auto autosuspend_delay_ms=2000 (battery-idle runtime PM (class=idle, allowlist-gated))
- pci_aspm /sys/bus/pci/devices/0000:01:00.0 l1_aspm=1 (battery-idle PCIe ASPM (class=idle, allowlist-gated))
- pci_aspm /sys/bus/pci/devices/0000:07:00.0 l1_aspm=1 (battery-idle PCIe ASPM (class=idle, allowlist-gated))
- sata_alpm /sys/class/scsi_host/host7 policy=med_power_with_dipm (battery-idle SATA ALPM (class=idle, allowlist-gated))
- sata_alpm /sys/class/scsi_host/host5 policy=med_power_with_dipm (battery-idle SATA ALPM (class=idle, allowlist-gated))
- sata_alpm /sys/class/scsi_host/host3 policy=med_power_with_dipm (battery-idle SATA ALPM (class=idle, allowlist-gated))
- sata_alpm /sys/class/scsi_host/host1 policy=med_power_with_dipm (battery-idle SATA ALPM (class=idle, allowlist-gated))
- sata_alpm /sys/class/scsi_host/host6 policy=med_power_with_dipm (battery-idle SATA ALPM (class=idle, allowlist-gated))
- sata_alpm /sys/class/scsi_host/host4 policy=med_power_with_dipm (battery-idle SATA ALPM (class=idle, allowlist-gated))
- sata_alpm /sys/class/scsi_host/host2 policy=med_power_with_dipm (battery-idle SATA ALPM (class=idle, allowlist-gated))
- sata_alpm /sys/class/scsi_host/host0 policy=med_power_with_dipm (battery-idle SATA ALPM (class=idle, allowlist-gated))
- backlight /sys/class/backlight/intel_backlight target=40% (battery-idle backlight floor (class=idle, allowlist-gated))
effective_config:
domains.cpu_epp=actuate
domains.platform_profile=actuate
domains.vm_sysctl=actuate
domains.cpu_dma_latency=actuate
domains.device_resume_latency=actuate
domains.runtime_pm=actuate
domains.pci_aspm=actuate
domains.sata_alpm=actuate
domains.backlight=actuate
domains.cgroup_reweight=actuate
